date,ticker,open,high,low,close,volume,target,close_lag_1,close_lag_2,close_lag_3,close_lag_4,close_lag_5,sma_5,sma_10,sma_20,rolling_std_5,rolling_std_10,daily_return,return_5d,rsi_14,volume_ratio_5,close_to_sma20,day_of_week
2023-12-11,AAPL,193.1100006103516,193.4900054931641,191.4199981689453,193.17999267578125,60943700,194.7100067138672,195.7100067138672,194.2700042724609,192.32000732421875,193.4199981689453,189.42999267578125,193.78000183105468,191.9289993286133,190.60499954223633,0.013424454154246982,0.010287211333954084,-0.012927361664163084,0.019796231563067757,54.47489092707446,1.1306104109280015,1.0135095781313666,0
2023-12-12,AAPL,193.0800018310547,194.72000122070312,191.72000122070312,194.7100067138672,52696900,197.9600067138672,193.17999267578125,195.7100067138672,194.2700042724609,192.32000732421875,193.4199981689453,194.03800354003906,192.36000061035156,191.1004997253418,0.010130801983823065,0.010464221217113694,0.007920147510585007,0.0066694682924932636,60.14961948249617,1.0309063158170677,1.0188880039231354,1
2023-12-13,AAPL,195.08999633789065,198.0,194.8500061035156,197.9600067138672,70404200,198.1100006103516,194.7100067138672,193.17999267578125,195.7100067138672,194.2700042724609,192.32000732421875,195.16600341796874,193.21900177001953,191.62649993896486,0.011127129992483371,0.010978611859213635,0.016691489332522957,0.02932611883765346,64.69287288708725,1.2355958129840736,1.0330513095888074,2
2023-12-14,AAPL,198.0200042724609,199.6199951171875,196.16000366210935,198.1100006103516,66831600,197.57000732421875,197.9600067138672,194.7100067138672,193.17999267578125,195.7100067138672,194.2700042724609,195.9340026855469,194.03500213623047,192.13150024414062,0.011012829164626124,0.011036192696835466,0.000757697976345284,0.019766285342255552,68.98316483938802,1.0982873831936966,1.0311167109954074,3
2023-12-15,AAPL,197.52999877929688,198.3999938964844,197.0,197.57000732421875,128256700,195.88999938964844,198.1100006103516,197.9600067138672,194.7100067138672,193.17999267578125,195.7100067138672,196.30600280761718,194.66800231933593,192.5245002746582,0.011153181330769441,0.01120365586983625,-0.002725724519050954,0.009503860541331122,67.84404141704923,1.6914468823745539,1.026207090746178,4
2023-12-18,AAPL,196.08999633789065,196.6300048828125,194.38999938964844,195.88999938964844,55751900,196.94000244140625,197.57000732421875,198.1100006103516,197.9600067138672,194.7100067138672,193.17999267578125,196.84800415039064,195.31400299072266,192.83450012207032,0.009768007962591174,0.011085295841541712,-0.008503355126233125,0.014028402612145552,62.00261407208767,0.7454632585381716,1.0158451898682233,0
2023-12-19,AAPL,196.16000366210935,196.9499969482422,195.88999938964844,196.94000244140625,40714100,194.8300018310547,195.88999938964844,197.57000732421875,198.1100006103516,197.9600067138672,194.7100067138672,197.29400329589845,195.66600341796874,193.1090003967285,0.009497728427201148,0.009271164939471896,0.005360166700849378,0.011452907660858491,66.5355884388069,0.5624139231431228,1.019838547332373,1
2023-12-20,AAPL,196.8999938964844,197.67999267578125,194.8300018310547,194.8300018310547,52242800,194.67999267578125,196.94000244140625,195.88999938964844,197.57000732421875,198.1100006103516,197.9600067138672,196.66800231933593,195.91700286865233,193.31850051879883,0.006590586253706778,0.009843474534644642,-0.010713925988598105,-0.015811299134459222,59.99180200850787,0.7597911675229372,1.0078187100986171,2
2023-12-21,AAPL,196.1000061035156,197.0800018310547,193.5,194.67999267578125,46482500,193.6000061035156,194.8300018310547,196.94000244140625,195.88999938964844,197.57000732421875,198.1100006103516,195.98200073242188,195.95800170898437,193.48700027465821,0.006395803147989739,0.009352313593038316,-0.0007699489496669765,-0.017313653646978566,57.388274482018105,0.7185467215750291,1.0061657496339782,3
2023-12-22,AAPL,195.17999267578125,195.41000366210935,192.97000122070312,193.6000061035156,37122800,193.0500030517578,194.67999267578125,194.8300018310547,196.94000244140625,195.88999938964844,197.57000732421875,195.18800048828126,195.74700164794922,193.66850051879882,0.006438004565239297,0.009145195881616478,-0.005547496470601709,-0.020094149281415286,59.24614199932594,0.7989786241988756,0.9996463316693228,4
2023-12-26,AAPL,193.6100006103516,193.88999938964844,192.8300018310547,193.0500030517578,28919300,193.1499938964844,193.6000061035156,194.67999267578125,194.8300018310547,196.94000244140625,195.88999938964844,194.62000122070313,195.73400268554687,193.83150100708008,0.005933751106564141,0.008196133516631659,-0.0028409247645565516,-0.014497913863594114,49.03193403992673,0.7036959531636668,0.9959681581617958,1
2023-12-27,AAPL,192.4900054931641,193.5,191.08999633789065,193.1499938964844,48087700,193.5800018310547,193.0500030517578,193.6000061035156,194.67999267578125,194.8300018310547,196.94000244140625,193.86199951171875,195.5780014038086,193.96900100708007,0.004460290299094367,0.007717938664126175,0.0005179530854488856,-0.019244483080827934,52.29151254825773,1.1295876866469254,0.9957776391776861,2
2023-12-28,AAPL,194.13999938964844,194.66000366210935,193.1699981689453,193.5800018310547,34049900,192.52999877929688,193.1499938964844,193.0500030517578,193.6000061035156,194.67999267578125,194.8300018310547,193.61199951171875,195.14000091552734,194.17950134277345,0.0030180635566152136,0.004933275424404044,0.002226290179438095,-0.006415849654838768,47.920430004672454,0.8745894169489505,0.9969126529444501,3
2023-12-29,AAPL,193.8999938964844,194.3999938964844,191.72999572753903,192.52999877929688,42628800,185.63999938964844,193.5800018310547,193.1499938964844,193.0500030517578,193.6000061035156,194.67999267578125,193.18200073242187,194.58200073242188,194.30850143432616,0.003499639642792424,0.004905377674992725,-0.005424129774904141,-0.011043733189701532,40.1851773360272,1.1170571541624195,0.9908470157409432,4
2024-01-02,AAPL,187.1499938964844,188.44000244140625,183.88999938964844,185.63999938964844,82488700,184.25,192.52999877929688,193.5800018310547,193.1499938964844,193.0500030517578,193.6000061035156,191.58999938964843,193.38899993896484,194.02850112915038,0.01566954450956888,0.011511298651532687,-0.03578662771169838,-0.04111573586217265,31.663451883264457,1.746351425048608,0.9567666518543152,1
2024-01-03,AAPL,184.22000122070312,185.8800048828125,183.42999267578125,184.25,58414500,181.91000366210935,185.63999938964844,192.52999877929688,193.5800018310547,193.1499938964844,193.0500030517578,189.8299987792969,192.225,193.76950149536134,0.01540321846825259,0.011492674241823332,-0.007487607165581278,-0.045584060671568505,24.387836308000473,1.0993824660405256,0.9508720339274381,2
2024-01-04,AAPL,182.1499938964844,183.08999633789065,180.8800048828125,181.91000366210935,71983600,181.17999267578125,184.25,185.63999938964844,192.52999877929688,193.5800018310547,193.1499938964844,187.58200073242188,190.7220001220703,193.19400177001953,0.01442348654828981,0.01090499737919263,-0.012700115809447188,-0.05819306543907499,8.867228163149534,1.2429588469620863,0.9415923993264409,3
2024-01-05,AAPL,181.9900054931641,182.75999450683597,180.1699981689453,181.17999267578125,62303300,185.55999755859372,181.91000366210935,184.25,185.63999938964844,192.52999877929688,193.5800018310547,185.10199890136718,189.35699920654298,192.63700103759766,0.01311327867850729,0.01091551552298719,-0.004013033761925855,-0.064056250841941,7.864613832855198,0.980169838861062,0.9405254011425339,4
2024-01-08,AAPL,182.08999633789065,185.6000061035156,181.5,185.55999755859372,59144500,185.13999938964844,181.17999267578125,181.91000366210935,184.25,185.63999938964844,192.52999877929688,183.70799865722657,188.44499969482422,192.2015007019043,0.021459626033057105,0.014728202829370443,0.024174881663950654,-0.036202156884097225,24.90597967962303,0.8845106070385775,0.9654451025665441,0
2024-01-09,AAPL,183.9199981689453,185.1499938964844,182.72999572753903,185.13999938964844,42841800,186.19000244140625,185.55999755859372,181.17999267578125,181.91000366210935,184.25,185.63999938964844,183.60799865722657,187.5989990234375,191.67300033569336,0.014334934618582144,0.014743516631202824,-0.002263409002323691,-0.002693385055181574,26.290265477195234,0.726901733597975,0.965915903989591,1
2024-01-10,AAPL,184.3500061035156,186.3999938964844,183.9199981689453,186.19000244140625,46792900,185.58999633789065,185.13999938964844,185.55999755859372,181.17999267578125,181.91000366210935,184.25,183.99599914550782,186.91299896240236,191.3235008239746,0.01392371995473188,0.015082776785275897,0.005671400319862574,0.010529185570725907,26.290265477195234,0.826536628723821,0.9731684902248816,2
2024-01-11,AAPL,186.5399932861328,187.0500030517578,183.6199951171875,185.58999633789065,49128400,185.9199981689453,186.19000244140625,185.13999938964844,185.55999755859372,181.17999267578125,181.91000366210935,184.73199768066405,186.15699920654296,190.86750030517578,0.011889065352612643,0.015018071190140444,-0.0032225473744457167,0.020229743288976865,28.166358149996043,0.9440111847735817,0.9723499078740645,3
2024-01-12,AAPL,186.05999755859372,186.7400054931641,185.19000244140625,185.9199981689453,40444700,183.6300048828125,185.58999633789065,186.19000244140625,185.13999938964844,185.55999755859372,181.17999267578125,185.67999877929688,185.39099884033203,190.2654998779297,0.011164850420011158,0.014998471843814106,0.0017781229460980263,0.026161859392754394,29.47518803551411,0.8484226919564023,0.977160853061788,4
2024-01-16,AAPL,182.16000366210935,184.25999450683597,180.92999267578125,183.6300048828125,65603000,182.67999267578125,185.9199981689453,185.58999633789065,186.19000244140625,185.13999938964844,185.55999755859372,185.29400024414062,184.5009994506836,189.54150009155273,0.0067287804528745766,0.015231488253709659,-0.012317089655153213,-0.010400909146228043,27.8935850884873,1.3398714435801036,0.9688116048153842,1
2024-01-17,AAPL,181.2700042724609,182.92999267578125,180.3000030517578,182.67999267578125,47317400,188.6300048828125,183.6300048828125,185.9199981689453,185.58999633789065,186.19000244140625,185.13999938964844,184.8019989013672,184.2049987792969,188.79699935913087,0.0068739088123729135,0.01066149620070525,-0.005173512943255187,-0.01328727839460464,27.40741183987521,0.9490569882673102,0.9676000852549896,2
2024-01-18,AAPL,186.08999633789065,189.13999938964844,185.8300018310547,188.6300048828125,78005800,191.55999755859372,182.67999267578125,183.6300048828125,185.9199981689453,185.58999633789065,186.19000244140625,185.28999938964844,184.64299926757812,188.43399963378906,0.017433342044871618,0.014877016604469988,0.032570683411353496,0.013104905791996524,42.15281015555453,1.390481188366602,1.0010401798476092,3
2024-01-19,AAPL,189.3300018310547,191.9499969482422,188.82000732421875,191.55999755859372,68741000,193.88999938964844,188.6300048828125,182.67999267578125,183.6300048828125,185.9199981689453,185.58999633789065,186.48399963378907,185.60799865722657,188.16499938964844,0.017846031879795752,0.014352036373340251,0.015533014896551123,0.03216768866051334,46.773159575074814,1.1452561527883434,1.0180426656389745,4
2024-01-22,AAPL,192.3000030517578,195.3300018310547,192.25999450683597,193.88999938964844,60133900,195.17999267578125,191.55999755859372,188.6300048828125,182.67999267578125,183.6300048828125,185.9199981689453,188.0779998779297,186.87899932861328,188.1179992675781,0.017766413316736278,0.014098382250321647,0.012163300588589943,0.04286790716005062,52.087168907320994,0.9401765659968024,1.0306828700312736,0
2024-01-23,AAPL,195.0200042724609,195.75,193.8300018310547,195.17999267578125,42355600,194.5,193.88999938964844,191.55999755859372,188.6300048828125,182.67999267578125,183.6300048828125,190.38799743652345,187.84099884033202,188.14299926757812,0.013771068013309188,0.012734552887124932,0.006653222395139657,0.06289815109649233,67.67973314677444,0.7141303581779623,1.0374023664744234,1
2024-01-24,AAPL,195.4199981689453,196.3800048828125,194.33999633789065,194.5,53631300,194.1699981689453,195.17999267578125,193.88999938964844,191.55999755859372,188.6300048828125,182.67999267578125,192.7519989013672,188.7769989013672,188.18799896240233,0.013244246406402796,0.01281895533298031,-0.0034839261261312426,0.06470334901532859,69.50893106076103,0.8853918345838248,1.0335409328565035,2
2024-01-25,AAPL,195.22000122070312,196.2700042724609,193.1100006103516,194.1699981689453,54822100,192.4199981689453,194.5,195.17999267578125,193.88999938964844,191.55999755859372,188.6300048828125,193.85999755859376,189.5749984741211,188.2439987182617,0.008341713874859293,0.012987817899268617,-0.0016966675118492702,0.029369629129652797,75.2678933646981,0.9800725032795953,1.0314804163268592,3
2024-01-26,AAPL,194.2700042724609,194.75999450683597,191.94000244140625,192.4199981689453,44594000,191.72999572753903,194.1699981689453,194.5,195.17999267578125,193.88999938964844,191.55999755859372,194.03199768066406,190.25799865722655,188.20749893188477,0.008428849239870435,0.013479250113231294,-0.009012720896651283,0.004489458244477884,72.2310111779019,0.8725550008628891,1.0223822071966702,4
2024-01-29,AAPL,192.00999450683597,192.1999969482422,189.5800018310547,191.72999572753903,47145600,188.0399932861328,192.4199981689453,194.1699981689453,194.5,195.17999267578125,193.88999938964844,193.5999969482422,190.83899841308593,188.114998626709,0.005670364123694873,0.013669677853976991,-0.003585918553020928,-0.011140356227288373,64.28901078009196,0.971879450139065,1.0192169530724318,0
2024-01-30,AAPL,190.94000244140625,191.8000030517578,187.47000122070312,188.0399932861328,55859400,184.3999938964844,191.72999572753903,192.4199981689453,194.1699981689453,194.5,195.17999267578125,192.1719970703125,191.27999725341797,187.89049835205077,0.007164761470048846,0.014679883136956782,-0.01924582758897031,-0.03658161521457215,55.832646913319586,1.090780637088346,1.0007956492499261,1
2024-01-31,AAPL,187.0399932861328,187.1000061035156,184.3500061035156,184.3999938964844,55467800,186.8600006103516,188.0399932861328,191.72999572753903,192.4199981689453,194.1699981689453,194.5,190.15199584960936,191.45199737548828,187.82849807739257,0.008402821397715416,0.016115738862132502,-0.01935758093816553,-0.05192805194609562,46.739512297077695,1.0754204620671926,0.9817466240959054,2
2024-02-01,AAPL,183.9900054931641,186.9499969482422,183.82000732421875,186.8600006103516,64885400,185.8500061035156,184.3999938964844,188.0399932861328,191.72999572753903,192.4199981689453,194.1699981689453,188.68999633789062,191.27499694824218,187.95899810791016,0.013513692724373545,0.012728461818958238,0.013340600842146166,-0.03764741014331863,52.16650241740553,1.210764457242747,0.9941529934261109,3
2024-02-02,AAPL,179.86000061035156,187.3300018310547,179.25,185.8500061035156,102518000,187.67999267578125,186.8600006103516,184.3999938964844,188.0399932861328,191.72999572753903,192.4199981689453,187.3759979248047,190.70399780273436,188.15599822998047,0.01351386772997931,0.011381382270260506,-0.0054050867148506265,-0.03414401895826469,49.88330768154465,1.572959301722556,0.9877442539799008,4
2024-02-05,AAPL,188.1499938964844,189.25,185.83999633789065,187.67999267578125,69668800,189.3000030517578,185.8500061035156,186.8600006103516,184.3999938964844,188.0399932861328,191.72999572753903,186.5659973144531,190.08299713134767,188.48099822998046,0.015512527729186387,0.011058260254706506,0.009846577950857638,-0.02112347124605951,56.85741273346774,0.9998409870969927,0.9957502052635469,0
2024-02-06,AAPL,186.8600006103516,189.30999755859372,186.7700042724609,189.3000030517578,43490800,189.41000366210935,187.67999267578125,185.8500061035156,186.8600006103516,184.3999938964844,188.0399932861328,186.81799926757813,189.4949981689453,188.66799850463866,0.013632744139493449,0.011269716259686544,0.0086317691773099,0.006700754151313326,60.96028318698534,0.6471252039991572,1.0033498237757772,1
2024-02-07,AAPL,190.63999938964844,191.0500030517578,188.6100006103516,189.41000366210935,53439000,188.32000732421875,189.3000030517578,187.67999267578125,185.8500061035156,186.8600006103516,184.3999938964844,187.82000122070312,188.98599853515626,188.88149871826172,0.00763611980662278,0.011323381680192453,0.0005810914346444651,0.02716925125516756,51.60098367884859,0.7999802396392836,1.0027980768229499,2
2024-02-08,AAPL,189.38999938964844,189.5399932861328,187.3500061035156,188.32000732421875,40962000,188.8500061035156,189.41000366210935,189.3000030517578,187.67999267578125,185.8500061035156,186.8600006103516,188.11200256347655,188.4009994506836,188.98799896240234,0.007443969524633816,0.011360448834438965,-0.005754692554861274,0.007813372091931114,42.806412488904925,0.6605099481228308,0.9964654282713661,3
2024-02-09,AAPL,188.6499938964844,189.9900054931641,188.0,188.8500061035156,45155200,187.1499938964844,188.32000732421875,189.41000366210935,189.3000030517578,187.67999267578125,185.8500061035156,188.71200256347657,188.04400024414062,189.1509994506836,0.0063417703213353785,0.011279842900116386,0.0028143519471321987,0.01614204951023268,37.8378457992274,0.8933988298317715,0.9984087139478929,4
2024-02-12,AAPL,188.4199981689453,188.6699981689453,186.7899932861328,187.1499938964844,41781900,185.0399932861328,188.8500061035156,188.32000732421875,189.41000366210935,189.3000030517578,187.67999267578125,188.6060028076172,187.58600006103515,189.21249923706054,0.006989756238465149,0.011502234506639232,-0.009001917670573678,-0.002823949275256088,30.99858749718365,0.92919326652401,0.9890995291067316,0
2024-02-13,AAPL,185.7700042724609,186.2100067138672,183.50999450683597,185.0399932861328,56529500,184.1499938964844,187.1499938964844,188.8500061035156,188.32000732421875,189.41000366210935,189.3000030517578,187.75400085449218,187.28600006103517,189.28299865722656,0.006063153754714822,0.010427605773912297,-0.01127438246948953,-0.02250401319042894,29.033684975173998,1.1882555673828634,0.9775838009689533,1
2024-02-14,AAPL,185.32000732421875,185.52999877929688,182.44000244140625,184.1499938964844,54630500,183.8600006103516,185.0399932861328,187.1499938964844,188.8500061035156,188.32000732421875,189.41000366210935,186.70199890136718,187.26100006103516,189.35649871826172,0.005367057766434982,0.008506190932520788,-0.004809767736384307,-0.02777049608746296,28.33045031227043,1.142614943334096,0.9725042189889457,2
2024-02-15,AAPL,183.5500030517578,184.4900054931641,181.3500061035156,183.8600006103516,65434500,182.30999755859372,184.1499938964844,185.0399932861328,187.1499938964844,188.8500061035156,188.32000732421875,185.80999755859375,186.96100006103515,189.11799850463868,0.005655740612473623,0.007074069154364618,-0.0015747667431138535,-0.023683127338608556,30.240082845488928,1.2414924813570745,0.972197263423565,3
2024-02-16,AAPL,183.4199981689453,184.8500061035156,181.6699981689453,182.30999755859372,49701400,181.55999755859372,183.8600006103516,184.1499938964844,185.0399932861328,187.1499938964844,188.8500061035156,184.5019958496094,186.60699920654298,188.65549850463867,0.003825980735275182,0.00731569059698886,-0.008430343993323208,-0.034630703381269945,29.085265582154477,0.9269958198702019,0.9663646117057705,4
2024-02-20,AAPL,181.7899932861328,182.42999267578125,180.0,181.55999755859372,53665600,182.32000732421875,182.30999755859372,183.8600006103516,184.1499938964844,185.0399932861328,187.1499938964844,183.38399658203124,185.99499969482423,188.03899841308595,0.0038168786558029355,0.006047787776984802,-0.004113872031395016,-0.0298690703724126,33.45251501135827,0.9584460720491925,0.9655443769155848,1
2024-02-21,AAPL,181.94000244140625,182.88999938964844,180.66000366210935,182.32000732421875,41529700,184.3699951171875,181.55999755859372,182.30999755859372,183.8600006103516,184.1499938964844,185.0399932861328,182.83999938964843,185.2970001220703,187.3959991455078,0.004681378702698858,0.005174061203192095,0.004185997884141646,-0.014699449095353478,43.772499844671046,0.7836925110308396,0.9729130192510264,2
2024-02-22,AAPL,183.47999572753903,184.9600067138672,182.4600067138672,184.3699951171875,52292200,182.5200042724609,182.32000732421875,181.55999755859372,182.30999755859372,183.8600006103516,184.1499938964844,182.88399963378907,184.79299926757812,186.88949890136718,0.0076498150711164035,0.006955156120500012,0.011243899246467626,0.0011946849198745113,42.35725439100164,0.9955738902169419,0.9865187514601376,3
2024-02-23,AAPL,185.00999450683597,185.0399932861328,182.22999572753903,182.5200042724609,45119700,181.16000366210935,184.3699951171875,182.32000732421875,181.55999755859372,182.30999755859372,183.8600006103516,182.61600036621093,184.21299896240234,186.30699920654297,0.00897783433808041,0.007289551946933457,-0.010034121026855414,-0.007288134088123344,40.28019892555969,0.9310379408737453,0.9796733619766816,4
2024-02-26,AAPL,182.2400054931641,182.75999450683597,180.6499938964844,181.16000366210935,40867400,182.6300048828125,182.5200042724609,184.3699951171875,182.32000732421875,181.55999755859372,182.30999755859372,182.38600158691403,183.44399871826172,185.74399948120117,0.00879579771948286,0.007084129640144152,-0.007451241390074692,-0.00630790363602951,30.432210142604504,0.8752001288362845,0.9753208941774952,0
2024-02-27,AAPL,181.1000061035156,183.9199981689453,179.55999755859375,182.6300048828125,54318900,181.4199981689453,181.16000366210935,182.5200042724609,184.3699951171875,182.32000732421875,181.55999755859372,182.6000030517578,182.99199981689452,185.28899993896485,0.00946907483951227,0.007806132764386129,0.008114380608232441,0.005893409003122851,29.800119963142293,1.1600262078974783,0.9856494715982695,1
2024-02-28,AAPL,182.50999450683597,183.1199951171875,180.1300048828125,181.4199981689453,48953900,180.75,182.6300048828125,181.16000366210935,182.5200042724609,184.3699951171875,182.32000732421875,182.4200012207031,182.63000030517577,184.95800018310547,0.009846983637047318,0.0073446429057909355,-0.006625454095802064,-0.004936425620436502,27.314011311086176,1.0133196937637885,0.9808713220803772,2
2024-02-29,AAPL,181.2700042724609,182.57000732421875,179.52999877929688,180.75,136682600,179.66000366210938,181.4199981689453,182.6300048828125,181.16000366210935,182.5200042724609,184.3699951171875,181.6960021972656,182.29000091552734,184.77550048828124,0.007107176501874276,0.007304704053125199,-0.003693077806788292,-0.01963440480044809,27.981366349359718,2.096728717488514,0.9782141004752058,3
2024-03-01,AAPL,179.5500030517578,180.52999877929688,177.3800048828125,179.66000366210938,73488000,175.10000610351562,180.75,181.4199981689453,182.6300048828125,181.16000366210935,182.5200042724609,181.1240020751953,181.87000122070313,184.41550064086914,0.0064431473585678046,0.007421824295755166,-0.00603040850838521,-0.01566951864674626,24.112669179137526,1.0370556020307595,0.9742131384713663,4
2024-03-04,AAPL,176.14999389648438,176.89999389648438,173.7899932861328,175.10000610351562,81510100,170.1199951171875,179.66000366210938,180.75,181.4199981689453,182.6300048828125,181.16000366210935,179.91200256347656,181.1490020751953,183.87800064086915,0.012020276797517672,0.010342702184569483,-0.025381261636673647,-0.033451078803776846,20.766626983422015,1.0318948939558708,0.9522618556501614,0
2024-03-05,AAPL,170.75999450683594,172.0399932861328,169.6199951171875,170.1199951171875,95132400,169.1199951171875,175.10000610351562,179.66000366210938,180.75,181.4199981689453,182.6300048828125,177.41000061035157,180.0050018310547,183.00000076293946,0.011855371489770011,0.012918355604633322,-0.028440952671264008,-0.06849920293027567,18.2282775046548,1.0915512188853218,0.9296174557811238,1
2024-03-06,AAPL,171.05999755859375,171.24000549316406,168.67999267578125,169.1199951171875,68587700,169.0,170.1199951171875,175.10000610351562,179.66000366210938,180.75,181.4199981689453,174.95,178.68500061035155,181.99100036621093,0.011976210383432264,0.012381928535451715,-0.005878203789690617,-0.0677984961740743,18.14327869319041,0.7530476450634255,0.9292766937753857,2
2024-03-07,AAPL,169.14999389648438,170.72999572753906,168.49000549316406,169.0,71765100,170.72999572753906,169.1199951171875,170.1199951171875,175.10000610351562,179.66000366210938,180.75,172.6,177.14800109863282,180.97050018310546,0.012665451645384277,0.010864143833914036,-0.0007095264939214196,-0.06500691562932226,18.27497486730013,0.9189266224701543,0.933853859214658,3
2024-03-08,AAPL,169.0,173.6999969482422,168.94000244140625,170.72999572753906,76114600,172.75,169.0,169.1199951171875,170.1199951171875,175.10000610351562,179.66000366210938,170.81399841308593,175.96900024414063,180.09099960327148,0.016503563966321418,0.012357929210575545,0.010236661109698675,-0.04970504148138155,25.466088297991476,0.9681084093786496,0.9480207012213043,4
2024-03-11,AAPL,172.94000244140625,174.3800048828125,172.0500030517578,172.75,60139500,173.22999572753906,170.72999572753906,169.0,169.1199951171875,170.1199951171875,175.10000610351562,170.3439971923828,175.12799987792968,179.2859992980957,0.016241345211418474,0.013645258975959501,0.01183157220764297,-0.013420936731014965,32.28789849559489,0.8088934906801621,0.9635442849766065,0
2024-03-12,AAPL,173.14999389648438,174.02999877929688,171.00999450683594,173.22999572753906,59825400,171.1300048828125,172.75,170.72999572753906,169.0,169.1199951171875,170.1199951171875,170.96599731445312,174.18799896240233,178.58999938964843,0.00743091117392157,0.013186960667657828,0.002778557033511264,0.01828121737370858,31.51683897714534,0.8891149868784893,0.9699871007311284,1
2024-03-13,AAPL,172.77000427246094,173.19000244140625,170.75999450683594,171.1300048828125,52488700,173.0,173.22999572753906,172.75,170.72999572753906,169.0,169.1199951171875,171.3679992675781,173.15899963378905,177.8944999694824,0.009631782661084278,0.0133667419673852,-0.012122559005482425,0.011885110120966047,23.133119396385766,0.8192826034633303,0.9619746811293752,2
2024-03-14,AAPL,172.91000366210938,174.30999755859375,172.0500030517578,173.0,72913500,172.6199951171875,171.1300048828125,173.22999572753906,172.75,170.72999572753906,169.0,172.16799926757812,172.38399963378907,177.3370002746582,0.010086866411448622,0.014377024789533963,0.010927336316434166,0.023668639053254337,30.697468066977905,1.1340225586713022,0.9755437372463666,3
2024-03-15,AAPL,171.1699981689453,172.6199951171875,170.2899932861328,172.6199951171875,121664700,173.72000122070312,173.0,171.1300048828125,173.22999572753906,172.75,170.72999572753906,172.5459991455078,171.67999877929688,176.775,0.009921242513066987,0.014376245569214421,-0.002196560016257232,0.011070107403180707,31.96788178558826,1.6574136083031497,0.9764955175629331,4
2024-03-18,AAPL,175.57000732421875,177.7100067138672,173.52000427246094,173.72000122070312,75604200,176.0800018310547,172.6199951171875,173.0,171.1300048828125,173.22999572753906,172.75,172.73999938964843,171.54199829101563,176.34550018310546,0.008844240821947782,0.012485769878718076,0.006372414173507979,0.005615057717528904,30.888021031077926,0.988299239339445,0.9851116191812312,0
2024-03-19,AAPL,174.33999633789062,176.61000061035156,173.02999877929688,176.0800018310547,55215200,178.6699981689453,173.72000122070312,172.6199951171875,173.0,171.1300048828125,173.22999572753906,173.31000061035155,172.13799896240235,176.0715003967285,0.010505540825090842,0.008580507998364347,0.013585082856137465,0.016452151323713027,39.0842228058465,0.7305795420474359,1.0000482839886469,1
2024-03-20,AAPL,175.72000122070312,178.6699981689453,175.08999633789062,178.6699981689453,53423100,171.3699951171875,176.0800018310547,173.72000122070312,172.6199951171875,173.0,171.1300048828125,174.81799926757813,173.09299926757814,175.88899993896484,0.006875429905139882,0.008554783740015351,0.014709202129471022,0.04406003080112164,46.05761438745887,0.705123822431034,1.0158110980842776,2
2024-03-21,AAPL,177.0500030517578,177.49000549316406,170.83999633789062,171.3699951171875,106181300,172.27999877929688,178.6699981689453,176.0800018310547,173.72000122070312,172.6199951171875,173.0,174.49199829101562,173.3299987792969,175.23899993896484,0.022921663210991792,0.017033428369058055,-0.04085746418856029,-0.009421993542268803,37.281360115890024,1.28833126864739,0.9779215538600146,3
2024-03-22,AAPL,171.75999450683594,173.0500030517578,170.05999755859375,172.27999877929688,71106600,170.85000610351562,171.3699951171875,178.6699981689453,176.0800018310547,173.72000122070312,172.6199951171875,174.4239990234375,173.48499908447266,174.72699966430665,0.023124110536647556,0.01682346445098583,0.005310169154682409,-0.001969623146263033,45.12783848251513,0.9834110769108213,0.9859952904261444,4
2024-03-25,AAPL,170.57000732421875,171.94000244140625,169.4499969482422,170.85000610351562,54288300,169.7100067138672,172.27999877929688,171.3699951171875,178.6699981689453,176.0800018310547,173.72000122070312,173.85,173.2949996948242,174.21149978637695,0.023016082928995134,0.016590711445951523,-0.0083003986876804,-0.016520809906864442,51.43759638163944,0.7978540009317651,0.9807045247473142,0
2024-03-26,AAPL,170.0,171.4199981689453,169.5800018310547,169.7100067138672,57388400,173.30999755859375,170.85000610351562,172.27999877929688,171.3699951171875,178.6699981689453,176.0800018310547,172.5760009765625,172.94300079345703,173.56549987792968,0.02104058185331701,0.01662201348377392,-0.006672515943357493,-0.03617670973958409,51.15552678717113,0.8380616476584878,0.977786523434818,1
2024-03-27,AAPL,170.41000366210938,173.60000610351562,170.11000061035156,173.30999755859375,60273300,171.47999572753906,169.7100067138672,170.85000610351562,172.27999877929688,171.3699951171875,178.6699981689453,171.50400085449218,173.16100006103517,173.1599998474121,0.02285353735940151,0.017659828030605503,0.021212602099510702,-0.029999444032474343,57.42847404636445,0.8629261028084294,1.000866237649075,2
2024-03-28,AAPL,171.75,172.22999572753906,170.50999450683594,171.47999572753906,65672700,170.02999877929688,173.30999755859375,169.7100067138672,170.85000610351562,172.27999877929688,171.3699951171875,171.5260009765625,173.00899963378907,172.69649963378907,0.013256038912294153,0.017680169819907297,-0.010559124440792766,0.0006418895575992511,51.288217755766986,1.0635968144261008,0.9929558276581768,3
2024-04-01,AAPL,171.19000244140625,171.25,169.47999572753906,170.02999877929688,46240500,168.83999633789062,171.47999572753906,173.30999755859375,169.7100067138672,170.85000610351562,172.27999877929688,171.0760009765625,172.75,172.21499938964843,0.013358028055684446,0.017847482876793136,-0.008455779008450959,-0.013060134757038266,45.23475242675883,0.8144856395615916,0.9873123675748601,0
2024-04-02,AAPL,169.0800018310547,169.33999633789062,168.22999572753906,168.83999633789062,49329500,169.64999389648438,170.02999877929688,171.47999572753906,173.30999755859375,169.7100067138672,170.85000610351562,170.6739990234375,172.26199951171876,171.9019989013672,0.01323014070866769,0.017703644549286947,-0.006998779332762939,-0.01176476262112136,42.495723624321634,0.8843442412525582,0.9821875104242769,1
2024-04-03,AAPL,168.7899932861328,170.67999267578125,168.5800018310547,169.64999389648438,47691700,168.82000732421875,168.83999633789062,170.02999877929688,171.47999572753906,173.30999755859375,169.7100067138672,170.66199645996093,171.6189987182617,171.87849884033204,0.013275616848300227,0.017009830519679338,0.004797427008780275,-0.00035361979263837107,47.35334149027552,0.8857788985976256,0.9870344169929139,2
2024-04-04,AAPL,170.2899932861328,171.9199981689453,168.82000732421875,168.82000732421875,53704400,169.5800018310547,169.64999389648438,168.83999633789062,170.02999877929688,171.47999572753906,173.30999755859375,169.76399841308594,170.63399963378907,171.8634994506836,0.005970694208412837,0.015750685346952304,-0.00489234660846527,-0.02590727769675838,42.23626424702476,1.022400346026558,0.982291224511356,3
2024-04-05,AAPL,169.58999633789062,170.38999938964844,168.9499969482422,169.5800018310547,42055200,168.4499969482422,168.82000732421875,169.64999389648438,168.83999633789062,170.02999877929688,171.47999572753906,169.38399963378907,170.4550003051758,171.89249954223632,0.006389238711080242,0.009892039892473845,0.004501803541427263,-0.01107997401343086,44.43224112711702,0.8797374961980375,0.9865468376029204,4
2024-04-08,AAPL,169.02999877929688,169.1999969482422,168.24000549316406,168.4499969482422,37425500,169.6699981689453,169.5800018310547,168.82000732421875,169.64999389648438,168.83999633789062,170.02999877929688,169.06799926757813,170.0720001220703,171.77849960327148,0.00598894307742215,0.009766474907838264,-0.0066635503633162285,-0.009292488633759088,40.35856237825198,0.8128687181888593,0.9806232871825252,0
2024-04-09,AAPL,168.6999969482422,170.0800018310547,168.35000610351562,169.6699981689453,42451200,167.77999877929688,168.4499969482422,169.5800018310547,168.82000732421875,169.64999389648438,168.83999633789062,169.23399963378907,169.9539993286133,171.62449951171874,0.006306777223834205,0.009923818564670327,0.007242512572309456,0.004915907658477048,37.76248466254094,0.9504226966614128,0.9886117579463649,1
2024-04-10,AAPL,168.8000030517578,169.08999633789062,167.11000061035156,167.77999877929688,49709300,175.0399932861328,169.6699981689453,168.4499969482422,169.5800018310547,168.82000732421875,169.64999389648438,168.86000061035156,169.76099853515626,171.35199966430665,0.007764619042463954,0.010317780511109704,-0.01113926687125033,-0.01102266539619512,28.63866206208759,1.10295696920641,0.9791540169241816,2
2024-04-11,AAPL,168.33999633789062,175.4600067138672,168.16000366210938,175.0399932861328,91070300,176.5500030517578,167.77999877929688,169.6699981689453,168.4499969482422,169.5800018310547,168.82000732421875,170.10399780273437,169.93399810791016,171.54749908447266,0.02142793688902903,0.016262355364177188,0.04327091762818491,0.036843891079619384,57.21022202316821,1.7332758558342516,1.0203587590626453,3
2024-04-12,AAPL,174.25999450683594,178.36000061035156,174.2100067138672,176.5500030517578,101593300,172.69000244140625,175.0399932861328,167.77999877929688,169.6699981689453,168.4499969482422,169.5800018310547,171.497998046875,170.44099884033204,171.72499923706056,0.021365730171664033,0.015859401049661662,0.00862665575607413,0.04110155174810681,58.195794192984934,1.5763138263011032,1.028097270846608,4
2024-04-15,AAPL,175.36000061035156,176.6300048828125,172.5,172.69000244140625,73531800,169.3800048828125,176.5500030517578,175.0399932861328,167.77999877929688,169.6699981689453,168.4499969482422,172.34599914550782,170.70699920654297,171.72849960327147,0.024822919762411817,0.017427449403656422,-0.021863497839872292,0.02517070685650924,53.23033286471103,1.025960504626825,1.005598970702918,0
2024-04-16,AAPL,171.75,173.75999450683594,168.27000427246094,169.3800048828125,73711200,168.0,172.69000244140625,176.5500030517578,175.0399932861328,167.77999877929688,169.6699981689453,172.28800048828126,170.76100006103516,171.51149978637696,0.027001190088636166,0.018493613944186988,-0.019167279586534414,-0.0017091606604725529,49.461660585549595,0.9459470211559641,0.9875722916176507,1
2024-04-17,AAPL,169.61000061035156,170.64999389648438,168.0,168.0,50901200,167.0399932861328,169.3800048828125,172.69000244140625,176.5500030517578,175.0399932861328,167.77999877929688,172.33200073242188,170.59600067138672,171.1074996948242,0.02672587495670898,0.018609837270485024,-0.008147389556206863,0.0013112481958741373,40.66127519069466,0.6512306049162785,0.9818389041955113,2
2024-04-18,AAPL,168.02999877929688,168.63999938964844,166.5500030517578,167.0399932861328,43122900,165.0,168.0,169.3800048828125,172.69000244140625,176.5500030517578,175.0399932861328,170.73200073242188,170.41799926757812,170.5259994506836,0.012152615723756624,0.01863161015366812,-0.0057143256777808515,-0.04570384087551138,41.94484246240115,0.628869650738318,0.9795573333346218,3
2024-04-19,AAPL,166.2100067138672,166.39999389648438,164.0800018310547,165.0,67772100,165.83999633789062,167.0399932861328,168.0,169.3800048828125,172.69000244140625,176.5500030517578,168.4220001220703,169.95999908447266,170.2074996948242,0.006945493431603881,0.018841183849206654,-0.012212603975853775,-0.06542057690235092,41.06571959163894,1.096496819820916,0.9694049927050156,4
2024-04-22,AAPL,165.52000427246094,167.25999450683594,164.77000427246094,165.83999633789062,48116400,166.89999389648438,165.0,167.0399932861328,168.0,169.3800048828125,172.69000244140625,167.0519989013672,169.6989990234375,169.8854995727539,0.008931222947142686,0.018924371967506466,0.005090886896306879,-0.03966648912313164,44.60431417750699,0.8482433420608567,0.9761868832535011,0
2024-04-23,AAPL,165.35000610351562,167.0500030517578,164.9199981689453,166.89999389648438,49537800,169.02000427246094,165.83999633789062,165.0,167.0399932861328,168.0,169.3800048828125,166.55599670410157,169.4219985961914,169.68799896240233,0.008251790408915346,0.01888305943588029,0.006391688265803275,-0.014641698635231126,45.09803708240946,0.9546680213250779,0.9835698158799333,1
2024-04-24,AAPL,166.5399932861328,169.3000030517578,166.2100067138672,169.02000427246094,48251800,169.88999938964844,166.89999389648438,165.83999633789062,165.0,167.0399932861328,168.0,166.75999755859374,169.5459991455078,169.65349884033202,0.010026061068469061,0.019033389615840196,0.012702279529689164,0.006071454002743781,50.34082629378514,0.9394784288223177,0.9962659504684469,2
2024-04-25,AAPL,169.52999877929688,170.61000061035156,168.14999389648438,169.88999938964844,50558300,169.3000030517578,169.02000427246094,166.89999389648438,165.83999633789062,165.0,167.0399932861328,167.3299987792969,169.03099975585937,169.48249893188478,0.00928904289635595,0.012191345598415705,0.005147290824730311,0.017061818834209763,50.52631142631536,0.9566868909809549,1.0024043807492327,3
2024-04-26,AAPL,169.8800048828125,171.33999633789062,169.17999267578125,169.3000030517578,44838400,173.5,169.88999938964844,169.02000427246094,166.89999389648438,165.83999633789062,165.0,168.18999938964845,168.30599975585938,169.3734992980957,0.005764823176957403,0.011499423920787864,-0.003472813820767917,0.026060624556107914,51.47008992708928,0.9290903085626476,0.9995660699776383,4
2024-04-29,AAPL,173.3699951171875,176.02999877929688,173.10000610351562,173.5,68169400,170.3300018310547,169.3000030517578,169.88999938964844,169.02000427246094,166.89999389648438,165.83999633789062,169.7220001220703,168.38699951171876,169.54699935913087,0.010497041024274711,0.012887260049994518,0.024808014604454476,0.046189121027852,56.00502023260921,1.3041498616636256,1.0233150728459426,0
2024-04-30,AAPL,173.3300018310547,174.99000549316406,170.0,170.3300018310547,65934800,169.3000030517578,173.5,169.3000030517578,169.88999938964844,169.02000427246094,166.89999389648438,170.4080017089844,168.48199920654298,169.62149963378906,0.016291773587879758,0.012737175333769628,-0.01827088281812861,0.02055127657283018,53.843839602839054,1.1869335563614682,1.004176959871215,1
2024-05-01,AAPL,169.5800018310547,172.7100067138672,169.11000061035156,169.3000030517578,50383100,173.02999877929688,170.3300018310547,173.5,169.3000030517578,169.88999938964844,169.02000427246094,170.46400146484376,168.61199951171875,169.60400009155273,0.015995686119800796,0.012592815797915354,-0.006047077838456816,0.001656601421246684,39.34671545249612,0.9000711008846523,0.9982076068982405,2
2024-05-02,AAPL,172.50999450683594,173.4199981689453,170.88999938964844,173.02999877929688,94214900,183.3800048828125,169.3000030517578,170.3300018310547,173.5,169.3000030517578,169.88999938964844,171.09200134277344,169.21100006103515,169.81449966430665,0.01877977585778865,0.013969162547265938,0.02203187040935095,0.0184825440045282,43.96432497884647,1.4559981034837668,1.0189353625358653,3
2024-05-03,AAPL,186.6499938964844,187.0,182.66000366210935,183.3800048828125,163224100,181.7100067138672,173.02999877929688,169.3000030517578,170.3300018310547,173.5,169.3000030517578,173.9080017089844,171.04900054931642,170.50449981689454,0.03038627241219732,0.021461130096003332,0.05981625253732603,0.08316598687095245,64.99299336831086,1.8467343989257938,1.0755141657829854,4
2024-05-06,AAPL,182.3500061035156,184.1999969482422,180.4199981689453,181.7100067138672,78569700,182.3999938964844,183.3800048828125,173.02999877929688,169.3000030517578,170.3300018310547,173.5,175.5500030517578,172.63600158691406,171.1675003051758,0.03181095600574541,0.02233410365826183,-0.009106762593950823,0.04731992342286562,68.12702708401847,0.8685062961143563,1.0615917530483012,0
2024-05-07,AAPL,183.4499969482422,184.8999938964844,181.32000732421875,182.3999938964844,77305800,182.7400054931641,181.7100067138672,183.3800048828125,173.02999877929688,169.3000030517578,170.3300018310547,177.96400146484376,174.18600158691407,171.80400009155272,0.028299720829363568,0.022387938258292033,0.0037971886914500708,0.07086239614675516,71.60864933977759,0.8335799020741104,1.0616748958073454,1
2024-05-08,AAPL,182.8500061035156,183.07000732421875,181.4499969482422,182.7400054931641,45057100,184.57000732421875,182.3999938964844,181.7100067138672,183.3800048828125,173.02999877929688,169.3000030517578,180.65200195312502,175.55800170898436,172.5520004272461,0.027086984774814773,0.022458583907505165,0.0018640987283840005,0.07938571883721379,74.00614831551276,0.4914909649725245,1.059043100286824,2
2024-05-09,AAPL,182.55999755859372,184.66000366210935,182.1100006103516,184.57000732421875,48983000,183.0500030517578,182.7400054931641,182.3999938964844,181.7100067138672,183.3800048828125,173.02999877929688,182.9600036621094,177.0260025024414,173.02850112915038,0.026915151917934248,0.022441257443409923,0.010014237583697128,0.06669368679613408,80.11697938818295,0.5928140045606849,1.066702919575392,3
2024-05-10,AAPL,184.8999938964844,185.08999633789065,182.1300048828125,183.0500030517578,50759500,186.27999877929688,184.57000732421875,182.7400054931641,182.3999938964844,181.7100067138672,183.3800048828125,182.89400329589847,178.4010025024414,173.3535011291504,0.008191116483860117,0.022772693986233553,-0.008235380680192916,-0.0017995518718934012,75.94212792266549,0.8440921779023272,1.0559348490768778,4
2024-05-13,AAPL,185.44000244140625,187.1000061035156,184.6199951171875,186.27999877929688,72044800,187.42999267578125,183.0500030517578,184.57000732421875,182.7400054931641,182.3999938964844,181.7100067138672,183.8080017089844,179.6790023803711,174.03300094604492,0.009637218318911907,0.02229528353799258,0.017645428427694565,0.025149919633352447,77.41936458837966,1.2246260583878577,1.0703716982795055,0
2024-05-14,AAPL,187.50999450683597,188.3000030517578,186.2899932861328,187.42999267578125,52393600,189.72000122070312,186.27999877929688,183.0500030517578,184.57000732421875,182.7400054931641,182.3999938964844,184.81400146484376,181.38900146484374,174.93550033569335,0.009620596438357892,0.020436555207163636,0.006173469529849429,0.027576748616293667,76.78207621762944,0.9729978680572579,1.071423423582472,1
2024-05-15,AAPL,187.91000366210935,190.6499938964844,187.3699951171875,189.72000122070312,70400000,189.83999633789065,187.42999267578125,186.27999877929688,183.0500030517578,184.57000732421875,182.7400054931641,186.21000061035156,183.43100128173828,176.02150039672853,0.009757715268010354,0.01966497471355348,0.012217940748059153,0.03819632000503659,77.70327682450002,1.1949179325611403,1.0778228840971134,2
2024-05-16,AAPL,190.47000122070312,191.1000061035156,189.66000366210935,189.83999633789065,52845200,189.8699951171875,189.72000122070312,187.42999267578125,186.27999877929688,183.0500030517578,184.57000732421875,187.26399841308594,185.11200103759765,177.1615005493164,0.010065717215746162,0.019570398982026598,0.000632485327932919,0.028552791919298937,79.07700722027745,0.8853479943077927,1.0715646218239439,3
2024-05-17,AAPL,189.50999450683597,190.80999755859372,189.17999267578125,189.8699951171875,41282900,191.0399932861328,189.83999633789065,189.72000122070312,187.42999267578125,186.27999877929688,183.0500030517578,188.62799682617188,185.76100006103516,178.40500030517578,0.007548597235210607,0.008462212489404439,0.00015802138577503122,0.0372575359285916,76.27608077803674,0.7143198260005917,1.0642638647593954,4
2024-05-20,AAPL,189.3300018310547,191.9199981689453,189.00999450683597,191.0399932861328,44361300,192.3500061035156,189.8699951171875,189.83999633789065,189.72000122070312,187.42999267578125,186.27999877929688,189.57999572753906,186.69399871826172,179.66500015258788,0.0049326070869272695,0.007217517561985415,0.006162101432736655,0.025552901750206303,85.52314887032591,0.8489128645950942,1.0633122373522068,0
2024-05-21,AAPL,191.08999633789065,192.72999572753903,190.9199981689453,192.3500061035156,42309400,190.8999938964844,191.0399932861328,189.8699951171875,189.83999633789065,189.72000122070312,187.42999267578125,190.56399841308593,187.68899993896486,180.93750076293946,0.004980142047573693,0.007223698714968315,0.006857270013722605,0.02624987259240341,89.16071498010342,0.8421497236451766,1.0630742952259993,1
2024-05-22,AAPL,192.2700042724609,192.82000732421875,190.2700042724609,190.8999938964844,34648500,186.8800048828125,192.3500061035156,191.0399932861328,189.8699951171875,189.83999633789065,189.72000122070312,190.79999694824218,188.50499877929687,182.03150024414063,0.00579611778817236,0.008264621725017376,-0.007538404788252739,0.006219653532515856,82.90972200366002,0.8041061549622576,1.0487195548047967,2
2024-05-23,AAPL,190.97999572753903,191.0,186.6300048828125,186.8800048828125,51005900,189.97999572753903,190.8999938964844,192.3500061035156,191.0399932861328,189.8699951171875,189.83999633789065,190.20799865722657,188.73599853515626,182.88100051879883,0.011594605772425551,0.011231518803302972,-0.02105808874908477,-0.015592032828581348,58.40537648593585,1.1939136174675107,1.0218667021323662,3
2024-05-24,AAPL,188.82000732421875,190.5800018310547,188.0399932861328,189.97999572753903,36294600,189.9900054931641,186.8800048828125,190.8999938964844,192.3500061035156,191.0399932861328,189.8699951171875,190.22999877929686,189.4289978027344,183.91500015258788,0.01466480569790512,0.01162579674362276,0.01658813550797178,0.0005793469909958215,68.58424497454354,0.8698747050254602,1.032977166462329,4
2024-05-28,AAPL,191.50999450683597,193.0,189.1000061035156,189.9900054931641,52280100,190.2899932861328,189.97999572753903,186.8800048828125,190.8999938964844,192.3500061035156,191.0399932861328,190.02000122070314,189.79999847412108,184.7395004272461,0.01429390675072585,0.010579117860436598,5.268852431927762e-05,-0.005496167451158218,67.59388885076754,1.2071779383342915,1.0284211284201548,1
2024-05-29,AAPL,189.6100006103516,192.25,189.50999450683597,190.2899932861328,53068000,191.2899932861328,189.9900054931641,189.97999572753903,186.8800048828125,190.8999938964844,192.3500061035156,189.60799865722657,190.08599853515625,185.7375,0.013751341789406775,0.010478198462654544,0.0015789661787208864,-0.01070971017424438,67.53364658856549,1.1673708111542118,1.02451036159167,2
2024-05-30,AAPL,190.75999450683597,192.17999267578125,190.6300048828125,191.2899932861328,49947900,192.25,190.2899932861328,189.9900054931641,189.97999572753903,186.8800048828125,190.8999938964844,189.68599853515624,190.2429977416992,186.83699951171874,0.013670712268457811,0.009907456464318204,0.005255137081729533,0.002042951294487061,66.23185254257908,1.0294439532309823,1.0238335757160069,3
2024-05-31,AAPL,191.44000244140625,192.57000732421875,189.91000366210935,192.25,75158300,194.02999877929688,191.2899932861328,190.2899932861328,189.9900054931641,189.97999572753903,186.8800048828125,190.75999755859374,190.48399810791017,187.7979995727539,0.006482452293681383,0.009992553425050371,0.005018593484036549,0.02873499024443449,72.84011228165883,1.4087836913291865,1.0237063250800038,4
2024-06-03,AAPL,192.8999938964844,194.9900054931641,192.5200042724609,194.02999877929688,50080500,194.3500061035156,192.25,191.2899932861328,190.2899932861328,189.9900054931641,189.97999572753903,191.56999816894532,190.8999984741211,188.33049926757812,0.0035860562512417945,0.010286345967140035,0.009258771283728873,0.02131805002020415,70.73300959776897,0.8925897963461218,1.0302632846718096,0
2024-06-04,AAPL,194.63999938964844,195.32000732421875,193.02999877929688,194.3500061035156,47471400,195.8699951171875,194.02999877929688,192.25,191.2899932861328,190.2899932861328,189.9900054931641,192.44199829101564,191.2309997558594,188.96249923706054,0.0031674356549639448,0.010192627043151787,0.0016492672588361845,0.022948578789889984,69.37292071417222,0.8608434239631286,1.0285109843921794,1
2024-06-05,AAPL,195.3999938964844,196.8999938964844,194.8699951171875,195.8699951171875,54156800,194.47999572753903,194.3500061035156,194.02999877929688,192.25,191.2899932861328,190.2899932861328,193.55799865722656,191.58299865722657,189.6359992980957,0.0029233169044758887,0.01025049651241192,0.007820884826020169,0.029323674538493494,67.99296434853267,0.9782132392439857,1.0328734831053483,2
2024-06-06,AAPL,195.69000244140625,196.5,194.1699981689453,194.47999572753903,41181800,196.88999938964844,195.8699951171875,194.3500061035156,194.02999877929688,192.25,191.2899932861328,194.1959991455078,191.94099884033204,190.22299880981444,0.00651358842070293,0.01020632646695249,-0.007096540686677644,0.016676264066958213,62.636163495093555,0.7681772871208526,1.0223789812186734,3
2024-06-07,AAPL,194.6499938964844,196.94000244140625,194.13999938964844,196.88999938964844,53103900,193.1199951171875,194.47999572753903,195.8699951171875,194.3500061035156,194.02999877929688,192.25,195.1239990234375,192.94199829101564,190.83899841308593,0.007715246564235908,0.006734539116091979,0.01239203884745943,0.024135237397391096,66.92382452544369,1.0793721320485343,1.031707360795641,4
2024-06-10,AAPL,196.8999938964844,197.3000030517578,192.1499938964844,193.1199951171875,97262100,207.1499938964844,196.88999938964844,194.47999572753903,195.8699951171875,194.3500061035156,194.02999877929688,194.94199829101564,193.25599822998046,191.3424980163574,0.012555937954593106,0.009112303823946023,-0.019147769232301326,-0.004690015295750638,54.455871460129416,1.6587664065271372,1.009289609570573,0
2024-06-11,AAPL,193.6499938964844,207.16000366210935,193.6300048828125,207.1499938964844,172373300,213.07000732421875,193.1199951171875,196.88999938964844,194.47999572753903,195.8699951171875,194.3500061035156,197.5019958496094,194.9719970703125,192.3859977722168,0.0354331681921097,0.02416267072142526,0.07264912559045644,0.06586049596598009,70.5213377634321,2.0614973907972653,1.076741531583541,1
2024-06-12,AAPL,207.3699951171875,220.1999969482422,206.8999938964844,213.07000732421875,198134300,214.2400054931641,207.1499938964844,193.1199951171875,196.88999938964844,194.47999572753903,195.8699951171875,200.94199829101564,197.2499984741211,193.66799850463866,0.03584094637552863,0.024750337404729143,0.02857839054869893,0.08781341009755272,77.35012841779182,1.7625869264844711,1.1001818006556998,2
2024-06-13,AAPL,214.7400054931641,216.75,211.6000061035156,214.2400054931641,97862700,212.4900054931641,213.07000732421875,207.1499938964844,193.1199951171875,196.88999938964844,194.47999572753903,204.8940002441406,199.5449996948242,194.8939987182617,0.03408245419480802,0.024743686600574334,0.005491144359726752,0.1016043305210077,86.3057256488122,0.7908272070024015,1.0992642508344699,3
2024-06-14,AAPL,213.8500061035156,215.1699981689453,211.3000030517578,212.4900054931641,70122700,216.6699981689453,214.2400054931641,213.07000732421875,207.1499938964844,193.1199951171875,196.88999938964844,208.01400146484374,201.56900024414062,196.0264991760254,0.036390869934640774,0.02547756036009801,-0.008168409051202308,0.07923208975506668,80.97990528047093,0.551491446942384,1.0839861262958892,4
2024-06-17,AAPL,213.3699951171875,218.9499969482422,212.72000122070312,216.6699981689453,93728300,214.2899932861328,212.4900054931641,214.2400054931641,213.07000732421875,207.1499938964844,193.1199951171875,212.7240020751953,203.83300018310547,197.3664993286133,0.030753808725278914,0.025640600844838296,0.019671478976528656,0.12194492360807785,82.93826256269284,0.7412618018405897,1.0978053464290913,0
2024-06-18,AAPL,217.58999633789065,218.6300048828125,213.0,214.2899932861328,79943300,209.67999267578125,216.6699981689453,212.4900054931641,214.2400054931641,213.07000732421875,207.1499938964844,214.152001953125,205.82699890136718,198.52899932861328,0.017189806544738857,0.026471336655482142,-0.010984469021671939,0.03446777504235099,78.18223387435475,0.7405019310240828,1.079388875231428,1
2024-06-20,AAPL,213.92999267578125,214.2400054931641,208.8500061035156,209.67999267578125,86172500,207.4900054931641,214.2899932861328,216.6699981689453,212.4900054931641,214.2400054931641,213.07000732421875,213.4739990234375,207.20799865722657,199.39549865722657,0.01596274385579595,0.028315537871113787,-0.021512906597537684,-0.015910332434912244,69.90689796766483,1.007089272712611,1.0515783660504512,3
2024-06-21,AAPL,210.38999938964844,211.88999938964844,207.1100006103516,207.4900054931641,246421400,208.13999938964844,209.67999267578125,214.2899932861328,216.6699981689453,212.4900054931641,214.2400054931641,212.1239990234375,208.50899963378907,200.22499923706056,0.015399358480888458,0.028522224038222972,-0.010444426073609403,-0.03150672062606619,66.0691755394716,2.1376339765456684,1.03628421168079,4
2024-06-24,AAPL,207.72000122070312,212.6999969482422,206.58999633789065,208.13999938964844,80727000,209.07000732421875,207.4900054931641,209.67999267578125,214.2899932861328,216.6699981689453,212.4900054931641,211.25399780273438,209.63399963378907,201.28799896240236,0.01587628087320516,0.028472659495079104,0.00313265159417897,-0.02047157979698766,65.2408756284898,0.6876322951315391,1.0340407796916196,0
2024-06-25,AAPL,209.1499938964844,211.3800048828125,208.6100006103516,209.07000732421875,56713900,213.25,208.13999938964844,207.4900054931641,209.67999267578125,214.2899932861328,216.6699981689453,209.73399963378907,211.2290008544922,202.24249954223632,0.010868890887894746,0.027108564287722493,0.004468184574312861,-0.03507634148222305,65.69296709632042,0.5156014394027689,1.0337590160200556,1
2024-06-26,AAPL,211.5,214.8600006103516,210.63999938964844,213.25,66213200,214.1000061035156,209.07000732421875,208.13999938964844,207.4900054931641,209.67999267578125,214.2899932861328,209.5260009765625,211.83900146484376,203.40549926757814,0.01579234447549176,0.016094413285139195,0.01999326794540668,-0.004853205089908941,67.53430764626702,0.6173747967358386,1.0483984000819542,2
2024-06-27,AAPL,214.69000244140625,215.7400054931641,212.3500061035156,214.1000061035156,49772700,210.6199951171875,213.25,209.07000732421875,208.13999938964844,207.4900054931641,209.67999267578125,210.41000366210938,211.94200134277344,204.59599990844725,0.010783550160894897,0.013410678781649012,0.003985960626099017,0.02107980533254228,70.01224874127455,0.49787815580810335,1.0464525513662104,3
2024-06-28,AAPL,215.7700042724609,216.07000732421875,210.3000030517578,210.6199951171875,82542700,216.75,214.1000061035156,213.25,209.07000732421875,208.13999938964844,207.4900054931641,211.03600158691407,211.5800003051758,205.5625,0.012870674128571413,0.014258998358474348,-0.016254137725925766,0.015085013933967772,63.70532296747283,1.2284254969573132,1.0246031991106719,4
2024-07-01,AAPL,212.08999633789065,217.50999450683597,211.9199981689453,216.75,60402900,220.2700042724609,210.6199951171875,214.1000061035156,213.25,209.07000732421875,208.13999938964844,212.75800170898438,212.00599975585936,206.7875,0.017361984310304772,0.0169686360094061,0.029104572333703782,0.041366391061783414,72.52621485533687,0.9568157812532672,1.048177476878438,0
2024-07-02,AAPL,216.1499938964844,220.3800048828125,215.1000061035156,220.2700042724609,58046200,221.5500030517578,216.75,210.6199951171875,214.1000061035156,213.25,209.07000732421875,214.9980010986328,212.36600036621093,208.0995002746582,0.017516782829185056,0.016604967539934314,0.016239927439265944,0.053570557975222144,65.64139823421613,0.9156196161433439,1.0584840616231157,1
2024-07-03,AAPL,220.0,221.5500030517578,219.02999877929688,221.5500030517578,37369800,226.33999633789065,220.2700042724609,216.75,210.6199951171875,214.1000061035156,213.25,216.6580017089844,213.09200134277344,209.45950012207032,0.01674976882414409,0.016009972590696947,0.0058110444203451905,0.03892146800355367,61.36728556800943,0.6484788517021403,1.057722389877954,2
2024-07-05,AAPL,221.6499938964844,226.4499969482422,221.6499938964844,226.33999633789065,60412400,227.82000732421875,221.5500030517578,220.2700042724609,216.75,210.6199951171875,214.1000061035156,219.1059997558594,214.75800170898438,210.98300018310547,0.01758745848132802,0.014250272833045634,0.021620371113304948,0.0571694996984593,64.78493571134788,1.0110049736590199,1.0727878366572536,4
2024-07-08,AAPL,227.08999633789065,227.8500061035156,223.25,227.82000732421875,59085900,228.67999267578125,226.33999633789065,221.5500030517578,220.2700042724609,216.75,210.6199951171875,222.54600219726564,216.79100189208984,212.65000076293944,0.009957529613029798,0.012774471818275629,0.00653888402524605,0.08166371952226692,68.85608656630029,1.0730513749231796,1.071337909743018,0
2024-07-09,AAPL,227.92999267578125,229.3999938964844,226.3699951171875,228.67999267578125,48076100,232.97999572753903,227.82000732421875,226.33999633789065,221.5500030517578,220.2700042724609,216.75,224.93200073242187,218.84500122070312,214.2395004272461,0.007730989240070173,0.012740675643620528,0.00377484559702701,0.05504033529772201,66.08624955496909,0.9140276603252439,1.067403500380356,1
2024-07-10,AAPL,229.3000030517578,233.0800018310547,229.25,232.97999572753903,62627700,227.57000732421875,228.67999267578125,227.82000732421875,226.33999633789065,221.5500030517578,220.2700042724609,227.4739990234375,221.23600006103516,216.23250045776368,0.008249820287919991,0.012913383673759339,0.018803582252402196,0.057701871378531555,73.80892030752393,1.17029665671171,1.0774513324052626,2
2024-07-11,AAPL,231.38999938964844,232.38999938964844,225.7700042724609,227.57000732421875,64710600,230.5399932861328,232.97999572753903,228.67999267578125,227.82000732421875,226.33999633789065,221.5500030517578,228.6779998779297,222.66800079345703,217.25350112915038,0.01778899242710189,0.016333132255365184,-0.023220827978926772,0.027172214802698713,72.33460686794314,1.0971145020204285,1.0474860296448596,3
2024-07-12,AAPL,228.9199981689453,232.63999938964844,228.67999267578125,230.5399932861328,53046500,234.3999938964844,227.57000732421875,232.97999572753903,228.67999267578125,227.82000732421875,226.33999633789065,229.51799926757812,224.31199951171874,218.1270004272461,0.016188828976520145,0.01642075674883312,0.013050867277438316,0.018556141275058557,78.22678835832124,0.9223976757870371,1.0569071817545437,4
2024-07-15,AAPL,236.47999572753903,237.22999572753903,233.08999633789065,234.3999938964844,62631300,234.82000732421875,230.5399932861328,227.57000732421875,232.97999572753903,228.67999267578125,227.82000732421875,230.83399658203126,226.68999938964845,219.1349998474121,0.01723172347086927,0.014282746872607149,0.01674330147811176,0.028882391189205103,79.81380393977568,1.0757983209443607,1.0696602279859522,0
2024-07-16,AAPL,235.0,236.2700042724609,232.3300018310547,234.82000732421875,43234300,228.8800048828125,234.3999938964844,230.5399932861328,227.57000732421875,232.97999572753903,228.67999267578125,232.06199951171874,228.49700012207032,220.25149993896486,0.01731348463937321,0.012952953696946582,0.0017918662059344115,0.02684981128691355,79.5773038388493,0.7551832241981147,1.066144872517513,1
2024-07-17,AAPL,229.4499969482422,231.4600067138672,226.63999938964844,228.8800048828125,57345900,224.17999267578125,234.82000732421875,234.3999938964844,230.5399932861328,227.57000732421875,232.97999572753903,231.24200134277345,229.35800018310547,220.86200027465821,0.019847149355554594,0.01628837077363095,-0.025295980990260425,-0.017598038114488235,67.25546691750961,1.0205037146499645,1.0363032327796693,2
2024-07-18,AAPL,230.27999877929688,230.44000244140625,222.2700042724609,224.17999267578125,66034600,224.30999755859372,228.8800048828125,234.82000732421875,234.3999938964844,230.5399932861328,227.57000732421875,230.56399841308593,229.62099914550782,221.35650024414062,0.01920193523830449,0.017997078974284385,-0.020534830945314275,-0.01489657924740384,60.256393536287014,1.169612664306468,1.0127554078083387,3
2024-07-19,AAPL,224.82000732421875,226.8000030517578,223.27999877929688,224.30999755859372,49151500,223.9600067138672,224.17999267578125,228.8800048828125,234.82000732421875,234.3999938964844,230.5399932861328,229.31799926757813,229.41799926757812,222.08800048828124,0.017340019495631864,0.016531214746621784,0.0005799129586041563,-0.02702349227453471,64.94867862710245,0.8827572507808975,1.0100050298324412,4
2024-07-22,AAPL,227.00999450683597,227.77999877929688,223.08999633789065,223.9600067138672,48201800,225.00999450683597,224.30999755859372,224.17999267578125,228.8800048828125,234.82000732421875,234.3999938964844,227.2300018310547,229.03199920654296,222.9115005493164,0.012866618574463761,0.016330148990863345,-0.0015602998017737457,-0.044539195624841654,59.01025706543816,0.9130232024248385,1.0047036880643976,0
2024-07-23,AAPL,224.3699951171875,226.94000244140625,222.67999267578125,225.00999450683597,39960300,218.5399932861328,223.9600067138672,224.30999755859372,224.17999267578125,228.8800048828125,234.82000732421875,225.26799926757812,228.66499938964844,223.75500030517577,0.013522654601221883,0.016365987072771978,0.004688282557118617,-0.04177673329103504,56.31325653803327,0.7664212577116245,1.0056087872894395,1
2024-07-24,AAPL,224.0,224.8000030517578,217.1300048828125,218.5399932861328,61777600,217.4900054931641,225.00999450683597,223.9600067138672,224.30999755859372,224.17999267578125,228.8800048828125,223.1999969482422,227.22099914550782,224.22849960327147,0.01464333839689961,0.016718026157109246,-0.028754283714746642,-0.04517656141249127,46.47787135331558,1.1650620196148394,0.9746307613563693,2
2024-07-25,AAPL,218.92999267578125,220.8500061035156,214.6199951171875,217.4900054931641,51391200,217.9600067138672,218.5399932861328,225.00999450683597,223.9600067138672,224.30999755859372,224.17999267578125,221.86199951171875,226.21299896240234,224.44049987792968,0.013194957795776048,0.015619219498504092,-0.004804556718339348,-0.02984203497719129,38.65094059400125,1.0258445303941515,0.9690319065028554,3
2024-07-26,AAPL,218.6999969482422,219.4900054931641,216.00999450683597,217.9600067138672,41601300,218.2400054931641,217.4900054931641,218.5399932861328,225.00999450683597,223.9600067138672,224.30999755859372,220.59200134277344,224.9550003051758,224.63349990844728,0.013408397169588197,0.014613871212523147,0.002161024455525462,-0.02830899609397841,37.019471245111056,0.8562327266620069,0.9702916386144543,4
2024-07-29,AAPL,216.9600067138672,219.3000030517578,215.75,218.2400054931641,36311800,218.8000030517578,217.9600067138672,217.4900054931641,218.5399932861328,225.00999450683597,223.9600067138672,219.4480010986328,223.33900146484376,225.0145004272461,0.013683089895702409,0.012690772984899963,0.0012846337432190769,-0.02554027973401074,36.04278991205793,0.7858261391209052,0.9698930739075973,0
2024-07-30,AAPL,219.19000244140625,220.3300018310547,216.1199951171875,218.8000030517578,41643800,222.0800018310547,218.2400054931641,217.9600067138672,217.4900054931641,218.5399932861328,225.00999450683597,218.20600280761718,221.73700103759765,225.11700057983398,0.013332548031514088,0.012752869898971595,0.0025659711533101426,-0.027598736085874154,28.936417128299027,0.8946970618199881,0.9719390471985435,1
2024-07-31,AAPL,221.44000244140625,223.82000732421875,220.6300048828125,222.0800018310547,50036300,218.3600006103516,218.8000030517578,218.2400054931641,217.9600067138672,217.4900054931641,218.5399932861328,218.91400451660155,221.05700073242187,225.20750045776367,0.007215251362682148,0.012682512555653494,0.014990853444005525,0.016198447211842604,41.293992447548774,1.1321229009830558,0.9861128132040365,2
2024-08-01,AAPL,224.3699951171875,224.47999572753903,217.0200042724609,218.3600006103516,62501000,219.8600006103516,222.0800018310547,218.8000030517578,218.2400054931641,217.9600067138672,217.4900054931641,219.08800354003907,220.4750015258789,225.04800033569336,0.011342415235513735,0.01214417375041277,-0.016750725819666745,0.004000161364724697,31.133839627662837,1.3464576021287908,0.9702818966826384,3
2024-08-02,AAPL,219.1499938964844,225.6000061035156,217.7100067138672,219.8600006103516,105568600,209.2700042724609,218.3600006103516,222.0800018310547,218.8000030517578,218.2400054931641,217.9600067138672,219.468002319336,220.03000183105468,224.7240005493164,0.011669176855286999,0.012482993644048196,0.006869389978967133,0.008717167544313176,25.701881390446943,1.7828829483063484,0.978355672170862,4
2024-08-05,AAPL,199.08999633789065,213.5,196.0,209.2700042724609,119548600,207.22999572753903,219.8600006103516,218.3600006103516,222.0800018310547,218.8000030517578,218.2400054931641,217.67400207519532,218.56100158691407,223.7965003967285,0.025254863432668553,0.01921469512443706,-0.04816699858315232,-0.041101544148303026,18.134179208833828,1.5759179516491373,0.9350906019597438,0
2024-08-06,AAPL,205.3000030517578,209.9900054931641,201.07000732421875,207.22999572753903,69660500,209.82000732421875,209.2700042724609,219.8600006103516,218.3600006103516,222.0800018310547,218.8000030517578,215.36000061035156,216.7830017089844,222.7240005493164,0.024545367013222935,0.018811127352319643,-0.009748212850733573,-0.052879374601662366,20.088398973414883,0.8551182745540921,0.9304340583701637,1
2024-08-07,AAPL,206.8999938964844,213.63999938964844,206.38999938964844,209.82000732421875,63516400,213.30999755859372,207.22999572753903,209.2700042724609,219.8600006103516,218.3600006103516,222.0800018310547,212.9080017089844,215.91100311279297,221.56600112915038,0.023913847968616016,0.018278399367859605,0.012498246634550902,-0.055205306221866035,28.931938072932383,0.7547188643593996,0.9469864792203163,2
2024-08-08,AAPL,213.1100006103516,214.1999969482422,208.8300018310547,213.30999755859372,47161100,216.2400054931641,209.82000732421875,207.22999572753903,209.2700042724609,219.8600006103516,218.3600006103516,211.89800109863282,215.49300231933594,220.85300064086914,0.026453260163159468,0.019385469272836322,0.016633257613904107,-0.023126960238332495,35.30981804369462,0.5815821328718931,0.9658460466446587,3
2024-08-09,AAPL,212.1000061035156,216.77999877929688,211.97000122070312,216.2400054931641,42201600,217.52999877929688,213.30999755859372,209.82000732421875,207.22999572753903,209.2700042724609,219.8600006103516,211.17400207519532,215.3210021972656,220.13800125122071,0.02734660388206976,0.01998239149175412,0.013735914716165754,-0.01646500094213621,40.35481841578502,0.6168233806369234,0.9822929447169448,4
2024-08-12,AAPL,216.07000732421875,219.50999450683597,215.6000061035156,217.52999877929688,38028100,221.2700042724609,216.2400054931641,213.30999755859372,209.82000732421875,207.22999572753903,209.2700042724609,212.8260009765625,215.2500015258789,219.29450149536132,0.01056691230644384,0.02008622928269665,0.005965562584919315,0.0394705133951343,40.71038655225224,0.7297163078923443,0.9919537302393249,0
2024-08-13,AAPL,219.00999450683597,221.88999938964844,219.00999450683597,221.2700042724609,44155300,221.72000122070312,217.52999877929688,216.2400054931641,213.30999755859372,209.82000732421875,207.22999572753903,215.63400268554688,215.49700164794922,218.61700134277345,0.004495786002208841,0.02082425556168639,0.017193056195245138,0.06775085091147393,53.6371050827666,0.939224674288753,1.0121353916364801,1
2024-08-14,AAPL,220.57000732421875,223.02999877929688,219.6999969482422,221.72000122070312,41960600,224.72000122070312,221.2700042724609,217.52999877929688,216.2400054931641,213.30999755859372,209.82000732421875,218.01400146484374,215.46100158691405,218.25900115966797,0.006768489408751607,0.02027512885544761,0.0020337006352117992,0.05671524869454525,55.72704416288429,0.9826530033952096,1.0158573073396557,2
2024-08-15,AAPL,224.6000061035156,225.3500061035156,222.75999450683597,224.72000122070312,46414000,226.0500030517578,221.72000122070312,221.2700042724609,217.52999877929688,216.2400054931641,213.30999755859372,220.29600219726564,216.0970016479492,218.28600158691407,0.006258825027521796,0.019745400893702386,0.01353057903429189,0.053490243273643046,58.56562766936923,1.0907615919563676,1.0294750904181424,3
2024-08-16,AAPL,223.9199981689453,226.8300018310547,223.6499938964844,226.0500030517578,44340200,225.88999938964844,224.72000122070312,221.72000122070312,221.2700042724609,217.52999877929688,216.2400054931641,222.25800170898438,216.71600189208985,218.37300186157228,0.006222127255966872,0.019727268807463207,0.0059184844421056315,0.045366247268726845,59.63958982456347,1.031655918942085,1.035155450191833,4
2024-08-19,AAPL,225.72000122070312,225.9900054931641,223.0399932861328,225.88999938964844,40687800,226.50999450683597,226.0500030517578,224.72000122070312,221.72000122070312,221.2700042724609,217.52999877929688,223.93000183105468,218.37800140380858,218.46950149536133,0.00758336033845529,0.00867174644054202,-0.0007078241979617816,0.03843148373679495,58.83818690202194,0.9351027933253631,1.033965829754249,0
2024-08-20,AAPL,225.7700042724609,227.1699981689453,225.4499969482422,226.50999450683597,30299000,226.3999938964844,225.88999938964844,226.0500030517578,224.72000122070312,221.72000122070312,221.2700042724609,224.97799987792968,220.30600128173828,218.54450149536132,0.005469020840182519,0.006507847424628616,0.0027446771387080737,0.02368143052920435,55.91454103044262,0.7437104077729385,1.0364479223086,1
2024-08-21,AAPL,226.5200042724609,227.97999572753903,225.0500030517578,226.3999938964844,34765500,224.52999877929688,226.50999450683597,225.88999938964844,226.0500030517578,224.72000122070312,221.72000122070312,225.91399841308595,221.96399993896483,218.9375015258789,0.005877345246837088,0.006998970183166523,-0.00048563247988708813,0.02110767025985516,61.87941863312135,0.8845890593949819,1.0340850348551338,2
2024-08-22,AAPL,227.7899932861328,228.33999633789065,223.8999938964844,224.52999877929688,43695300,226.83999633789065,226.3999938964844,226.50999450683597,225.88999938964844,226.0500030517578,224.72000122070312,225.8759979248047,223.08600006103515,219.28950119018555,0.005277222873516155,0.00782894489237269,-0.008259695969967784,-0.0008455074776350102,56.82548560718678,1.1274006929228775,1.0238976219138114,3
2024-08-23,AAPL,225.66000366210935,228.22000122070312,224.3300018310547,226.83999633789065,38677300,227.17999267578125,224.52999877929688,226.3999938964844,226.50999450683597,225.88999938964844,226.0500030517578,226.03399658203125,224.1459991455078,219.7335006713867,0.006704025597275658,0.007477683273468014,0.010288146667049247,0.0034947722869613784,83.87965038376457,1.027968652740812,1.032341430163313,4
2024-08-26,AAPL,226.75999450683597,227.27999877929688,223.88999938964844,227.17999267578125,30602200,228.02999877929688,226.83999633789065,224.52999877929688,226.3999938964844,226.50999450683597,225.88999938964844,226.2919952392578,225.11099853515626,220.18050003051758,0.006659350855432371,0.007534978987317865,0.0014988376978464224,0.005710714461102162,91.16797454810856,0.8594226106258562,1.0317897935752418,0
2024-08-27,AAPL,226.0,228.8500061035156,224.88999938964844,228.02999877929688,35934600,226.4900054931641,227.17999267578125,226.83999633789065,224.52999877929688,226.3999938964844,226.50999450683597,226.59599609375,225.78699798583983,220.64199981689453,0.006733270554702249,0.006046111874703534,0.0037415535298863656,0.006710539531689541,90.48465843094249,0.9782120474817191,1.0334841007991835,1
2024-08-28,AAPL,227.9199981689453,229.8600006103516,225.67999267578125,226.4900054931641,38052200,229.7899932861328,228.02999877929688,227.17999267578125,226.83999633789065,224.52999877929688,226.3999938964844,226.61399841308594,226.26399841308594,220.8625,0.007679037761487254,0.006798744867398202,-0.006753467940081359,0.00039757773456861045,82.08376884784224,1.0176474741337258,1.025479678502073,2
2024-08-29,AAPL,230.1000061035156,232.9199981689453,228.8800048828125,229.7899932861328,51906300,229.0,226.4900054931641,228.02999877929688,227.17999267578125,226.83999633789065,224.52999877929688,227.66599731445314,226.7709976196289,221.43399963378906,0.008230886255943613,0.0069971184692739575,0.014570125448949867,0.02342668924167368,82.40077760815436,1.3297537666660177,1.03773582045288,3
2024-08-30,AAPL,230.19000244140625,230.3999938964844,227.47999572753903,229.0,52990800,222.7700042724609,229.7899932861328,226.4900054931641,228.02999877929688,227.17999267578125,226.83999633789065,228.097998046875,227.0659973144531,221.8909996032715,0.008177057740836574,0.007077982041899697,-0.0034378924636161434,0.00952214643352356,78.09901105572119,1.2647808136196148,1.0320382548613463,4
2024-09-03,AAPL,228.5500030517578,229.0,221.1699981689453,222.7700042724609,50190600,220.8500061035156,229.0,229.7899932861328,226.4900054931641,228.02999877929688,227.17999267578125,227.21600036621095,226.75399780273438,222.56599960327148,0.015419091947834222,0.011499948015554774,-0.027205221517637934,-0.019411869643001678,53.275114407784784,1.0955082298553527,1.0009166030281043,1
2024-09-04,AAPL,221.66000366210935,221.77999877929688,217.47999572753903,220.8500061035156,43840200,222.3800048828125,222.7700042724609,229.0,229.7899932861328,226.4900054931641,228.02999877929688,225.78000183105468,226.18799896240233,223.24700012207032,0.014885930437246443,0.01161346239927702,-0.00861874638471094,-0.03148705308168931,48.21502589051468,0.9249764009720648,0.9892630404115439,2
2024-09-05,AAPL,221.6300048828125,225.47999572753903,221.5200042724609,222.3800048828125,36615400,220.82000732421875,220.8500061035156,222.7700042724609,229.0,229.7899932861328,226.4900054931641,224.95800170898437,225.78600006103517,223.875,0.01599528761885217,0.011984623475990476,0.006927773316790287,-0.018146498788776055,44.89082951974052,0.7772541184572008,0.9933221881979342,3
2024-09-06,AAPL,223.9499969482422,225.2400054931641,219.7700042724609,220.82000732421875,48423000,220.91000366210935,222.3800048828125,220.8500061035156,222.7700042724609,229.0,229.7899932861328,223.16400451660155,225.41500091552734,224.25050048828126,0.012387091016880635,0.011915477599266809,-0.007015008203708928,-0.039035581287235166,38.694325607169624,1.0433293113849866,0.9847024057623373,4
2024-09-09,AAPL,220.82000732421875,221.2700042724609,216.7100067138672,220.91000366210935,67180000,220.1100006103516,220.82000732421875,222.3800048828125,220.8500061035156,222.7700042724609,229.0,221.54600524902344,224.8220016479492,224.4840003967285,0.01284207491812295,0.01120882285927714,0.0004075551802624755,-0.03532749492528675,39.20206821209094,1.3640653451869083,0.9840790580696047,0
2024-09-10,AAPL,218.9199981689453,221.47999572753903,216.72999572753903,220.1100006103516,51591000,222.66000366210935,220.91000366210935,220.82000732421875,222.3800048828125,220.8500061035156,222.7700042724609,221.01400451660157,224.11500244140626,224.61300048828124,0.006252026790713461,0.0111179473395426,-0.0036213980285899616,-0.0119405827135326,36.23062609730184,1.0416128271557878,0.9799521850109268,1
2024-09-11,AAPL,221.4600067138672,223.08999633789065,217.88999938964844,222.66000366210935,44587100,222.7700042724609,220.1100006103516,220.91000366210935,220.82000732421875,222.3800048828125,220.8500061035156,221.37600402832032,223.5780029296875,224.68250045776367,0.007598933282328379,0.011903221889718645,0.011585130365211693,0.008195596597563082,42.718076819321986,0.8974985557364938,0.9909984231458449,2
2024-09-12,AAPL,222.5,223.5500030517578,219.82000732421875,222.7700042724609,37498200,222.5,222.66000366210935,220.1100006103516,220.91000366210935,220.82000732421875,222.3800048828125,221.45400390625,223.20600280761718,224.73500061035156,0.007004740309062431,0.011823396821627818,0.0004940295003250661,0.0017537520509269822,46.321076741223386,0.7521322468411938,0.991256384930901,3
2024-09-13,AAPL,223.5800018310547,224.0399932861328,221.91000366210935,222.5,36766600,216.32000732421875,222.7700042724609,222.66000366210935,220.1100006103516,220.91000366210935,220.82000732421875,221.79000244140624,222.4770034790039,224.6240005493164,0.005862900314581869,0.010393250348286245,-0.001212031545013037,0.007607973100528964,40.08226365935187,0.7736333493110302,0.9905441958823538,4
2024-09-16,AAPL,216.5399932861328,217.22000122070312,213.9199981689453,216.32000732421875,59357400,216.7899932861328,222.5,222.7700042724609,222.66000366210935,220.1100006103516,220.91000366210935,220.87200317382812,221.2090042114258,224.13750076293945,0.014458691468909757,0.012988512212588413,-0.027775247981039364,-0.02077767535105013,30.411261130340463,1.291499619452194,0.9651218853957467,0
2024-09-17,AAPL,215.75,216.8999938964844,214.5,216.7899932861328,45519300,220.69000244140625,216.32000732421875,222.5,222.7700042724609,222.66000366210935,220.1100006103516,220.20800170898437,220.61100311279296,223.68250045776367,0.014736741887505797,0.01067619570308304,0.0021726421320320544,-0.01508340064064606,29.443990822385345,1.0172883574116138,0.9691862029549678,1
2024-09-18,AAPL,217.5500030517578,222.7100067138672,217.5399932861328,220.69000244140625,59894900,228.8699951171875,216.7899932861328,216.32000732421875,222.5,222.7700042724609,222.66000366210935,219.81400146484376,220.59500274658203,223.3915008544922,0.016489772502271165,0.012230339722999369,0.017989802463465043,-0.008847575623382342,40.23567406162185,1.252840571561486,0.9879068881190535,2
2024-09-19,AAPL,224.9900054931641,229.82000732421875,224.6300048828125,228.8699951171875,66781300,228.1999969482422,220.69000244140625,216.7899932861328,216.32000732421875,222.5,222.7700042724609,221.03399963378905,221.24400177001954,223.51500091552734,0.0240605130300651,0.01693629883268093,0.03706553348719566,0.027382460509656203,48.66975284536056,1.2444362038539876,1.0239580975761173,3
2024-09-20,AAPL,229.97000122070312,233.08999633789065,227.6199951171875,228.1999969482422,318679900,226.47000122070312,228.8699951171875,220.69000244140625,216.7899932861328,216.32000732421875,222.5,222.1739990234375,221.98200073242188,223.6985008239746,0.024194642388222613,0.016715370903782802,-0.002927418111763669,0.025617963812324396,48.839228664580496,2.895864259637012,1.020123050032462,4
2024-09-23,AAPL,227.33999633789065,229.4499969482422,225.80999755859372,226.47000122070312,54146000,227.3699951171875,228.1999969482422,228.8699951171875,220.69000244140625,216.7899932861328,216.32000732421875,224.20399780273436,222.53800048828126,223.68000106811525,0.01824627861773812,0.017062515554369263,-0.007581050616453089,0.04692119800676431,56.17489967949395,0.49673278884095196,1.0124731765882737,0
2024-09-24,AAPL,228.6499938964844,229.3500061035156,225.72999572753903,227.3699951171875,43556100,226.3699951171875,226.47000122070312,228.1999969482422,228.8699951171875,220.69000244140625,216.7899932861328,226.31999816894532,223.26399993896484,223.68950119018555,0.018086365918517498,0.016922337005261155,0.0039740093241191765,0.048802999025377325,61.26467750354591,0.401026077867897,1.0164535836837185,1
2024-09-25,AAPL,224.92999267578125,227.2899932861328,224.0200042724609,226.3699951171875,42308700,227.5200042724609,227.3699951171875,226.47000122070312,228.1999969482422,228.8699951171875,220.69000244140625,227.45599670410155,223.63499908447267,223.60650100708008,0.018292387661880034,0.016815572352992136,-0.004398117700115112,0.02573742631268172,57.02216474136842,0.40257806315084343,1.0123587377722079,2
2024-09-26,AAPL,227.3000030517578,228.5,225.41000366210935,227.5200042724609,36636700,227.7899932861328,226.3699951171875,227.3699951171875,226.47000122070312,228.1999969482422,228.8699951171875,227.18599853515624,224.10999908447266,223.65800094604492,0.005480349006983349,0.016839120131174123,0.005080219022304933,-0.005898505149333211,61.9642867847371,0.36982307055898783,1.017267449901547,3
2024-09-27,AAPL,228.4600067138672,229.5200042724609,227.3000030517578,227.7899932861328,34026000,233.0,227.5200042724609,226.3699951171875,227.3699951171875,226.47000122070312,228.1999969482422,227.10399780273437,224.63899841308594,223.55800094604493,0.005459418086483195,0.01680154399148653,0.0011866605511687833,-0.001796685659914199,62.20723054922491,0.807552919565109,1.0189301761609026,4
2024-09-30,AAPL,230.0399932861328,233.0,229.6499938964844,233.0,54541900,226.2100067138672,227.7899932861328,227.5200042724609,226.3699951171875,227.3699951171875,226.47000122070312,228.40999755859374,226.30699768066407,223.75800094604492,0.010253936326547891,0.014081890375775697,0.02287197360475246,0.028833835581310252,69.77601545450759,1.2920371214396782,1.0413035467553342,0
2024-10-01,AAPL,229.5200042724609,229.6499938964844,223.7400054931641,226.2100067138672,63285000,226.77999877929688,233.0,227.7899932861328,227.5200042724609,226.3699951171875,227.3699951171875,228.1779998779297,227.2489990234375,223.93000106811525,0.018808554245612043,0.018268322521206692,-0.029141602086406926,-0.005101765528571445,54.81944857021766,1.371002299410351,1.0101817783900175,1
2024-10-02,AAPL,225.88999938964844,227.3699951171875,223.0200042724609,226.77999877929688,32880600,225.6699981689453,226.2100067138672,233.0,227.7899932861328,227.5200042724609,226.3699951171875,228.26000061035157,227.85799865722657,224.22650070190429,0.018739390383642605,0.017634801892943634,0.002519747352073054,0.0018112102794238805,55.37677461858109,0.742660936295852,1.0113880298243039,2
2024-10-03,AAPL,225.13999938964844,226.80999755859372,223.32000732421875,225.6699981689453,34044200,226.8000030517578,226.77999877929688,226.2100067138672,233.0,227.7899932861328,227.5200042724609,227.88999938964844,227.53799896240236,224.39100036621093,0.01866112822964477,0.012967247132337555,-0.004894614235498862,-0.008131179978795089,54.15683394794078,0.7780546189122566,1.0056998622968258,3
2024-10-04,AAPL,227.8999938964844,228.0,224.1300048828125,226.8000030517578,37245100,221.69000244140625,225.6699981689453,226.77999877929688,226.2100067138672,233.0,227.7899932861328,227.69200134277344,227.39799957275392,224.69000015258788,0.018875209405914306,0.013100787420754437,0.005007333238716605,-0.0043460655145260985,65.8403942195524,0.8388656953613746,1.0093907289943345,4
2024-10-07,AAPL,224.5,225.69000244140625,221.3300018310547,221.69000244140625,39505400,225.7700042724609,226.8000030517578,225.6699981689453,226.77999877929688,226.2100067138672,233.0,225.43000183105468,226.9199996948242,224.72900009155273,0.015258344579357841,0.014743816888282866,-0.022530866585506182,-0.048540762054050446,56.495242548898325,0.9544197606980662,0.9864770561480342,0
2024-10-08,AAPL,224.3000030517578,225.97999572753903,223.25,225.7700042724609,31855700,229.5399932861328,221.69000244140625,226.8000030517578,225.6699981689453,226.77999877929688,226.2100067138672,225.34200134277344,226.76000061035157,225.0120002746582,0.015010691942450485,0.0160456818219279,0.018404085823098937,-0.0019451060003849996,56.701853158832776,0.9074095174071817,1.0033687269873495,1
2024-10-09,AAPL,225.22999572753903,229.75,224.8300018310547,229.5399932861328,33591100,229.0399932861328,225.7700042724609,221.69000244140625,226.8000030517578,225.6699981689453,226.77999877929688,225.8940002441406,227.0770004272461,225.3559997558594,0.01689702582413958,0.01685570900638835,0.01669836090857424,0.012170361238611482,51.00029661030463,0.952984966650874,1.018566151044597,2
2024-10-10,AAPL,227.77999877929688,229.5,227.1699981689453,229.0399932861328,28183500,227.5500030517578,229.5399932861328,225.7700042724609,221.69000244140625,226.8000030517578,225.6699981689453,226.56799926757813,227.22899932861327,225.66949920654298,0.016640071066663573,0.01684164709482835,-0.0021782696463562568,0.014933288184212135,51.26049958372603,0.827073825219743,1.0149355322338223,3
2024-10-11,AAPL,229.3000030517578,229.41000366210935,227.33999633789065,227.5500030517578,31759200,231.3000030517578,229.0399932861328,229.5399932861328,225.7700042724609,221.69000244140625,226.8000030517578,226.71799926757814,227.2050003051758,225.92199935913087,0.0170969813382895,0.016996679148715395,-0.006505371454991304,0.0033068782623819626,51.63241047100712,0.9630134103601748,1.0072060432239671,4
2024-10-14,AAPL,228.6999969482422,231.72999572753903,228.6000061035156,231.3000030517578,39882100,233.8500061035156,227.5500030517578,229.0399932861328,229.5399932861328,225.7700042724609,221.69000244140625,228.63999938964844,227.03500061035157,226.6709991455078,0.011917818314968309,0.016140626409399134,0.01647989430765695,0.043348822700705725,55.46898191579674,1.2065624099966359,1.0204216857193915,0
2024-10-15,AAPL,233.6100006103516,237.4900054931641,232.3699951171875,233.8500061035156,64751400,231.77999877929688,231.3000030517578,227.5500030517578,229.0399932861328,229.5399932861328,225.7700042724609,230.25599975585936,227.79900054931642,227.52399978637695,0.010801692260428876,0.012931401315178415,0.011024656368842312,0.035788641883993,59.97867513907161,1.6337559223948654,1.0278036880640202,1
2024-10-16,AAPL,231.6000061035156,232.1199951171875,229.83999633789065,231.77999877929688,34082200,232.1499938964844,233.8500061035156,231.3000030517578,227.5500030517578,229.0399932861328,229.5399932861328,230.7040008544922,228.29900054931642,228.0784996032715,0.011165501541988001,0.013504932774216811,-0.008851859184054955,0.009758671946860975,55.54687093322254,0.8578091840063143,1.0162290579009592,2
2024-10-17,AAPL,233.42999267578125,233.8500061035156,230.5200042724609,232.1499938964844,32993800,235.0,231.77999877929688,233.8500061035156,231.3000030517578,227.5500030517578,229.0399932861328,231.3260009765625,228.9470001220703,228.24249954223632,0.010938189312901284,0.013276622596884917,0.0015963203000093351,0.013578417313636404,55.66234069916993,0.8107831818849779,1.0171199244754372,3
2024-10-18,AAPL,236.17999267578125,236.17999267578125,234.00999450683597,235.0,46431500,236.47999572753903,232.1499938964844,231.77999877929688,233.8500061035156,231.3000030517578,227.5500030517578,232.81600036621094,229.76699981689453,228.5824996948242,0.010163231686523376,0.013599034549768305,0.01227657195109133,0.0327400432798397,52.767018370509234,1.0642543125776447,1.0280752039799357,4
2024-10-21,AAPL,234.4499969482422,236.8500061035156,234.4499969482422,236.47999572753903,36254500,235.8600006103516,235.0,232.1499938964844,231.77999877929688,233.8500061035156,231.3000030517578,233.85199890136718,231.24599914550782,229.082999420166,0.008558286852100553,0.010018683181112627,0.00629785415974049,0.022395125842787467,66.65584412370563,0.8450404496875253,1.03228959078629,0
2024-10-22,AAPL,233.88999938964844,236.22000122070312,232.6000061035156,235.8600006103516,38846600,230.75999450683597,236.47999572753903,235.0,232.1499938964844,231.77999877929688,233.8500061035156,234.25399780273438,232.25499877929687,229.50749969482422,0.00810904595682464,0.00943795820073936,-0.002621765597043413,0.00859522965308912,64.70208044369106,1.0298204853861384,1.027678838050932,1
2024-10-23,AAPL,234.0800018310547,235.13999938964844,227.75999450683597,230.75999450683597,52287000,230.57000732421875,235.8600006103516,236.47999572753903,235.0,232.1499938964844,231.77999877929688,234.04999694824218,232.3769989013672,229.72699966430665,0.012884434589350211,0.011462155900740699,-0.021623022514703494,-0.004400743281702035,57.298533195638164,1.2641105460284487,1.004496619222115,2
2024-10-24,AAPL,229.97999572753903,230.82000732421875,228.41000366210935,230.57000732421875,31109500,231.41000366210935,230.75999450683597,235.8600006103516,236.47999572753903,235.0,232.1499938964844,233.73399963378907,232.53000030517578,229.87949981689454,0.012816495492558347,0.011433775757715006,-0.0008233107433688325,-0.006805886770646086,55.555565549202115,0.7590308062642153,1.003003780275641,3
2024-10-25,AAPL,229.7400054931641,233.22000122070312,229.57000732421875,231.41000366210935,38802300,233.3999938964844,230.57000732421875,230.75999450683597,235.8600006103516,236.47999572753903,235.0,233.01600036621093,232.91600036621094,230.06050033569335,0.010980391972846563,0.011168005485725444,0.0036431292501519774,-0.015276580161236786,66.38572154691133,0.9833329869908702,1.0058658627815156,4
2023-12-11,AMZN,145.66000366210938,146.19000244140625,143.63999938964844,145.88999938964844,50907300,147.47999572753906,147.4199981689453,146.8800048828125,144.52000427246094,146.8800048828125,144.83999633789062,146.31800231933593,146.29000091552734,145.68550033569335,0.01442868589844116,0.011262754660110475,-0.010378502226973785,0.007249399877836904,49.38961021825635,1.0989424465556656,1.001403702176839,0
2023-12-12,AMZN,145.52000427246094,147.5,145.3000030517578,147.47999572753906,44944300,148.83999633789062,145.88999938964844,147.4199981689453,146.8800048828125,144.52000427246094,146.8800048828125,146.43800048828126,146.33500061035156,145.93000030517578,0.013791888615464681,0.011789403615721441,0.010898597193382598,0.00408490485280999,59.41114886140738,0.9781497805793818,1.0106214994800373,1
2023-12-13,AMZN,148.1199951171875,149.4600067138672,146.82000732421875,148.83999633789062,52766200,147.4199981689453,147.47999572753906,145.88999938964844,147.4199981689453,146.8800048828125,144.52000427246094,147.3019989013672,146.58699951171874,146.0819999694824,0.010182385279750775,0.011937528911836,0.009221593773735215,0.0298920006761505,56.061441621861505,1.0864906357817818,1.018879782375545,2
2023-12-14,AMZN,149.92999267578125,150.5399932861328,145.52000427246094,147.4199981689453,58400800,149.97000122070312,148.83999633789062,147.47999572753906,145.88999938964844,147.4199981689453,146.8800048828125,147.40999755859374,146.71999969482422,146.2930000305176,0.010161929224347388,0.012440975135222484,-0.00954043404920335,0.0036764247561378305,51.79323043840066,1.1732882882520896,1.0077037051546733,3
2023-12-15,AMZN,148.3800048828125,150.57000732421875,147.8800048828125,149.97000122070312,110039100,154.07000732421875,147.4199981689453,148.83999633789062,147.47999572753906,145.88999938964844,147.4199981689453,147.9199981689453,147.01399993896484,146.65,0.012654185873241833,0.013407251359611207,0.01729753821347546,0.01729753821347546,55.45810191708948,1.735316631641496,1.0226389445666766,4
2023-12-18,AMZN,150.55999755859375,154.85000610351562,150.0500030517578,154.07000732421875,62512800,153.7899932861328,149.97000122070312,147.4199981689453,148.83999633789062,147.47999572753906,145.88999938964844,149.55599975585938,147.93700103759767,147.09450073242186,0.013524882906384114,0.014105713077853604,0.027338841569267247,0.05606969613265167,64.71572866418052,0.951016116194329,1.0474219400253852,0
2023-12-19,AMZN,154.39999389648438,155.1199951171875,152.69000244140625,153.7899932861328,43171300,152.1199951171875,154.07000732421875,149.97000122070312,147.4199981689453,148.83999633789062,147.47999572753906,150.81799926757813,148.62799987792968,147.47750015258788,0.014703114436411355,0.014024994697002673,-0.0018174467759756174,0.042785447120917475,65.90032888518769,0.6603333474053367,1.0428030928583254,1
2023-12-20,AMZN,152.89999389648438,155.6300048828125,151.55999755859375,152.1199951171875,50322100,153.83999633789062,153.7899932861328,154.07000732421875,149.97000122070312,147.4199981689453,148.83999633789062,151.4739990234375,149.38799896240235,147.88850021362305,0.01701712156444479,0.013243129296257825,-0.01085895208954335,0.022037079145384775,62.09384911623967,0.775507857853739,1.0286127379576648,2
2023-12-21,AMZN,153.3000030517578,153.97000122070312,152.10000610351562,153.83999633789062,36305700,153.4199981689453,152.1199951171875,153.7899932861328,154.07000732421875,149.97000122070312,147.4199981689453,152.75799865722655,150.08399810791016,148.24499969482423,0.015176283131747953,0.01286462935030488,0.011306871390431628,0.04354903166928481,63.24385791236679,0.6003899441377737,1.0377415538775958,3
2023-12-22,AMZN,153.77000427246094,154.35000610351562,152.7100067138672,153.4199981689453,29480100,153.41000366210938,153.83999633789062,152.1199951171875,153.7899932861328,154.07000732421875,149.97000122070312,153.447998046875,150.68399810791016,148.5789993286133,0.01496595089754465,0.013079787936165514,-0.0027300973670256745,0.023004580383813034,67.91979007389098,0.6645888940989756,1.0325819857598122,4
2023-12-26,AMZN,153.55999755859375,153.97999572753906,153.02999877929688,153.41000366210938,25067200,153.33999633789062,153.4199981689453,153.83999633789062,152.1199951171875,153.7899932861328,154.07000732421875,153.3159973144531,151.43599853515624,148.8629997253418,0.00795383411055609,0.012189945501327484,-6.514474615582078e-05,-0.004283790684325051,64.9018660151794,0.6798939388021681,1.0305448898998204,1
2023-12-27,AMZN,153.55999755859375,154.77999877929688,153.1199951171875,153.33999633789062,31434700,153.3800048828125,153.41000366210938,153.4199981689453,153.83999633789062,152.1199951171875,153.7899932861328,153.2259979248047,152.0219985961914,149.1784996032715,0.007934985782600214,0.01211897196151016,-0.0004563413242133496,-0.002926048298896422,72.47703211265679,0.9105711263207535,1.0278960892198696,2
2023-12-28,AMZN,153.72000122070312,154.0800018310547,152.9499969482422,153.3800048828125,27057000,151.94000244140625,153.33999633789062,153.41000366210938,153.4199981689453,153.83999633789062,152.1199951171875,153.47799987792968,152.4759994506836,149.53149948120117,0.005516962406340156,0.012018354648129542,0.0002609139551152939,0.008282998988097034,68.78610728416774,0.9058573889799906,1.025737088272128,3
2023-12-29,AMZN,153.10000610351562,153.88999938964844,151.02999877929688,151.94000244140625,39789000,149.92999267578125,153.3800048828125,153.33999633789062,153.41000366210938,153.4199981689453,153.83999633789062,153.0980010986328,152.9279998779297,149.82399978637696,0.004038212689890477,0.012000715181053702,-0.009388462612883952,-0.012350454639320607,62.41757541561274,1.3017575313424241,1.0141232556736326,4
2024-01-02,AMZN,151.5399932861328,152.3800048828125,148.38999938964844,149.92999267578125,47339400,148.47000122070312,151.94000244140625,153.3800048828125,153.33999633789062,153.41000366210938,153.4199981689453,152.4,152.9239990234375,149.96899948120117,0.006299778336409096,0.01186660761601387,-0.013228970207501023,-0.022748048069462845,60.81366426648914,1.3867288310260928,0.9997399008758153,1
2024-01-03,AMZN,149.1999969482422,151.0500030517578,148.3300018310547,148.47000122070312,49425500,144.57000732421875,149.92999267578125,151.94000244140625,153.3800048828125,153.33999633789062,153.41000366210938,151.41199951171876,152.36399841308594,150.1504997253418,0.006048574132730441,0.007302746081947315,-0.00973782115920796,-0.03220130580458602,52.6684735891815,1.267024224078882,0.9888079060162126,2
2024-01-04,AMZN,145.58999633789062,147.3800048828125,144.0500030517578,144.57000732421875,56039800,145.24000549316406,148.47000122070312,149.92999267578125,151.94000244140625,153.3800048828125,153.33999633789062,149.6580017089844,151.44199981689454,150.0349998474121,0.00957619748118933,0.01015078361671057,-0.026267891590348702,-0.057193095233593616,39.87675776106315,1.2756572139310278,0.9635752155913531,3
2024-01-05,AMZN,144.69000244140625,146.58999633789062,144.52999877929688,145.24000549316406,45124800,149.10000610351562,144.57000732421875,148.47000122070312,149.92999267578125,151.94000244140625,153.3800048828125,148.03000183105468,150.75400085449218,150.07099990844728,0.011028344516735704,0.01052212179504341,0.00463442024626004,-0.05307079886891175,44.64112635821048,0.9491225966847343,0.9678086078041033,4
2024-01-08,AMZN,146.74000549316406,149.39999389648438,146.14999389648438,149.10000610351562,46757100,151.3699951171875,145.24000549316406,144.57000732421875,148.47000122070312,149.92999267578125,151.94000244140625,147.46200256347657,150.28000183105468,150.18199996948243,0.02014114101075739,0.013707568254837032,0.026576703830634596,-0.01869156438236752,47.9907756671572,0.9554487250221303,0.9927954490805377,0
2024-01-09,AMZN,148.3300018310547,151.7100067138672,148.2100067138672,151.3699951171875,43812600,153.72999572753906,149.10000610351562,145.24000549316406,144.57000732421875,148.47000122070312,149.92999267578125,147.7500030517578,150.07500152587892,150.37949981689454,0.020752457275576616,0.014878579690206704,0.015224607114340927,0.00960449884447212,43.18867000686723,0.9083727884995758,1.0065866378163182,1
2024-01-10,AMZN,152.05999755859375,154.4199981689453,151.8800048828125,153.72999572753906,44421800,155.17999267578125,151.3699951171875,149.10000610351562,145.24000549316406,144.57000732421875,148.47000122070312,148.802001953125,150.10700073242188,150.77149963378906,0.020229490757841237,0.015810996299591817,0.015590940651907248,0.035427995309415206,49.86301923444056,0.9405177338209769,1.0196223828836082,2
2024-01-11,AMZN,155.0399932861328,157.1699981689453,153.1199951171875,155.17999267578125,49072700,154.6199951171875,153.72999572753906,151.3699951171875,149.10000610351562,145.24000549316406,144.57000732421875,150.9239990234375,150.29100036621094,151.15649948120117,0.008221289578061725,0.016064183691759052,0.009432101662268044,0.07338994821912204,57.057192325558475,1.0705727587275131,1.0266180627918051,3
2024-01-12,AMZN,155.38999938964844,156.1999969482422,154.00999450683594,154.6199951171875,40460300,153.16000366210938,155.17999267578125,153.72999572753906,151.3699951171875,149.10000610351562,145.24000549316406,152.79999694824218,150.41499938964844,151.44549942016602,0.010999212153782799,0.016138686824205207,-0.0036086969005325598,0.06458268568755265,51.900582838463464,0.9010219374723025,1.0209613075936594,4
2024-01-16,AMZN,153.52999877929688,154.99000549316406,152.14999389648438,153.16000366210938,41384600,151.7100067138672,154.6199951171875,155.17999267578125,153.72999572753906,151.3699951171875,149.10000610351562,153.61199645996095,150.53699951171876,151.7324996948242,0.01138072072253355,0.016142527902631106,-0.009442449238027617,0.02723002945938857,49.397043784126176,0.9441985471271082,1.0094080303834463,1
2024-01-17,AMZN,151.49000549316406,152.14999389648438,149.91000366210938,151.7100067138672,34953400,153.5,153.16000366210938,154.6199951171875,155.17999267578125,153.72999572753906,151.3699951171875,153.67999877929688,150.71500091552736,151.81949996948242,0.011430198614445518,0.015816787047223915,-0.009467203666572499,0.0022462284973745472,46.30435200855555,0.8310650673727298,0.9992787932008915,2
2024-01-18,AMZN,152.77000427246094,153.77999877929688,151.82000732421875,153.5,37850200,155.33999633789062,151.7100067138672,153.16000366210938,154.6199951171875,155.17999267578125,153.72999572753906,153.63399963378907,151.21800079345704,151.79099960327147,0.010242738515609492,0.015612766827848451,0.011798781932089941,-0.0014961018274318727,50.32363238620091,0.9289705735092862,1.0112589046860174,3
2024-01-19,AMZN,153.8300018310547,155.75999450683594,152.74000549316406,155.33999633789062,51033700,154.77999877929688,153.5,151.7100067138672,153.16000366210938,154.6199951171875,155.17999267578125,153.66600036621094,152.2949996948242,151.86849975585938,0.01089021792275662,0.011725702925333705,0.011986946826648914,0.0010310843514709234,53.695313956405364,1.2405959290594908,1.022858569009452,4
2024-01-22,AMZN,156.88999938964844,157.0500030517578,153.89999389648438,154.77999877929688,43687500,156.02000427246094,155.33999633789062,153.5,151.7100067138672,153.16000366210938,154.6199951171875,153.6980010986328,153.2489990234375,152.00149993896486,0.010889888486410312,0.012211116123815376,-0.003604979862209201,0.0010348186985007501,55.538224406965256,1.0456087662881612,1.0182794172521172,0
2024-01-23,AMZN,154.85000610351562,156.2100067138672,153.92999267578125,156.02000427246094,37986000,156.8699951171875,154.77999877929688,155.33999633789062,153.5,151.7100067138672,153.16000366210938,154.27000122070314,153.94099884033204,152.11050033569336,0.009741404484163108,0.010026851618881135,0.008011406531487353,0.018673286380046727,62.24371532330353,0.9241850063354334,1.0257017360940874,1
2024-01-24,AMZN,157.8000030517578,158.50999450683594,156.47999572753906,156.8699951171875,48547300,157.75,156.02000427246094,154.77999877929688,155.33999633789062,153.5,151.7100067138672,155.3019989013672,154.49099884033203,152.28300018310546,0.006391898329278435,0.009327168669986407,0.005447960655367012,0.03401218228835967,67.31247248254607,1.1078561984293354,1.0301215167061761,2
2024-01-25,AMZN,156.9499969482422,158.50999450683594,154.5500030517578,157.75,43638600,159.1199951171875,156.8699951171875,156.02000427246094,154.77999877929688,155.33999633789062,153.5,156.1519989013672,154.89299926757812,152.5,0.005729366893849787,0.008390125826736634,0.005609771850602074,0.027687296416938123,81.0264069506646,0.9702076230884807,1.0344262295081967,3
2024-01-26,AMZN,158.4199981689453,160.72000122070312,157.91000366210938,159.1199951171875,51047400,161.25999450683594,157.75,156.8699951171875,156.02000427246094,154.77999877929688,155.33999633789062,156.90799865722656,155.28699951171876,152.78899993896485,0.004927424964345956,0.00832573782760137,0.008684596622424712,0.024333712298246324,81.63176171204786,1.1348567495513697,1.0414361975060489,4
2024-01-29,AMZN,159.33999633789062,161.2899932861328,158.89999389648438,161.25999450683594,45270400,159.0,159.1199951171875,157.75,156.8699951171875,156.02000427246094,154.77999877929688,158.20399780273436,155.95099945068358,153.18299942016603,0.0032441034710597423,0.008666082202720176,0.01344896590822775,0.041865846870686285,80.0692759605625,0.9993920253327193,1.0527277512337743,0
2024-01-30,AMZN,160.6999969482422,161.72999572753906,158.49000549316406,159.0,45207400,155.1999969482422,161.25999450683594,159.1199951171875,157.75,156.8699951171875,156.02000427246094,158.79999694824218,156.53499908447264,153.5359992980957,0.01049174254172623,0.009544672153366221,-0.014014601164705653,0.019100087462727178,68.87684223242329,0.96716416122298,1.0355877496279928,1
2024-01-31,AMZN,157.0,159.00999450683594,154.80999755859375,155.1999969482422,50284400,159.27999877929688,159.0,161.25999450683594,159.1199951171875,157.75,156.8699951171875,158.46599731445312,156.88399810791014,153.79949951171875,0.016083126954141075,0.012427709772563054,-0.023899390262627773,-0.010645746292640368,53.39492773030591,1.067844222211085,1.009105994759214,2
2024-02-01,AMZN,155.8699951171875,159.75999450683594,155.6199951171875,159.27999877929688,76542400,171.80999755859375,155.1999969482422,159.0,161.25999450683594,159.1199951171875,157.75,158.7719970703125,157.46199798583984,154.33999938964843,0.020572411437333234,0.01434846135520562,0.026288672108771616,0.00969888291154919,58.443186702966045,1.4261566897209634,1.0320072528779585,3
2024-02-02,AMZN,169.19000244140625,172.5,167.3300018310547,171.80999755859375,117154900,170.30999755859375,159.27999877929688,155.1999969482422,159.0,161.25999450683594,159.1199951171875,161.30999755859375,159.10899810791017,155.70199890136718,0.040411147505210084,0.027782481653515698,0.07866649218561839,0.07975114901216784,73.7103681559538,1.7514063735669043,1.103454026093978,4
2024-02-05,AMZN,170.1999969482422,170.5500030517578,167.6999969482422,170.30999755859375,55081300,169.14999389648438,171.80999755859375,159.27999877929688,155.1999969482422,159.0,161.25999450683594,163.1199981689453,160.66199798583983,156.95549850463868,0.041962182180472235,0.02811615545014938,-0.008730574595861018,0.05612057149967331,73.62910482277258,0.7999714759096338,1.085084620680303,0
2024-02-06,AMZN,169.38999938964844,170.7100067138672,167.64999389648438,169.14999389648438,42505500,170.52999877929688,170.30999755859375,171.80999755859375,159.27999877929688,155.1999969482422,159.0,165.14999694824218,161.9749969482422,157.9579978942871,0.04097220986484057,0.028616059596566885,-0.00681113075414308,0.06383643960053065,74.22221468701456,0.6222104790107987,1.0708542533546639,1
2024-02-07,AMZN,169.47999572753906,170.8800048828125,168.94000244140625,170.52999877929688,47174100,169.83999633789062,169.14999389648438,170.30999755859375,171.80999755859375,159.27999877929688,155.1999969482422,168.21599731445312,163.34099731445312,158.91599807739257,0.03593268050842302,0.028597094751501885,0.008158468416245013,0.09877578693617561,73.92526065135614,0.696896987574832,1.0730826401521152,2
2024-02-08,AMZN,169.64999389648438,171.42999267578125,168.8800048828125,169.83999633789062,42316500,174.4499969482422,170.52999877929688,169.14999389648438,170.30999755859375,171.80999755859375,159.27999877929688,170.32799682617187,164.54999694824218,159.72149810791015,0.03704659316927552,0.028876196000705047,-0.004046223223746481,0.06629832772177502,71.05110187589165,0.695463630916244,1.0633508848204283,3
2024-02-09,AMZN,170.89999389648438,175.0,170.5800018310547,174.4499969482422,56986000,172.33999633789062,169.83999633789062,170.52999877929688,169.14999389648438,170.30999755859375,171.80999755859375,170.85599670410156,166.08299713134767,160.68499832153321,0.014940848700541274,0.02952354507666283,0.02714319777292107,0.015365807736235526,75.55208542700619,1.167442557958301,1.0856644912125835,4
2024-02-12,AMZN,174.8000030517578,175.38999938964844,171.5399932861328,172.33999633789062,51050400,168.63999938964844,174.4499969482422,169.83999633789062,170.52999877929688,169.14999389648438,170.30999755859375,171.26199645996093,167.1909973144531,161.57099838256835,0.01566740085067191,0.030251564115056667,-0.012095159915523457,0.011919434022647168,70.73169691610418,1.0634059971045589,1.0666518005281085,0
2024-02-13,AMZN,167.72999572753906,170.9499969482422,165.75,168.63999938964844,56345100,170.97999572753906,172.33999633789062,174.4499969482422,169.83999633789062,170.52999877929688,169.14999389648438,171.15999755859374,168.15499725341797,162.34499816894532,0.018880133356863327,0.030913357449792383,-0.021469171561243172,-0.003015043010572316,63.94219663627079,1.1097143010200805,1.038775455306311,1
2024-02-14,AMZN,169.2100067138672,171.2100067138672,168.27999877929688,170.97999572753906,42815500,169.8000030517578,168.63999938964844,172.33999633789062,174.4499969482422,169.83999633789062,170.52999877929688,171.2499969482422,169.73299713134764,163.3084976196289,0.019688542050830836,0.029062887975065014,0.013875689909627953,0.0026388140002544525,65.14769439233363,0.8579796283567823,1.046975498640483,2
2024-02-15,AMZN,170.5800018310547,171.1699981689453,167.58999633789062,169.8000030517578,49855200,169.50999450683594,170.97999572753906,168.63999938964844,172.33999633789062,174.4499969482422,169.83999633789062,171.24199829101562,170.78499755859374,164.1234977722168,0.019900211000520286,0.028903185342924582,-0.006901349311422389,-0.00023547625409303663,62.28151907085617,0.9697485569078965,1.0345867919986649,3
2024-02-16,AMZN,168.74000549316406,170.4199981689453,167.1699981689453,169.50999450683594,48074600,167.0800018310547,169.8000030517578,170.97999572753906,168.63999938964844,172.33999633789062,174.4499969482422,170.25399780273438,170.55499725341798,164.83199768066407,0.013135296714230405,0.014050554089524964,-0.0017079419299743659,-0.02831758399440909,59.90871851111183,0.9686959984009079,1.0283803927149797,4
2024-02-20,AMZN,167.8300018310547,168.7100067138672,165.74000549316406,167.0800018310547,41980300,168.58999633789062,169.50999450683594,169.8000030517578,170.97999572753906,168.63999938964844,172.33999633789062,169.20199890136718,170.23199768066405,165.44699783325194,0.013444268212345256,0.01448675797407365,-0.01433539469369316,-0.030521031789528252,59.66507325495865,0.8779892308007631,1.0098702546385798,1
2024-02-21,AMZN,168.94000244140625,170.22999572753906,167.13999938964844,168.58999633789062,44575600,174.5800018310547,167.0800018310547,169.50999450683594,169.8000030517578,170.97999572753906,168.63999938964844,169.19199829101564,170.17599792480468,166.07549743652345,0.011513700323544283,0.014744556807384096,0.00903755380828164,-0.0002965076609273698,66.94507877915768,0.9805403579039618,1.015140697695807,2
2024-02-22,AMZN,173.10000610351562,174.8000030517578,171.77000427246094,174.5800018310547,55392400,174.99000549316406,168.58999633789062,167.0800018310547,169.50999450683594,169.8000030517578,170.97999572753906,169.91199951171876,170.58099822998048,166.96099777221679,0.019407465747628926,0.01853024749678061,0.035530017339574504,0.02105513038643614,68.469342984217,1.154594771260903,1.0456334363144646,3
2024-02-23,AMZN,174.27999877929688,175.75,173.6999969482422,174.99000549316406,59715200,174.72999572753906,174.5800018310547,168.58999633789062,167.0800018310547,169.50999450683594,169.8000030517578,170.95,171.09599914550782,167.822998046875,0.018488985313563158,0.01838891987200959,0.0023485144793740087,0.030565384853522337,55.42663413541784,1.1955564649526844,1.0427057526661943,4
2024-02-26,AMZN,175.6999969482422,176.3699951171875,174.25999450683594,174.72999572753906,44368600,173.5399932861328,174.99000549316406,174.5800018310547,168.58999633789062,167.0800018310547,169.50999450683594,171.99400024414064,171.1239990234375,168.60349807739257,0.01846556641572873,0.016353058666647134,-0.0014858549486425066,0.030794651583170296,57.87597318239139,0.9016831543526231,1.036336717327978,0
2024-02-27,AMZN,174.0800018310547,174.6199951171875,172.86000061035156,173.5399932861328,31141700,173.16000366210938,174.72999572753906,174.99000549316406,174.5800018310547,168.58999633789062,167.0800018310547,173.28599853515624,171.2439987182617,169.2174980163574,0.01658214114635533,0.015990080949892904,-0.006810521779339163,0.038664061433338004,57.814164430902814,0.6620442316645656,1.0255440206860733,1
2024-02-28,AMZN,172.44000244140625,174.0500030517578,172.27000427246094,173.16000366210938,28180500,176.75999450683594,173.5399932861328,174.72999572753906,174.99000549316406,174.5800018310547,168.58999633789062,174.2,171.6959991455078,169.92549819946288,0.017111495609287274,0.014050233953528425,-0.0021896371944472026,0.027107227139737677,54.85419940632094,0.6439832283965513,1.0190348446638053,2
2024-02-29,AMZN,173.00999450683594,177.22000122070312,172.85000610351562,176.75999450683594,53805400,178.22000122070312,173.16000366210938,173.5399932861328,174.72999572753906,174.99000549316406,174.5800018310547,174.63599853515626,172.2739990234375,171.00349807739258,0.010713388369476315,0.01480897815829547,0.02078996747858297,0.012487069841429443,61.533336147733635,1.238549173754232,1.0336630331786434,3
2024-03-01,AMZN,176.75,178.72999572753906,176.07000732421875,178.22000122070312,31956200,177.5800018310547,176.75999450683594,173.16000366210938,173.5399932861328,174.72999572753906,174.99000549316406,175.28199768066406,173.11599884033203,171.95049819946288,0.011010337977998167,0.014404596316309274,0.00825982552183624,0.018458172616408364,57.02049452132566,0.8433833511742264,1.0364610925056326,4
2024-03-04,AMZN,177.52999877929688,180.13999938964844,177.49000549316406,177.5800018310547,37381500,174.1199951171875,178.22000122070312,176.75999450683594,173.16000366210938,173.5399932861328,174.72999572753906,175.85199890136718,173.9229995727539,172.23899841308594,0.011295397463094515,0.014513115199178344,-0.003591063770984282,0.016310914972834434,60.323104088671755,1.0243454508884704,1.0310092572946765,0
2024-03-05,AMZN,176.92999267578125,176.92999267578125,173.3000030517578,174.1199951171875,37228300,173.50999450683594,177.5800018310547,178.22000122070312,176.75999450683594,173.16000366210938,173.5399932861328,175.96799926757814,174.6269989013672,172.42949829101562,0.01495750012784289,0.015333780438042921,-0.01948421375262155,0.0033421796329009545,60.89895755883647,0.9872162518648712,1.0098039885456187,1
2024-03-06,AMZN,175.5399932861328,176.4600067138672,173.25999450683594,173.50999450683594,32090900,176.82000732421875,174.1199951171875,177.5800018310547,178.22000122070312,176.75999450683594,173.16000366210938,176.03799743652343,175.1189987182617,172.6474983215332,0.01503354413161033,0.015410495084186364,-0.0035033346396604603,0.0020211991067493607,55.403670191200874,0.8336931440599016,1.0049957062435766,2
2024-03-07,AMZN,174.8300018310547,177.99000549316406,173.72000122070312,176.82000732421875,34063300,175.35000610351562,173.50999450683594,174.1199951171875,177.5800018310547,178.22000122070312,176.75999450683594,176.05,175.34299926757814,172.9619987487793,0.014464069275528702,0.012065063442903848,0.019076784751165476,0.0003395158364325468,63.743143558544645,0.9860832722518849,1.0223055272449937,3
2024-03-08,AMZN,176.44000244140625,178.7899932861328,174.3300018310547,175.35000610351562,37853500,171.9600067138672,176.82000732421875,173.50999450683594,174.1199951171875,177.5800018310547,178.22000122070312,175.4760009765625,175.37899932861328,173.23749923706055,0.014034041042303769,0.012431680016767118,-0.008313545751684748,-0.016103664558016484,60.92815867303439,1.059624616848853,1.0121942816985847,4
2024-03-11,AMZN,174.30999755859375,174.47000122070312,171.47000122070312,171.9600067138672,28484800,175.38999938964844,175.35000610351562,176.82000732421875,173.50999450683594,174.1199951171875,177.5800018310547,174.352001953125,175.10200042724608,173.1129997253418,0.015807692377318158,0.01390614062213029,-0.019332758891648982,-0.03164768025249953,58.81503033563796,0.8391664427695368,0.9933396509025669,0
2024-03-12,AMZN,173.5,176.75999450683594,171.97999572753906,175.38999938964844,36610600,176.55999755859375,171.9600067138672,175.35000610351562,176.82000732421875,173.50999450683594,174.1199951171875,174.6060028076172,175.28700103759766,173.2654998779297,0.01735317016784153,0.01527928541585078,0.019946455814511488,0.00729384509576958,61.4864833516937,1.082493461089714,1.01226152646208,1
2024-03-13,AMZN,175.89999389648438,177.6199951171875,175.5500030517578,176.55999755859375,30772600,178.75,175.38999938964844,171.9600067138672,175.35000610351562,176.82000732421875,173.50999450683594,175.21600341796875,175.6270004272461,173.66149978637696,0.01720473098175905,0.01531993578684499,0.0066708374081581034,0.017578255710437807,53.99514650091781,0.9170258569310211,1.0166905029369333,2
2024-03-14,AMZN,177.69000244140625,179.52999877929688,176.47000122070312,178.75,43705800,174.4199981689453,176.55999755859375,175.38999938964844,171.9600067138672,175.35000610351562,176.82000732421875,175.602001953125,175.8260009765625,174.05,0.015915459801976988,0.014380990991381029,0.012403729449981915,0.010915012984036299,57.078299496104016,1.2316537533964615,1.0270037345590346,3
2024-03-15,AMZN,176.63999938964844,177.92999267578125,173.89999389648438,174.4199981689453,72115500,174.47999572753906,178.75,176.55999755859375,175.38999938964844,171.9600067138672,175.35000610351562,175.41600036621094,175.4460006713867,174.28099975585937,0.019701820217492345,0.016169888387290752,-0.024223786467438835,-0.005303723422862561,49.49396423575548,1.7033336120436886,1.0007975534526463,4
2024-03-18,AMZN,175.8000030517578,176.69000244140625,174.27999877929688,174.47999572753906,31250700,175.89999389648438,174.4199981689453,178.75,176.55999755859375,175.38999938964844,171.9600067138672,175.9199981689453,175.13600006103516,174.52949981689454,0.016861735716627104,0.016175695370646042,0.00034398325434925603,0.014654506369408349,51.59322447695974,0.7286067206577411,0.9997163568943507,0
2024-03-19,AMZN,174.22000122070312,176.08999633789062,173.52000427246094,175.89999389648438,26880900,178.14999389648438,174.47999572753906,174.4199981689453,178.75,176.55999755859375,175.38999938964844,176.0219970703125,175.31399993896486,174.97049942016602,0.014571162968750884,0.015113888848043936,0.00813845829732096,0.002907774152521192,54.48590286139688,0.6565107912790541,1.0053122925258748,1
2024-03-20,AMZN,176.13999938964844,178.52999877929688,174.63999938964844,178.14999389648438,29947200,178.14999389648438,175.89999389648438,174.47999572753906,174.4199981689453,178.75,176.55999755859375,176.33999633789062,175.7779998779297,175.4484992980957,0.015433254504838428,0.015434946588052625,0.012791359170393646,0.009005416628208529,52.38094989171442,0.734359620225787,1.0153976500750725,2
2024-03-21,AMZN,179.99000549316406,181.4199981689453,178.14999389648438,178.14999389648438,32824300,178.8699951171875,178.14999389648438,175.89999389648438,174.47999572753906,174.4199981689453,178.75,176.2199951171875,175.91099853515624,175.6269989013672,0.014274304230005485,0.014332365090008545,0.0,-0.003356677502185268,49.87376975030182,0.850288521417107,1.0143656442967184,3
2024-03-22,AMZN,177.75,179.25999450683594,176.75,178.8699951171875,27964100,179.7100067138672,178.14999389648438,178.14999389648438,175.89999389648438,174.47999572753906,174.4199981689453,177.10999450683593,176.26299743652345,175.82099838256835,0.0054344373559389375,0.013983668059670962,0.0040415450203241665,0.025513111999530436,52.31929646096117,0.9392297295844887,1.0173414823181977,4
2024-03-25,AMZN,178.00999450683594,180.9900054931641,177.24000549316406,179.7100067138672,29815500,178.3000030517578,178.8699951171875,178.14999389648438,178.14999389648438,175.89999389648438,174.47999572753906,178.15599670410157,177.03799743652343,176.06999893188475,0.004801272448634622,0.011787860497445242,0.004696213001679439,0.029974845910101244,61.09568810790543,1.011161077649357,1.0206736400526168,0
2024-03-26,AMZN,180.1499938964844,180.4499969482422,177.9499969482422,178.3000030517578,29659000,179.8300018310547,179.7100067138672,178.8699951171875,178.14999389648438,178.14999389648438,175.89999389648438,178.63599853515626,177.32899780273436,176.30799942016603,0.007518667188809051,0.010985387423003938,-0.007845994154095037,0.013644168496593778,59.21509180511507,0.9872505244321121,1.0112984302365349,1
2024-03-27,AMZN,179.8800048828125,180.0,177.30999755859375,179.8300018310547,33272600,180.3800048828125,178.3000030517578,179.7100067138672,178.8699951171875,178.14999389648438,178.14999389648438,178.9720001220703,177.65599822998047,176.6414993286133,0.006237698311750486,0.011097431813375115,0.008581036192426339,0.009430300264542835,56.21642641906384,1.0835474531948637,1.0180506988140408,2
2024-03-28,AMZN,180.1699981689453,181.6999969482422,179.25999450683594,180.3800048828125,38051600,180.97000122070312,179.8300018310547,178.3000030517578,179.7100067138672,178.8699951171875,178.14999389648438,179.41800231933593,177.81899871826172,176.8224998474121,0.006154875954764433,0.010490842236186779,0.0030584610251771505,0.012517603495534768,60.7986194371612,1.1983789653495656,1.0201190744304052,3
2024-04-01,AMZN,180.7899932861328,183.0,179.9499969482422,180.97000122070312,29174500,180.69000244140625,180.3800048828125,179.8300018310547,178.3000030517578,179.7100067138672,178.8699951171875,179.83800354003907,178.4739990234375,176.95999984741212,0.006116344654958091,0.0056386003431679295,0.003270852211551434,0.01174040454431613,71.98631549865098,0.9118558608566935,1.022660496025931,0
2024-04-02,AMZN,179.07000732421875,180.7899932861328,178.3800048828125,180.69000244140625,32611500,182.41000366210935,180.97000122070312,180.3800048828125,179.8300018310547,178.3000030517578,179.7100067138672,180.03400268554688,179.09499969482422,177.1154998779297,0.006155334073032346,0.005793538081969523,-0.0015472110151306673,0.005453206226292195,65.28258220073127,1.0017712196164876,1.0201817602973209,1
2024-04-03,AMZN,179.89999389648438,182.8699951171875,179.8000030517578,182.41000366210935,31046600,180.0,180.69000244140625,180.97000122070312,180.3800048828125,179.8300018310547,178.3000030517578,180.8560028076172,179.74600067138672,177.53000030517578,0.004526983747586598,0.0059306929914973916,0.009519072430478559,0.023051040605750694,66.3499198253215,0.945638560205852,1.0274883306964726,2
2024-04-04,AMZN,184.0,185.1000061035156,180.0,180.0,41624300,185.07000732421875,182.41000366210935,180.69000244140625,180.97000122070312,180.3800048828125,179.8300018310547,180.89000244140624,179.93100128173828,177.854500579834,0.008476133261371237,0.00707140881320518,-0.013212014767422287,0.0009453270712025397,53.45112894718662,1.2064420014086263,1.012063228162185,3
2024-04-05,AMZN,182.3800048828125,186.2700042724609,181.97000122070312,185.07000732421875,42335200,185.19000244140625,180.0,182.41000366210935,180.69000244140625,180.97000122070312,180.3800048828125,181.8280029296875,180.6230026245117,178.267000579834,0.015283692249392682,0.011078363995966626,0.028166707356770848,0.026000678093191176,78.24932914020675,1.1973159434160237,1.0381618960450179,4
2024-04-08,AMZN,186.8999938964844,187.2899932861328,184.80999755859372,185.19000244140625,39221300,185.6699981689453,185.07000732421875,180.0,182.41000366210935,180.69000244140625,180.97000122070312,182.67200317382813,181.2550033569336,178.7590003967285,0.015412594351619827,0.0111244918124534,0.0006483768975988902,0.023318788706624405,78.31833949682365,1.0496020903569867,1.0359758223664548,0
2024-04-09,AMZN,187.2400054931641,187.33999633789065,184.1999969482422,185.6699981689453,36546900,185.9499969482422,185.19000244140625,185.07000732421875,180.0,182.41000366210935,180.69000244140625,183.66800231933593,181.85100250244142,179.44449996948242,0.015100150129289749,0.011119956807812121,0.002591909504893186,0.027560992087284797,77.18418284037394,0.9578570069448558,1.0346931680855176,1
2024-04-10,AMZN,182.7700042724609,186.2700042724609,182.6699981689453,185.9499969482422,35879200,189.0500030517578,185.6699981689453,185.19000244140625,185.07000732421875,180.0,182.41000366210935,184.3760009765625,182.61600189208986,179.9724998474121,0.014997428880508713,0.0104492240125635,0.0015080453603608657,0.019406793569777037,74.37498629094486,0.9171251116397223,1.0332133915231385,2
2024-04-11,AMZN,186.7400054931641,189.7700042724609,185.50999450683597,189.0500030517578,40020700,186.1300048828125,185.9499969482422,185.6699981689453,185.19000244140625,185.07000732421875,180.0,186.18600158691407,183.53800201416016,180.5970001220703,0.012134100974572484,0.011113162634765077,0.016671181255133227,0.0502777947319879,78.53402346655342,1.031443795028229,1.0468058878274495,3
2024-04-12,AMZN,187.72000122070312,188.3800048828125,185.0800018310547,186.1300048828125,38554300,183.6199951171875,189.0500030517578,185.9499969482422,185.6699981689453,185.19000244140625,185.07000732421875,186.39800109863282,184.11300201416014,180.96600036621095,0.011388274834420469,0.012884251096437272,-0.015445639364236818,0.005727549125433162,67.0422617947473,1.0134006299994112,1.0285357719469483,4
2024-04-15,AMZN,187.42999267578125,188.69000244140625,183.0,183.6199951171875,48052400,183.32000732421875,186.1300048828125,189.0500030517578,185.9499969482422,185.6699981689453,185.19000244140625,186.08399963378906,184.37800140380858,181.42600021362304,0.013172166900341118,0.013924100624364355,-0.013485250630092094,-0.008477819015718757,58.51107008741416,1.20702223271633,1.012093056678652,0
2024-04-16,AMZN,183.2700042724609,184.8300018310547,182.25999450683597,183.32000732421875,32891300,181.27999877929688,183.6199951171875,186.1300048828125,189.0500030517578,185.9499969482422,185.6699981689453,185.61400146484374,184.64100189208983,181.86800079345704,0.012967379302966793,0.013926260116039504,-0.001633742516860992,-0.01265681514462158,61.4821686466097,0.841649270539755,1.0079838483099108,1
2024-04-17,AMZN,184.30999755859372,184.57000732421875,179.82000732421875,181.27999877929688,31359700,179.22000122070312,183.32000732421875,183.6199951171875,186.1300048828125,189.0500030517578,185.9499969482422,184.68000183105468,184.5280014038086,182.13700103759766,0.013225321438812396,0.014139609531821374,-0.011128128209780819,-0.02511426859687005,53.240939373455454,0.8214575352685269,0.995294738282619,2
2024-04-18,AMZN,181.47000122070312,182.38999938964844,178.64999389648438,179.22000122070312,30723800,174.6300048828125,181.27999877929688,183.32000732421875,183.6199951171875,186.1300048828125,189.0500030517578,182.71400146484376,184.45000152587892,182.19050140380858,0.005316485420995766,0.013966452312448238,-0.011363622972558218,-0.05199683508263919,47.571182108626196,0.846005788034574,0.9836956363794092,3
2024-04-19,AMZN,178.74000549316406,179.0,173.44000244140625,174.6300048828125,55950000,177.22999572753906,179.22000122070312,181.27999877929688,183.32000732421875,183.6199951171875,186.1300048828125,180.41400146484375,183.40600128173827,182.014501953125,0.00857340020303266,0.011979551023414631,-0.02561096030926935,-0.061784772461809134,38.62985073973368,1.4059399770425958,0.9594290730075219,4
2024-04-22,AMZN,176.94000244140625,178.8699951171875,174.55999755859375,177.22999572753906,37924900,179.5399932861328,174.6300048828125,179.22000122070312,181.27999877929688,183.32000732421875,183.6199951171875,179.13600158691406,182.61000061035156,181.93250198364257,0.014919383599230061,0.013563028122488104,0.014888568814227066,-0.03480012830612644,44.27151148426095,1.004102733549484,0.9741524675094816,0
2024-04-23,AMZN,178.0800018310547,179.92999267578125,175.97999572753906,179.5399932861328,37046500,176.58999633789062,177.22999572753906,174.6300048828125,179.22000122070312,181.27999877929688,183.32000732421875,178.37999877929687,181.99700012207032,181.92400131225585,0.017457032616789846,0.014520788191700884,0.01303389727631088,-0.02061975718449882,45.339378041908944,0.9597295198204813,0.9868955827217591,1
2024-04-24,AMZN,179.94000244140625,180.32000732421875,176.17999267578125,176.58999633789062,34185100,173.6699981689453,179.5399932861328,177.22999572753906,174.6300048828125,179.22000122070312,181.27999877929688,177.44199829101564,181.06100006103514,181.8385009765625,0.01814319408859302,0.014967964919953402,-0.016430862529557833,-0.02587159351824686,44.55792351802662,0.8728245833254609,0.9711364501440299,2
2024-04-25,AMZN,169.67999267578125,173.9199981689453,166.32000732421875,173.6699981689453,49249400,179.6199951171875,176.58999633789062,179.5399932861328,177.22999572753906,174.6300048828125,179.22000122070312,176.33199768066407,179.52299957275392,181.53050079345704,0.01872781707292837,0.013191611746156913,-0.016535467634067658,-0.030967542762836975,30.46604184718295,1.1487764041017765,0.956698722307524,3
2024-04-26,AMZN,177.8000030517578,180.82000732421875,176.1300048828125,179.6199951171875,43919800,180.9600067138672,173.6699981689453,176.58999633789062,179.5399932861328,177.22999572753906,174.6300048828125,177.32999572753906,178.87199859619142,181.49250030517578,0.02201135234485774,0.018518739504707494,0.034260361668536854,0.028574644075189726,42.045114787479505,1.0853737315625251,0.9896827406926474,4
2024-04-29,AMZN,182.75,183.52999877929688,179.38999938964844,180.9600067138672,54063900,175.0,179.6199951171875,173.6699981689453,176.58999633789062,179.5399932861328,177.22999572753906,178.07599792480468,178.6059997558594,181.49200057983398,0.021492790821247366,0.01843570427095924,0.007460258507441919,0.021046160786813983,43.43463605209514,1.2373600860917118,0.9970687751291122,0
2024-04-30,AMZN,181.08999633789065,182.9900054931641,174.8000030517578,175.0,94639800,179.0,180.9600067138672,179.6199951171875,173.6699981689453,176.58999633789062,179.5399932861328,177.16799926757812,177.7739990234375,181.20750045776367,0.026175481160912447,0.02097939722653673,-0.03293549122868411,-0.02528680770805991,36.82310933334704,1.714128914938165,0.9657436891845956,1
2024-05-01,AMZN,181.63999938964844,185.1499938964844,176.55999755859375,179.0,94645100,184.72000122070312,175.0,180.9600067138672,179.6199951171875,173.6699981689453,176.58999633789062,177.65,177.5459991455078,181.0370002746582,0.027678520481378227,0.0224743236376569,0.02285714285714291,0.013647452925351633,38.1625397240765,1.406241270897842,0.9887481549541376,2
2024-05-02,AMZN,180.8500061035156,185.1000061035156,179.91000366210938,184.72000122070312,54303500,186.2100067138672,179.0,175.0,180.9600067138672,179.6199951171875,173.6699981689453,179.86000061035156,178.09599914550782,181.27300033569335,0.027608127936766595,0.024358687991739254,0.031955314082140474,0.06362643616203889,48.441984903746544,0.7949053801525359,1.0190155228777942,3
2024-05-03,AMZN,186.9900054931641,187.8699951171875,185.4199981689453,186.2100067138672,39172000,188.6999969482422,184.72000122070312,179.0,175.0,180.9600067138672,179.6199951171875,181.1780029296875,179.25399932861328,181.3300003051758,0.02484579229389899,0.022145867020129006,0.008066292135759712,0.036688630307445624,52.927890398898526,0.5814901122038998,1.0269122947139382,4
2024-05-06,AMZN,186.27999877929688,188.75,184.8000030517578,188.6999969482422,34725300,188.75999450683597,186.2100067138672,184.72000122070312,179.0,175.0,180.9600067138672,182.7260009765625,180.4009994506836,181.50550003051757,0.024984846887632542,0.022088387525206102,0.013371946429286963,0.042771827736575174,55.79490503687979,0.5468797492296503,1.0396379003199074,0
2024-05-07,AMZN,188.9199981689453,189.94000244140625,187.30999755859372,188.75999450683597,34048900,188.0,188.6999969482422,186.2100067138672,184.72000122070312,179.0,175.0,185.47799987792968,181.3229995727539,181.6599998474121,0.012399744275841283,0.022037067489932616,0.00031795209095974997,0.07862854003906272,58.41583920445515,0.6627012302312075,1.0390839737167654,1
2024-05-08,AMZN,187.44000244140625,188.42999267578125,186.38999938964844,188.0,26136400,189.5,188.75999450683597,188.6999969482422,186.2100067138672,184.72000122070312,179.0,187.2779998779297,182.46399993896483,181.7625,0.014032132151228604,0.021006802746791325,-0.004026247769404523,0.05027932960893855,60.17617293583594,0.6936923690229799,1.0343167595075993,2
2024-05-09,AMZN,188.8800048828125,191.6999969482422,187.44000244140625,189.5,43368400,187.47999572753903,188.0,188.75999450683597,188.6999969482422,186.2100067138672,184.72000122070312,188.23399963378907,184.0470001220703,181.7849998474121,0.006922042824026044,0.0193908645241206,0.007978723404255428,0.025876996252212736,68.5642941941147,1.2219824064107838,1.0424402462197857,3
2024-05-10,AMZN,189.16000366210935,189.88999938964844,186.92999267578125,187.47999572753903,34141800,186.57000732421875,189.5,188.0,188.75999450683597,188.6999969482422,186.2100067138672,188.48799743652344,184.83300018310547,181.85249938964844,0.009521781213638714,0.01802607163635146,-0.010659653152828352,0.006820197453852872,62.984544822643095,0.9900719634754044,1.0309453890201024,4
2024-05-13,AMZN,188.0,188.30999755859372,185.3600006103516,186.57000732421875,24898600,187.07000732421875,187.47999572753903,189.5,188.0,188.75999450683597,188.6999969482422,188.06199951171874,185.3940002441406,182.0,0.006926005194929572,0.018216318734900757,-0.004853789332504355,-0.011287703542505412,59.23301221865724,0.7656673889150959,1.0251099303528504,0
2024-05-14,AMZN,183.82000732421875,187.72000122070312,183.4499969482422,187.07000732421875,38698200,185.9900054931641,186.57000732421875,187.47999572753903,189.5,188.0,188.75999450683597,187.7240020751953,186.6010009765625,182.1875,0.007219174053510731,0.01313876743475134,0.002679959159411549,-0.008953100401557834,64.71085404679246,1.156942516117228,1.0267993540951972,1
2024-05-15,AMZN,185.97000122070312,186.72000122070312,182.72999572753903,185.9900054931641,75459900,183.6300048828125,187.07000732421875,186.57000732421875,187.47999572753903,189.5,188.0,187.32200317382814,187.3000015258789,182.42300033569336,0.007395423882440753,0.012338472438406942,-0.005773249525686142,-0.010691460142744247,68.23565389198515,1.7421845166551306,1.0195534836665703,2
2024-05-16,AMZN,185.6000061035156,187.30999755859372,183.4600067138672,183.6300048828125,38834500,184.6999969482422,185.9900054931641,187.07000732421875,186.57000732421875,187.47999572753903,189.5,186.14800415039062,187.19100189208984,182.64350051879882,0.005975457564515764,0.008559800123289489,-0.01268885714634993,-0.030976227531332445,56.64128758089329,0.9157654704692194,1.00540125633385,3
2024-05-17,AMZN,183.75999450683597,185.3000030517578,183.3500061035156,184.6999969482422,33175700,183.5399932861328,183.6300048828125,185.9900054931641,187.07000732421875,186.57000732421875,187.47999572753903,185.59200439453124,187.04000091552734,183.14700012207032,0.00733433795216664,0.008335435947600044,0.005826891232250109,-0.014828242173298145,56.24998725033607,0.7859048481784685,1.0084795100391313,4
2024-05-20,AMZN,184.33999633789065,186.6699981689453,183.27999877929688,183.5399932861328,30511800,183.1499938964844,184.6999969482422,183.6300048828125,185.9900054931641,187.07000732421875,186.57000732421875,184.98600158691406,186.5240005493164,183.4625,0.007453135561565857,0.006803331146381333,-0.006280474722663021,-0.016240627749027348,66.99840790930728,0.7040748089003097,1.0004223930565255,0
2024-05-21,AMZN,182.3000030517578,183.25999450683597,180.75,183.1499938964844,50839100,183.1300048828125,183.5399932861328,184.6999969482422,183.6300048828125,185.9900054931641,187.07000732421875,184.20199890136718,185.96300048828124,183.64300003051758,0.006776956372920236,0.006724415947676953,-0.0021248741632043933,-0.02095479378979448,59.646671083751094,1.1108923569078013,0.9973154101493046,1
2024-05-22,AMZN,183.8800048828125,185.22000122070312,181.97000122070312,183.1300048828125,28148800,181.0500030517578,183.1499938964844,183.5399932861328,184.6999969482422,183.6300048828125,185.9900054931641,183.62999877929687,185.4760009765625,183.97000045776366,0.006921778102572302,0.006771410483763409,-0.0001091401274257997,-0.015377173643111197,44.97153810072561,0.7754067408995322,0.9954340622228568,2
2024-05-23,AMZN,183.66000366210935,184.75999450683597,180.0800018310547,181.0500030517578,33670200,180.75,183.1300048828125,183.1499938964844,183.5399932861328,184.6999969482422,183.6300048828125,183.11399841308594,184.6310012817383,184.3390007019043,0.006470577168032106,0.006146849775397531,-0.011358061353112014,-0.014050001429239067,34.26824638905538,0.9546651575088916,0.9821578849965389,3
2024-05-24,AMZN,181.6499938964844,182.44000244140625,180.3000030517578,180.75,27434100,182.1499938964844,181.0500030517578,183.1300048828125,183.1499938964844,183.5399932861328,184.6999969482422,182.3239990234375,183.95800170898437,184.39550094604493,0.004555715363242948,0.005799470903225403,-0.0016570176564539851,-0.021386015232848554,22.026705610111094,0.8040286276992333,0.9802299897375933,4
2024-05-28,AMZN,179.92999267578125,182.2400054931641,179.49000549316406,182.1499938964844,29927000,182.0200042724609,180.75,181.0500030517578,183.1300048828125,183.1499938964844,183.5399932861328,182.0459991455078,183.51600036621093,184.4550003051758,0.006800913906100591,0.006789138474200082,0.007745471073219434,-0.007573277980246207,28.74594120400407,0.8801064820914344,0.9875036924730811,1
2024-05-29,AMZN,181.6999969482422,184.0800018310547,181.5500030517578,182.0200042724609,32009300,179.32000732421875,182.1499938964844,180.75,181.0500030517578,183.1300048828125,183.1499938964844,181.82000122070312,183.01100006103516,184.80600051879884,0.006797818435839086,0.00659035227808771,-0.000713640562059914,-0.006169749722526152,29.959756390654505,1.058582810699692,0.9849247522346845,2
2024-05-30,AMZN,181.30999755859372,181.33999633789065,178.36000061035156,179.32000732421875,29249200,176.44000244140625,182.0200042724609,182.1499938964844,180.75,181.0500030517578,183.1300048828125,181.05800170898436,182.34400024414063,184.82200088500977,0.009022452074819314,0.007602794170610508,-0.0148335176621609,-0.020804878812905714,18.424270993659945,0.9603138227248312,0.9702308516602729,3
2024-05-31,AMZN,178.3000030517578,179.2100067138672,173.8699951171875,176.44000244140625,58903900,178.33999633789062,179.32000732421875,182.0200042724609,182.1499938964844,180.75,181.0500030517578,180.13600158691406,181.625,184.40800094604492,0.010136304108529871,0.0081077247389057,-0.016060700229647673,-0.02546258233993881,17.491119240761492,1.659045140502525,0.9567914707400901,4
2024-06-03,AMZN,177.6999969482422,178.6999969482422,175.9199981689453,178.33999633789062,30786600,179.33999633789062,176.44000244140625,179.32000732421875,182.0200042724609,182.1499938964844,180.75,179.65400085449218,180.98899993896484,184.0145004272461,0.012451420772927881,0.008883728916466552,0.01076849847083472,-0.013333353593966146,27.100655526119226,0.8510415975585484,0.9691627340444346,0
2024-06-04,AMZN,177.63999938964844,179.82000732421875,176.44000244140625,179.33999633789062,27198400,181.27999877929688,178.33999633789062,176.44000244140625,179.32000732421875,182.0200042724609,182.1499938964844,179.09200134277344,180.56900024414062,183.5465003967285,0.012036271167332746,0.009252446764107986,0.00560726713319748,-0.015426833119690841,29.07411140338128,0.763367862792272,0.9770820797468451,1
2024-06-05,AMZN,180.10000610351562,181.5,178.75,181.27999877929688,32116400,185.0,179.33999633789062,178.33999633789062,176.44000244140625,179.32000732421875,182.0200042724609,178.94400024414062,180.3820007324219,183.17250061035156,0.013598338241042646,0.010138334451976094,0.010817455564965828,-0.0040655173925627786,37.816829529944904,0.9008580428544581,0.9896681989668282,2
2024-06-06,AMZN,181.75,185.0,181.4900054931641,185.0,31371200,184.3000030517578,181.27999877929688,179.33999633789062,178.33999633789062,176.44000244140625,179.32000732421875,180.0799987792969,180.56900024414062,183.02250061035156,0.013629752931727657,0.012220245891437765,0.020520748266509736,0.03167517535013009,53.31077084645462,0.8696033019822427,1.0108046791135177,3
2024-06-07,AMZN,184.8999938964844,186.2899932861328,183.3600006103516,184.3000030517578,28021500,187.05999755859372,185.0,181.27999877929688,179.33999633789062,178.33999633789062,176.44000244140625,181.6519989013672,180.8940002441406,182.76250076293945,0.008858115221045917,0.011581442333953498,-0.003783767287795614,0.044547724447928205,49.01576192657451,0.9372108999619383,1.008412569768963,4
2024-06-10,AMZN,184.07000732421875,187.22999572753903,183.7899932861328,187.05999755859372,34494500,187.22999572753903,184.3000030517578,185.0,181.27999877929688,179.33999633789062,178.33999633789062,183.3959991455078,181.525,182.7415008544922,0.009283114886698474,0.012201009643628424,0.014975553234585659,0.04889537624628981,58.02921867505894,1.125784911424133,1.0236317239593,0
2024-06-11,AMZN,187.05999755859372,187.7700042724609,184.5399932861328,187.22999572753903,27265100,186.88999938964844,187.05999755859372,184.3000030517578,185.0,181.27999877929688,179.33999633789062,184.9739990234375,182.03300018310546,182.7745002746582,0.010001786497909502,0.012128283523960198,0.0009087895389929823,0.043994644534189886,59.40094042101651,0.8894542721377554,1.0243770079862644,1
2024-06-12,AMZN,188.0200042724609,188.3500061035156,185.42999267578125,186.88999938964844,33984200,183.8300018310547,187.22999572753903,187.05999755859372,184.3000030517578,185.0,181.27999877929688,186.09599914550782,182.5199996948242,182.7654998779297,0.010885933846970218,0.01216891550599766,-0.0018159287809063063,0.03094660551703532,58.53769070910491,1.0952999455318382,1.0225671667490501,2
2024-06-13,AMZN,186.08999633789065,187.6699981689453,182.6699981689453,183.8300018310547,39721500,183.66000366210935,186.88999938964844,187.22999572753903,187.05999755859372,184.3000030517578,185.0,185.86199951171875,182.97099914550782,182.65749969482422,0.011218030408327901,0.012422660362155018,-0.016373254687715777,-0.0063243144267314255,56.04348362597076,1.214822848083148,1.0064191294537013,3
2024-06-14,AMZN,183.0800018310547,183.72000122070312,182.22999572753903,183.66000366210935,25456400,184.05999755859372,183.8300018310547,186.88999938964844,187.22999572753903,187.05999755859372,184.3000030517578,185.73399963378907,183.69299926757813,182.65899963378905,0.011127030994785762,0.010705724184057415,-0.0009247574783879386,-0.00347259565410174,56.36206420310561,0.7909560985249348,1.0054801790786503,4
2024-06-17,AMZN,182.5200042724609,185.0,181.22000122070312,184.05999755859372,35601900,182.80999755859372,183.66000366210935,183.8300018310547,186.88999938964844,187.22999572753903,187.05999755859372,185.13399963378905,184.26499938964844,182.62699966430665,0.007523810163425008,0.010450114960400676,0.002177904217078641,-0.016037635192742372,54.36672783215989,1.0986267281617932,1.0078465829089955,0
2024-06-18,AMZN,183.7400054931641,184.2899932861328,181.42999267578125,182.80999755859372,36659200,186.1000061035156,184.05999755859372,183.66000366210935,183.8300018310547,186.88999938964844,187.22999572753903,184.24999999999997,184.61199951171875,182.5904998779297,0.007254374809845697,0.010861629591482682,-0.006791263808433312,-0.02360731864448362,51.7181255894618,1.0692601701519981,1.0012021308929586,1
2024-06-20,AMZN,182.91000366210935,186.50999450683597,182.72000122070312,186.1000061035156,44726800,189.0800018310547,182.80999755859372,184.05999755859372,183.66000366210935,183.8300018310547,186.88999938964844,184.09200134277341,185.0940002441406,182.73800048828124,0.012655295358693482,0.011715077267472406,0.017996874289478493,-0.004227049540975081,64.37659592917532,1.2276398753223712,1.0183979555771157,3
2024-06-21,AMZN,187.8000030517578,189.27999877929688,185.8600006103516,189.0800018310547,72931800,185.57000732421875,186.1000061035156,182.80999755859372,184.05999755859372,183.66000366210935,183.8300018310547,185.14200134277343,185.50200042724606,183.03550033569337,0.010838502477091502,0.011018723327418935,0.01601287280926522,0.028558994438921292,76.68921335325741,1.6931265818259316,1.0330236565271518,4
2024-06-24,AMZN,189.3300018310547,191.0,185.3300018310547,185.57000732421875,50610400,186.33999633789065,189.0800018310547,186.1000061035156,182.80999755859372,184.05999755859372,183.66000366210935,185.5240020751953,185.62900085449218,183.2615005493164,0.015429671766452472,0.01276852724156287,-0.0185635417434159,0.010399671262249166,64.29422156577394,1.0520595966991242,1.012596790749736,0
2024-06-25,AMZN,186.80999755859372,188.83999633789065,185.4199981689453,186.33999633789065,45898500,193.6100006103516,185.57000732421875,189.0800018310547,186.1000061035156,182.80999755859372,184.05999755859372,185.9800018310547,185.55700073242187,183.54100036621094,0.015455201018168252,0.011855656928853767,0.004149318226444931,0.012387258554489078,63.96649881570699,0.9149444616542018,1.0152499766596836,1
2024-06-26,AMZN,186.9199981689453,194.8000030517578,186.25999450683597,193.6100006103516,65103900,197.8500061035156,186.33999633789065,185.57000732421875,189.0800018310547,186.1000061035156,182.80999755859372,188.14000244140624,186.19500122070312,184.1140007019043,0.02107865144147944,0.017210104431182618,0.03901472799901873,0.05907774846009883,70.28630217253448,1.165602707617035,1.0515767398038462,2
2024-06-27,AMZN,195.00999450683597,199.83999633789065,194.1999969482422,197.8500061035156,74397500,193.25,193.6100006103516,186.33999633789065,185.57000732421875,189.0800018310547,186.1000061035156,190.49000244140626,187.29100189208984,184.90550079345704,0.021438303085673304,0.018013241861275033,0.02189972356695158,0.06313809572614537,70.78618128108775,1.204068658819889,1.0700060585245532,3
2024-06-28,AMZN,197.72999572753903,198.8500061035156,192.5,193.25,76930200,197.1999969482422,197.8500061035156,193.6100006103516,186.33999633789065,185.57000732421875,189.0800018310547,191.32400207519532,188.23300170898438,185.60200042724608,0.026438678352214806,0.019057321909277322,-0.023249966952787804,0.022054147073000685,62.8555034460509,1.2291505893292813,1.0412064501198728,4
2024-07-01,AMZN,193.4900054931641,198.3000030517578,192.82000732421875,197.1999969482422,41192000,200.0,193.25,197.8500061035156,193.6100006103516,186.33999633789065,185.57000732421875,193.65,189.58700103759764,186.6400001525879,0.023463846508000735,0.019490502470092166,0.02043982896891161,0.06267170967830005,64.08333845491984,0.678566733690891,1.0565794941439184,0
2024-07-02,AMZN,197.27999877929688,200.42999267578125,195.92999267578125,200.0,45600000,197.58999633789065,197.1999969482422,193.25,197.8500061035156,193.6100006103516,186.33999633789065,196.3820007324219,191.18100128173828,187.72300033569337,0.023000827920646682,0.019509589205364344,0.014198798656638534,0.07330687952434878,66.52861468091035,0.7519203650375499,1.065399549561601,1
2024-07-03,AMZN,199.94000244140625,200.02999877929688,196.75999450683597,197.58999633789065,31597900,200.0,200.0,197.1999969482422,193.25,197.8500061035156,193.6100006103516,197.1779998779297,192.65900115966798,188.63550033569337,0.020582399343863005,0.02003176538812058,-0.01205001831054675,0.020556767289872546,63.144960381507296,0.5857589567755311,1.0474698346083424,2
2024-07-05,AMZN,198.6499938964844,200.5500030517578,198.1699981689453,200.0,39858900,199.2899932861328,197.58999633789065,200.0,197.1999969482422,193.25,197.8500061035156,197.60799865722657,194.04900054931642,189.5715003967285,0.01888987059071816,0.01979220499359926,0.012196992290986808,0.010866787112250753,70.18726209339906,0.8474162233872923,1.0550109039673532,4
2024-07-08,AMZN,200.0399932861328,201.1999969482422,197.9600067138672,199.2899932861328,34767300,199.33999633789065,200.0,197.58999633789065,200.0,197.1999969482422,193.25,198.8159973144531,195.06999969482425,190.28600006103517,0.01351695833046347,0.019813642928185562,-0.0035500335693359197,0.03125481648710382,69.25349243470289,0.9006321234342627,1.0473182116509336,0
2024-07-09,AMZN,199.3999938964844,200.57000732421875,199.0500030517578,199.33999633789065,32700100,199.7899932861328,199.2899932861328,200.0,197.58999633789065,200.0,197.1999969482422,199.2439971923828,196.44699859619143,191.0379997253418,0.010998130117219783,0.018099292145096396,0.00025090598345323123,0.010851924050537143,68.98607219102306,0.8860653507778383,1.0434573049575726,1
2024-07-10,AMZN,200.0,200.1100006103516,197.69000244140625,199.7899932861328,32883800,195.0500030517578,199.33999633789065,199.2899932861328,200.0,197.58999633789065,200.0,199.20199584960938,197.79199829101563,191.67449951171875,0.008825689201919151,0.018146060955302887,0.002257434315787732,-0.001050033569335973,71.52635409118369,0.956992689513876,1.0423399763405559,2
2024-07-11,AMZN,200.08999633789065,200.2700042724609,192.8600006103516,195.0500030517578,44565000,194.4900054931641,199.7899932861328,199.33999633789065,199.2899932861328,200.0,197.58999633789065,198.69399719238282,197.93599853515624,192.06549987792968,0.013207939492952493,0.016688775091763593,-0.023724863074531144,-0.012854867823314797,60.943992518752616,1.205925473724544,1.0155389863131326,3
2024-07-12,AMZN,194.8000030517578,196.47000122070312,193.8300018310547,194.4900054931641,30598500,192.72000122070312,195.0500030517578,199.7899932861328,199.33999633789065,199.2899932861328,200.0,197.59199829101564,197.5999984741211,192.44550018310548,0.01044157939997024,0.014969856438094889,-0.0028710461411535215,-0.027549972534179568,57.03145761690015,0.8716791243126644,1.0106238145766637,4
2024-07-15,AMZN,194.55999755859372,196.19000244140625,190.8300018310547,192.72000122070312,40683200,193.0200042724609,194.4900054931641,195.0500030517578,199.7899932861328,199.33999633789065,199.2899932861328,196.27799987792972,197.5469985961914,192.8900001525879,0.010473797413991428,0.013269338329770074,-0.009100746683475047,-0.032966994263463834,59.7331769096745,1.1211780151749484,0.9991186742093924,0
2024-07-16,AMZN,195.58999633789065,196.6199951171875,192.2400054931641,193.0200042724609,33994700,187.92999267578125,192.72000122070312,194.4900054931641,195.0500030517578,199.7899932861328,199.33999633789065,195.01400146484374,197.12899932861328,193.35800018310547,0.01070228443455078,0.011186711131857647,0.0015566783408962337,-0.0317045860416143,59.21125665257071,0.9302137855096068,0.9982519683161571,1
2024-07-17,AMZN,191.3500061035156,191.5800018310547,185.9900054931641,187.92999267578125,48076100,183.75,193.0200042724609,192.72000122070312,194.4900054931641,195.0500030517578,199.7899932861328,192.64200134277343,195.9219985961914,193.55149993896484,0.012444428947883737,0.011955607169013378,-0.02637038381521717,-0.0593623354967836,41.666662935549944,1.214548991372668,0.9709560129218513,2
2024-07-18,AMZN,189.58999633789065,189.67999267578125,181.4499969482422,183.75,51043600,183.1300048828125,187.92999267578125,193.0200042724609,192.72000122070312,194.4900054931641,195.0500030517578,190.3820007324219,194.53799896240236,193.59850006103517,0.012111464736234949,0.012911603735403187,-0.022242286163404512,-0.057933877851615745,29.276898870437577,1.248644176674604,0.9491292543179298,3
2024-07-19,AMZN,181.13999938964844,184.92999267578125,180.11000061035156,183.1300048828125,43081800,182.5500030517578,183.75,187.92999267578125,193.0200042724609,192.72000122070312,194.4900054931641,188.11000061035156,192.8509994506836,193.45,0.01202043352588335,0.011134469036544017,-0.0033741230867346816,-0.05840917419661895,33.155805195504385,0.9932201951868181,0.9466529071223185,4
2024-07-22,AMZN,185.0,185.05999755859372,182.47999572753903,182.5500030517578,39931900,186.41000366210935,183.1300048828125,183.75,187.92999267578125,193.0200042724609,192.72000122070312,186.0760009765625,191.1770004272461,193.12350006103514,0.0126433948900878,0.011154849584960314,-0.003167158934036185,-0.052770849442340007,22.534708435411247,0.923801671323627,0.9452500756980085,0
2024-07-23,AMZN,184.1000061035156,189.38999938964844,183.55999755859372,186.41000366210935,47537700,180.8300018310547,182.5500030517578,183.1300048828125,183.75,187.92999267578125,193.0200042724609,184.75400085449218,189.88400115966797,193.16549987792968,0.01888991411087225,0.01447573907189135,0.021144894800451564,-0.034245158346495,25.49586917835866,1.034908179566345,0.9650274183532285,1
2024-07-24,AMZN,183.1999969482422,185.4499969482422,180.41000366210935,180.8300018310547,41532400,179.85000610351562,186.41000366210935,182.5500030517578,183.1300048828125,183.75,187.92999267578125,183.33400268554686,187.98800201416014,192.8900001525879,0.019855388571480323,0.015807925944546705,-0.029934025650088403,-0.03777997723320059,22.880275823517408,0.9306880284536996,0.9374773274301778,2
2024-07-25,AMZN,182.91000366210935,183.8999938964844,176.8000030517578,179.85000610351562,44464200,182.5,180.8300018310547,186.41000366210935,182.5500030517578,183.1300048828125,183.75,182.55400390625,186.46800231933594,192.2020004272461,0.018081946095715878,0.015059502293086443,-0.005419431054668911,-0.02122445657950678,15.812702643648379,1.0266592164323844,0.9357343092357352,3
2024-07-26,AMZN,180.38999938964844,183.19000244140625,180.2400054931641,182.5,29506000,183.1999969482422,179.85000610351562,180.8300018310547,186.41000366210935,182.5500030517578,183.1300048828125,182.4280029296875,185.26900177001954,191.43450012207032,0.019989139899352817,0.016666229607371137,0.014734466536293178,-0.0034402056791056346,23.27284386332657,0.7268483073051384,0.9533286836156851,4
2024-07-29,AMZN,183.83999633789065,184.75,182.3800048828125,183.1999969482422,33270100,181.7100067138672,182.5,179.85000610351562,180.8300018310547,186.41000366210935,182.5500030517578,182.55800170898436,184.31700134277344,190.93199996948243,0.020003340258291792,0.016917703476102094,0.003835599716395466,0.003560634815766628,24.828433717278017,0.8473850595791155,0.9595038913200716,0
2024-07-30,AMZN,184.72000122070312,185.8600006103516,179.3800048828125,181.7100067138672,39508600,186.97999572753903,183.1999969482422,182.5,179.85000610351562,180.8300018310547,186.41000366210935,181.61800231933594,183.18600158691407,190.15750045776366,0.01657719584379403,0.01678225426096798,-0.008133134602594794,-0.025213222766528487,22.688821891537955,1.0491907587211262,0.9555763316011152,1
2024-07-31,AMZN,185.0500030517578,187.94000244140625,184.4600067138672,186.97999572753903,41667300,184.07000732421875,181.7100067138672,183.1999969482422,182.5,179.85000610351562,180.8300018310547,182.8480010986328,183.09100189208985,189.50650024414062,0.015305177305594206,0.018337838006813722,0.029002194810164417,0.03400980940225917,38.00176408614611,1.105724985431189,0.9866679796558603,2
2024-08-01,AMZN,189.2899932861328,190.6000061035156,181.8699951171875,184.07000732421875,70435600,167.89999389648438,186.97999572753903,181.7100067138672,183.1999969482422,182.5,179.85000610351562,183.69200134277344,183.1230026245117,188.83050079345702,0.01779949909540146,0.01755708973564247,-0.015563100170141286,0.02346400376697355,35.51972172827361,1.6427162765010663,0.9747895946405115,3
2024-08-02,AMZN,166.75,168.77000427246094,160.5500030517578,167.89999389648438,141448400,161.02000427246094,184.07000732421875,186.97999572753903,181.7100067138672,183.1999969482422,182.5,180.77200012207032,181.6000015258789,187.22550048828126,0.043710397440737285,0.033030685316446595,-0.0878470841762542,-0.08000003344392126,25.367189407160225,2.1672601354457144,0.8967795169920965,4
2024-08-05,AMZN,154.2100067138672,162.9600067138672,151.61000061035156,161.02000427246094,83149400,161.92999267578125,167.89999389648438,184.07000732421875,186.97999572753903,181.7100067138672,183.1999969482422,176.33600158691405,179.4470016479492,185.31200103759767,0.04328497202030395,0.03452889652760843,-0.04097671157906757,-0.12106983103306257,21.91009309582178,1.1050949564511032,0.8689129865895293,0
2024-08-06,AMZN,161.7100067138672,165.0800018310547,158.5399932861328,161.92999267578125,59950800,162.77000427246094,161.02000427246094,167.89999389648438,184.07000732421875,186.97999572753903,181.7100067138672,172.37999877929687,176.9990005493164,183.44150085449218,0.045008880544031626,0.03320274345217296,0.005651399696776416,-0.10885484182075278,25.36942907545732,0.7557112477830035,0.8827336885137345,1
2024-08-07,AMZN,166.5500030517578,167.5800018310547,161.42999267578125,162.77000427246094,48408200,165.8000030517578,161.92999267578125,161.02000427246094,167.89999389648438,184.07000732421875,186.97999572753903,167.53800048828126,175.19300079345703,181.5905014038086,0.039147944064069046,0.03312456806410078,0.0051874985158653075,-0.12947904593150217,28.782348182785825,0.6000137831054824,0.8963574802324275,2
2024-08-08,AMZN,165.1699981689453,166.69000244140625,162.5500030517578,165.8000030517578,44616200,166.94000244140625,162.77000427246094,161.92999267578125,161.02000427246094,167.89999389648438,184.07000732421875,163.88399963378907,173.78800048828126,180.12800140380858,0.04423434494312766,0.03433972143418301,0.018615215947435537,-0.09925573719503566,33.2883171735227,0.5908287933724075,0.9204565739896794,3
2024-08-09,AMZN,166.39999389648438,168.5500030517578,165.85000610351562,166.94000244140625,36401000,166.8000030517578,165.8000030517578,162.77000427246094,161.92999267578125,161.02000427246094,167.89999389648438,163.69200134277344,172.23200073242188,178.7505012512207,0.023061997515508935,0.03385965652668817,0.00687575011257735,-0.005717638415579596,35.10779130524908,0.667845516164353,0.9339274646664311,4
2024-08-12,AMZN,168.13999938964844,168.5500030517578,166.11000061035156,166.8000030517578,30072800,170.22999572753906,166.94000244140625,165.8000030517578,162.77000427246094,161.92999267578125,161.02000427246094,164.8480010986328,170.59200134277344,177.45450134277343,0.007096271537497641,0.03370488294772615,-0.000838620987187122,0.035896153433933486,29.86237619263258,0.68518881380184,0.9399592672465645,0
2024-08-13,AMZN,167.80999755859375,171.0399932861328,167.10000610351562,170.22999572753906,39237900,170.10000610351562,166.8000030517578,166.94000244140625,165.8000030517578,162.77000427246094,161.92999267578125,166.50800170898438,169.44400024414062,176.31500091552735,0.00916752223682445,0.03496624694804413,0.020563504874259175,0.05125673702941613,38.611927311164884,0.9871860220664489,0.9654878759243882,1
2024-08-14,AMZN,172.11000061035156,172.27999877929688,168.86000061035156,170.10000610351562,28843800,177.58999633789062,170.22999572753906,166.8000030517578,166.94000244140625,165.8000030517578,162.77000427246094,167.9740020751953,167.7560012817383,175.42350158691406,0.010280394312826697,0.03286572095541464,-0.0007636117446156998,0.04503287853199889,39.330255522426334,0.8049206431596061,0.9696534646997632,2
2024-08-15,AMZN,174.86000061035156,177.91000366210938,173.99000549316406,177.58999633789062,51698500,177.05999755859375,170.10000610351562,170.22999572753906,166.8000030517578,166.94000244140625,165.8000030517578,170.33200073242188,167.10800018310547,175.1155014038086,0.018933785281898905,0.0367043217002161,0.04403286281963403,0.07110972900556778,45.14149048929044,1.3878493884695093,1.014130644713034,3
2024-08-16,AMZN,177.0399932861328,178.33999633789062,176.25999450683594,177.05999755859375,31489200,178.22000122070312,177.58999633789062,170.10000610351562,170.22999572753906,166.8000030517578,166.94000244140625,172.3559997558594,168.0240005493164,174.81200103759767,0.02032061747453047,0.021595216336400373,-0.002984395462729106,0.06062055210966877,43.903885269281886,0.8682259286586355,1.0128595091163826,4
2024-08-19,AMZN,177.63999938964844,178.3000030517578,176.16000366210938,178.22000122070312,31129800,178.8800048828125,177.05999755859375,177.58999633789062,170.10000610351562,170.22999572753906,166.8000030517578,174.63999938964844,169.74400024414064,174.59550094604492,0.019401125984859414,0.014176893739805673,0.006551472258579993,0.06846521558756624,46.512083978012434,0.8533425585199935,1.0207594139311658,0
2024-08-20,AMZN,177.9199981689453,179.00999450683594,177.42999267578125,178.8800048828125,26255200,180.11000061035156,178.22000122070312,177.05999755859375,177.58999633789062,170.10000610351562,170.22999572753906,176.37000122070313,171.43900146484376,174.21900100708007,0.01932723492747171,0.014260838969629623,0.003703308593809629,0.05081366017959721,41.08322697750455,0.774871396823804,1.0267537056738318,1
2024-08-21,AMZN,179.9199981689453,182.38999938964844,178.88999938964844,180.11000061035156,35599100,176.1300048828125,178.8800048828125,178.22000122070312,177.05999755859375,177.58999633789062,170.10000610351562,178.37200012207032,173.17300109863282,174.18300094604493,0.018538806625713534,0.014206175385534236,0.006876093995775934,0.05884770222021207,45.47324076422366,1.0103518270233942,1.0340274288082945,2
2024-08-22,AMZN,181.3800048828125,181.47000122070312,175.67999267578125,176.1300048828125,32047500,177.0399932861328,180.11000061035156,178.8800048828125,178.22000122070312,177.05999755859375,177.58999633789062,178.0800018310547,174.20600128173828,173.99700088500975,0.012129331618102613,0.017088157933098362,-0.022097583221652117,-0.008221135678725289,63.04282429686147,1.023745725807688,1.0122588549627496,3
2024-08-23,AMZN,177.33999633789062,178.97000122070312,175.24000549316406,177.0399932861328,29150100,175.5,176.1300048828125,180.11000061035156,178.8800048828125,178.22000122070312,177.05999755859375,178.0760009765625,175.21600036621095,173.7240005493164,0.01243890686838504,0.017089105418967573,0.005166572293719973,-0.00011298019166816609,81.31355851320204,0.9453164675185187,1.0190877065133845,4
2024-08-26,AMZN,176.6999969482422,177.47000122070312,174.3000030517578,175.5,22366200,173.1199951171875,177.0399932861328,176.1300048828125,180.11000061035156,178.8800048828125,178.22000122070312,177.53200073242186,176.08600006103515,173.3390007019043,0.0123121410352297,0.017612401942167965,-0.00869856159361615,-0.015262042431111511,75.88711855881367,0.7690308152836545,1.012466896020775,0
2024-08-27,AMZN,174.14999389648438,174.88999938964844,172.25,173.1199951171875,29842000,170.8000030517578,175.5,177.0399932861328,176.1300048828125,180.11000061035156,178.8800048828125,176.37999877929687,176.375,172.9095001220703,0.012379437659937384,0.017618346014947668,-0.013561281383547064,-0.032200411495954984,68.64866291547277,1.001376464800822,1.001217370907721,1
2024-08-28,AMZN,173.69000244140625,173.69000244140625,168.9199981689453,170.8000030517578,29045000,172.1199951171875,173.1199951171875,175.5,177.0399932861328,176.1300048828125,180.11000061035156,174.51799926757812,176.44499969482422,172.10050048828126,0.010012199163006717,0.018265794171907206,-0.013401063602498708,-0.051690619771496915,59.24558007776128,1.0194747941043505,0.9924433837621989,2
2024-08-29,AMZN,173.22000122070312,174.2899932861328,170.80999755859375,172.1199951171875,26407800,178.5,170.8000030517578,173.1199951171875,175.5,177.0399932861328,176.1300048828125,173.71599731445312,175.89799957275392,171.50299987792968,0.010270384962858911,0.010710089818568446,0.007728290643119529,-0.022767328986864288,59.51506990917581,0.9651190583220222,1.0035975769502399,3
2024-08-30,AMZN,172.77999877929688,178.89999389648438,172.60000610351562,178.5,43429400,176.25,172.1199951171875,170.8000030517578,173.1199951171875,175.5,177.0399932861328,174.00799865722655,176.04199981689453,172.03300018310546,0.021541685900730575,0.016610122248434233,0.037067191865004956,0.008246762139826336,67.4835862864033,1.437199186712061,1.0375916237582983,4
2024-09-03,AMZN,177.5500030517578,178.25999450683594,175.25999450683594,176.25,37817500,173.3300018310547,178.5,172.1199951171875,170.8000030517578,173.1199951171875,175.5,174.15799865722656,175.84499969482422,172.79449996948242,0.02208291497508077,0.016990509140191686,-0.012605042016806678,0.004273504273504258,59.32467942551615,1.135376305153604,1.0199977431638616,1
2024-09-04,AMZN,174.47999572753906,175.97999572753906,172.5399932861328,173.3300018310547,30309200,177.88999938964844,176.25,178.5,172.1199951171875,170.8000030517578,173.1199951171875,174.2,175.28999938964844,173.3645004272461,0.022614535765468034,0.017568752804157952,-0.016567365497562103,0.0012130702390849013,54.60507452101403,0.9074127187233735,0.9998010054186042,2
2024-09-05,AMZN,175.0,179.8800048828125,175.0,177.88999938964844,40170500,171.38999938964844,173.3300018310547,176.25,178.5,172.1199951171875,170.8000030517578,175.6179992675781,175.06799926757813,174.12050018310546,0.023492245089621305,0.01972584861681284,0.026308183871355473,0.04151051645907833,50.466713351453365,1.1275334803384411,1.0216487961071727,3
2024-09-06,AMZN,177.24000549316406,178.3800048828125,171.16000366210938,171.38999938964844,41466500,175.39999389648438,177.88999938964844,173.3300018310547,176.25,178.5,172.1199951171875,175.4720001220703,174.59399871826173,174.4,0.030957633959705327,0.021850909956555687,-0.03653943460735232,-0.004241202348640782,42.56100417404883,1.073187914061113,0.9827408221883511,4
2024-09-09,AMZN,174.52999877929688,175.85000610351562,173.50999450683594,175.39999389648438,29037400,179.5500030517578,171.38999938964844,177.88999938964844,173.3300018310547,176.25,178.5,174.85199890136718,174.42999877929688,174.8229995727539,0.02718817352615463,0.023276532573840093,0.023396899008788496,-0.01736698097207634,46.55760496387955,0.8120028344344637,1.0033004485973847,0
2024-09-10,AMZN,177.49000549316406,180.5,176.7899932861328,179.5500030517578,36233800,184.5200042724609,175.39999389648438,171.38999938964844,177.88999938964844,173.3300018310547,176.25,175.51199951171876,174.83499908447266,175.46049957275392,0.028839510341468904,0.024267219296425706,0.023660258265018275,0.018723421570257193,50.753654302518335,1.0222980361973486,1.0233072599756745,1
2024-09-11,AMZN,180.10000610351562,184.9900054931641,175.72999572753906,184.5200042724609,42564700,187.0,179.5500030517578,175.39999389648438,171.38999938964844,177.88999938964844,173.3300018310547,177.75,175.97499999999997,176.175,0.027696854219658423,0.02472530006484071,0.027680318219044597,0.06455894722895783,54.57564456468252,1.1232397878535665,1.04736769843883,2
2024-09-12,AMZN,184.8000030517578,187.41000366210935,183.5399932861328,187.0,33622500,186.4900054931641,184.5200042724609,179.5500030517578,175.39999389648438,171.38999938964844,177.88999938964844,179.5720001220703,177.59499969482422,177.0199996948242,0.02672026726309179,0.02374132754572149,0.013440254011034769,0.05121142639613541,61.64061003819111,0.9190246926470917,1.0563778122380574,3
2024-09-13,AMZN,187.0,188.5,185.91000366210935,186.4900054931641,26495400,184.88999938964844,187.0,184.5200042724609,179.5500030517578,175.39999389648438,171.38999938964844,182.59200134277344,179.03200073242186,177.4650001525879,0.01225911791859772,0.024049253150051384,-0.0027272433520636463,0.08810319246916132,60.207406235372495,0.7887704833114821,1.050855128238336,4
2024-09-16,AMZN,185.2899932861328,185.80999755859372,183.3600006103516,184.88999938964844,26065500,186.8800048828125,186.4900054931641,187.0,184.5200042724609,179.5500030517578,175.39999389648438,184.49000244140626,179.6710006713867,177.85650024414062,0.015935820222900514,0.022249460067414892,-0.00857958097692424,0.05410493627932955,60.12945118058936,0.789950291516827,1.0395459212109373,0
2024-09-17,AMZN,186.8500061035156,189.4499969482422,186.13999938964844,186.8800048828125,26091700,186.42999267578125,184.88999938964844,186.4900054931641,187.0,184.5200042724609,179.5500030517578,185.95600280761718,180.73400115966797,178.28950042724608,0.014269164058283029,0.02155764702775566,0.010763186217390919,0.04082429243368879,64.96955213652967,0.8425385462910698,1.048182895992083,1
2024-09-18,AMZN,186.4499969482422,188.8000030517578,185.05999755859372,186.42999267578125,34448100,189.8699951171875,186.8800048828125,184.88999938964844,186.4900054931641,187.0,184.5200042724609,186.33800048828124,182.04400024414062,178.66699981689453,0.00950434336718749,0.02033492783562055,-0.0024080275860086653,0.01035111835625191,67.72509130526119,1.1739145547534404,1.043449505878772,2
2024-09-19,AMZN,190.0399932861328,190.9900054931641,188.47000122070312,189.8699951171875,39543200,191.6000061035156,186.42999267578125,186.8800048828125,184.88999938964844,186.4900054931641,187.0,186.91199951171876,183.24199981689452,179.15499954223634,0.011125594912621146,0.01966836587391534,0.01845197970580159,0.015347567471590828,69.20579047820316,1.2952761296062274,1.0598085211260044,3
2024-09-20,AMZN,190.22999572753903,191.83999633789065,187.41000366210935,191.6000061035156,100378600,193.8800048828125,189.8699951171875,186.42999267578125,186.8800048828125,184.88999938964844,186.4900054931641,187.93399963378906,185.26300048828125,179.9284996032715,0.010831257590663211,0.012508226732235917,0.009111555436973173,0.02740093549162781,65.76034318300472,2.2155980454435693,1.064867469722578,4
2024-09-23,AMZN,191.63999938964844,194.4499969482422,190.57000732421875,193.8800048828125,36993100,193.9600067138672,191.6000061035156,189.8699951171875,186.42999267578125,186.8800048828125,184.88999938964844,189.73200073242188,187.11100158691406,180.77050018310547,0.0075733788713926815,0.011777682447086006,0.011899784481557374,0.04862353573931255,71.19499098194775,0.7789506798559894,1.0725201550387269,0
2024-09-24,AMZN,194.2700042724609,195.3699951171875,190.1300048828125,193.9600067138672,43478900,192.52999877929688,193.8800048828125,191.6000061035156,189.8699951171875,186.42999267578125,186.8800048828125,191.14800109863282,188.552001953125,181.69350051879883,0.00851910514814781,0.01108403944514692,0.0004126358007008335,0.03788528278075742,76.61934017504082,0.8530563459148593,1.067512080289296,1
2024-09-25,AMZN,193.75,193.9499969482422,192.16000366210935,192.52999877929688,26391100,191.16000366210935,193.9600067138672,193.8800048828125,191.6000061035156,189.8699951171875,186.42999267578125,192.36800231933594,189.3530014038086,182.66400070190429,0.01010365497179074,0.009534324693108427,-0.007372694808574054,0.03272008980939067,70.55022821758956,0.5346984357632902,1.0540117266647042,2
2024-09-26,AMZN,194.30999755859372,194.52999877929688,189.5399932861328,191.16000366210935,36334900,187.97000122070312,192.52999877929688,193.9600067138672,193.8800048828125,191.6000061035156,189.8699951171875,192.62600402832032,189.76900177001954,183.68200073242187,0.008946588329039091,0.009560432164424858,-0.007115748848874226,0.006794167472989443,82.4204344420839,0.7458618767155795,1.0407116805123493,3
2024-09-27,AMZN,190.67999267578125,190.8999938964844,187.33999633789065,187.97000122070312,36002300,186.3300018310547,191.16000366210935,192.52999877929688,193.9600067138672,193.8800048828125,191.6000061035156,191.9000030517578,189.91700134277343,184.47450103759766,0.010654511827111971,0.011238862996094362,-0.016687603998192024,-0.018945745131403013,71.18299411249214,1.0045267781359741,1.018948419231084,4
2024-09-30,AMZN,187.13999938964844,188.4900054931641,184.6499938964844,186.3300018310547,41583900,185.1300048828125,187.97000122070312,191.16000366210935,192.52999877929688,193.9600067138672,193.8800048828125,190.39000244140624,190.06100158691407,184.8660011291504,0.006080609645138585,0.011252482293681015,-0.008724793206352333,-0.03894162812880719,62.48157261960943,1.1312816561846575,1.0079192533670998,0
2024-10-01,AMZN,184.8999938964844,186.19000244140625,183.4499969482422,185.1300048828125,36044900,184.75999450683597,186.3300018310547,187.97000122070312,191.16000366210935,192.52999877929688,193.9600067138672,188.6240020751953,189.88600158691406,185.31000137329102,0.004229851781369702,0.010874337887983147,-0.006440170323887107,-0.04552485834917941,51.30397569556576,1.0219293694441562,0.9990286736325907,1
2024-10-02,AMZN,184.44000244140625,186.6000061035156,184.0399932861328,184.75999450683597,23704100,181.9600067138672,185.1300048828125,186.3300018310547,187.97000122070312,191.16000366210935,192.52999877929688,187.07000122070312,189.71900177001953,185.8815010070801,0.005362926781222174,0.010868746009670499,-0.0019986515757440815,-0.04035736935399825,44.7368402182978,0.6824462011595548,0.9939665513019426,2
2024-10-03,AMZN,183.0500030517578,183.44000244140625,180.8800048828125,181.9600067138672,30204300,186.50999450683597,184.75999450683597,185.1300048828125,186.3300018310547,187.97000122070312,191.16000366210935,185.2300018310547,188.9280029296875,186.08500137329102,0.006111828188698869,0.009324570143905643,-0.015154729791167942,-0.04812720638206247,40.39034470436058,0.9014083246040486,0.9778327397211933,3
2024-10-04,AMZN,185.75,187.6000061035156,183.6000061035156,186.50999450683597,40890300,180.8000030517578,181.9600067138672,184.75999450683597,185.1300048828125,186.3300018310547,187.97000122070312,184.93800048828126,188.41900177001952,186.84100112915038,0.015538934298747469,0.012619430768228653,0.02500542770436165,-0.007767232560438764,53.05428718722962,1.185724434907425,0.9982284047916998,4
2024-10-07,AMZN,182.9499969482422,183.6000061035156,180.25,180.8000030517578,42364200,182.72000122070312,186.50999450683597,181.9600067138672,184.75999450683597,185.1300048828125,186.3300018310547,183.83200073242188,187.11100158691406,187.11100158691406,0.020415179349411342,0.014242315152060987,-0.03061493551686778,-0.029678520501013717,39.94708874568641,1.2229299142417374,0.9662713657581232,0
2024-10-08,AMZN,181.9199981689453,183.08999633789065,180.9199981689453,182.72000122070312,26372100,185.1699981689453,180.8000030517578,186.50999450683597,181.9600067138672,184.75999450683597,185.1300048828125,183.35,185.98700103759765,187.26950149536134,0.02167652219211039,0.01515842448021879,0.010619458719785868,-0.013017898765977476,44.150122272448634,0.8063136331672119,0.9757061334689839,1
2024-10-09,AMZN,182.82000732421875,185.8500061035156,182.0500030517578,185.1699981689453,26343100,186.6499938964844,182.72000122070312,180.8000030517578,186.50999450683597,181.9600067138672,184.75999450683597,183.43200073242187,185.2510009765625,187.30200119018554,0.022817982723724872,0.01630719152792146,0.013408477078997505,0.0022191149290935464,42.350261888027674,0.7926360321109199,0.9886172971581045,2
2024-10-10,AMZN,187.1300048828125,188.1300048828125,185.8300018310547,186.6499938964844,27785000,188.82000732421875,185.1699981689453,182.72000122070312,180.8000030517578,186.50999450683597,181.9600067138672,184.3699981689453,184.8,187.28450088500978,0.0210919368658664,0.01665889654609057,0.007992632403596822,0.025774824189758627,41.87722847642334,0.8483725963285329,0.9966120688816906,3
2024-10-11,AMZN,186.6300048828125,189.92999267578125,186.3000030517578,188.82000732421875,25751600,187.5399932861328,186.6499938964844,185.1699981689453,182.72000122070312,180.8000030517578,186.50999450683597,184.83200073242188,184.8850006103516,187.4010009765625,0.018674299098375344,0.016337217986503158,0.011626110360002606,0.012385463972002464,41.666666666666686,0.8663804704742424,1.0075720318475445,4
2024-10-14,AMZN,189.77999877929688,189.8300018310547,187.3600006103516,187.5399932861328,22614400,187.69000244140625,188.82000732421875,186.6499938964844,185.1699981689453,182.72000122070312,180.8000030517578,186.17999877929688,185.0059997558594,187.53350067138672,0.008150444057936567,0.016225395606065847,-0.006779016992029097,0.03727870641929987,39.8288752782457,0.8774372178274831,1.0000346210928865,0
2024-10-15,AMZN,187.6300048828125,188.41000366210935,184.5800018310547,187.69000244140625,32178900,186.88999938964844,187.5399932861328,188.82000732421875,186.6499938964844,185.1699981689453,182.72000122070312,187.1739990234375,185.26199951171878,187.5740005493164,0.008353307893900042,0.0160284293471626,0.0007998782160802964,0.027200094064688596,42.00793174866335,1.1947049519948318,1.000618432681236,1
2024-10-16,AMZN,187.0500030517578,187.77999877929688,185.6100006103516,186.88999938964844,23456800,187.52999877929688,187.69000244140625,187.5399932861328,188.82000732421875,186.6499938964844,185.1699981689453,187.51799926757812,185.47500000000002,187.59700088500978,0.007845774475970813,0.01609901166922823,-0.004262363692000948,0.009288768362647026,42.81386181836864,0.8899532350381336,0.9962312750628955,2
2024-10-17,AMZN,188.22000122070312,188.94000244140625,186.0,187.52999877929688,25039400,188.9900054931641,186.88999938964844,187.69000244140625,187.5399932861328,188.82000732421875,186.6499938964844,187.69400024414062,186.031999206543,187.48000106811523,0.007194279267742018,0.015030244989707576,0.0034244710350397334,0.00471473298467151,49.18998088718947,0.970210266341499,1.0002666829042928,3
2024-10-18,AMZN,187.1499938964844,190.7400054931641,186.27999877929688,188.9900054931641,37417700,189.07000732421875,187.52999877929688,186.88999938964844,187.69000244140625,187.5399932861328,188.82000732421875,187.72799987792968,186.28000030517578,187.34950103759766,0.00585054252784573,0.013108036305003252,0.007785456851548744,0.0009003186227687365,54.929582244160926,1.3296298981146666,1.0087563855066644,4
2024-10-21,AMZN,188.0500030517578,189.4600067138672,186.3999938964844,189.07000732421875,24639400,189.6999969482422,188.9900054931641,187.52999877929688,186.88999938964844,187.69000244140625,187.5399932861328,188.03400268554688,187.10700073242188,187.10900115966797,0.004415168059640797,0.006880286125742715,0.00042331249658356107,0.00815833471717986,57.61794281438927,0.8631338969062342,1.010480554929997,0
2024-10-22,AMZN,188.3500061035156,191.5200042724609,186.97999572753903,189.6999969482422,29650600,184.7100067138672,189.07000732421875,188.9900054931641,187.52999877929688,186.88999938964844,187.69000244140625,188.43600158691407,187.80500030517578,186.89600067138673,0.004440700773368033,0.006537980749985514,0.003332044214411578,0.010709118656777816,59.45636172450043,1.057409957925564,1.0150029763439703,1
2024-10-23,AMZN,188.8500061035156,189.16000366210935,183.69000244140625,184.7100067138672,31937100,186.3800048828125,189.6999969482422,189.07000732421875,188.9900054931641,187.52999877929688,186.88999938964844,188.0000030517578,187.75900115966797,186.50500106811523,0.013691602980860706,0.010744416706748723,-0.026304640562205495,-0.011664576397349968,54.85694142909809,1.073991049486092,0.9903756234740725,2
2024-10-24,AMZN,185.25,187.1100006103516,183.8600006103516,186.3800048828125,21647400,187.8300018310547,184.7100067138672,189.6999969482422,189.07000732421875,188.9900054931641,187.52999877929688,187.77000427246094,187.73200225830078,186.2660011291504,0.014482943042772393,0.010837921482708632,0.009041189476714617,-0.006132319650029916,49.7444168630267,0.744960844422481,1.0006120481084633,3
2024-10-25,AMZN,187.8500061035156,190.4499969482422,187.52999877929688,187.8300018310547,29362100,188.38999938964844,186.3800048828125,184.7100067138672,189.6999969482422,189.07000732421875,188.9900054931641,187.53800354003906,187.63300170898438,186.25900115966797,0.014482069423111706,0.010436694624101838,0.007779788122410869,-0.006137910092559706,66.60367104464618,1.069762002264702,1.0084344953081756,4
2023-12-11,GOOGL,132.3800048828125,133.33999633789062,131.36000061035156,133.2899932861328,31138000,132.52000427246094,134.99000549316406,136.92999267578125,130.02000427246094,130.99000549316406,129.27000427246094,133.24400024414064,133.20700073242188,134.4724998474121,0.028316029182593357,0.02213145950341987,-0.01259361536300807,0.031097616467923972,44.368324638488986,0.9099357101110461,0.9912063316840164,0
2023-12-12,GOOGL,131.80999755859375,133.0,131.25999450683594,132.52000427246094,29032800,132.57000732421875,133.2899932861328,134.99000549316406,136.92999267578125,130.02000427246094,130.99000549316406,133.55,132.73900146484374,134.49400024414064,0.028447864180503837,0.021975203402490085,-0.005776795351913222,0.011680271128599262,41.54955982431221,0.8403223192164309,0.9853227953061371,1
2023-12-13,GOOGL,133.3800048828125,133.5,131.57000732421875,132.57000732421875,30104800,131.94000244140625,132.52000427246094,133.2899932861328,134.99000549316406,136.92999267578125,130.02000427246094,134.06000061035155,132.49700164794922,134.44150085449218,0.027969706707670367,0.021517212607024404,0.00037732455588379565,0.019612390155088866,38.09331196527424,0.839618779026376,0.9860794954059686,2
2023-12-14,GOOGL,133.3800048828125,133.72000122070312,129.69000244140625,131.94000244140625,38722400,132.60000610351562,132.57000732421875,132.52000427246094,133.2899932861328,134.99000549316406,136.92999267578125,133.06200256347657,132.43800201416016,134.30750122070313,0.005977175082111835,0.020769782919841943,-0.004752242950939345,-0.03644190828367422,39.974660976228726,1.2008293644123775,0.9823725498741396,3
2023-12-15,GOOGL,131.6199951171875,133.50999450683594,131.17999267578125,132.60000610351562,50815200,135.8000030517578,131.94000244140625,132.57000732421875,132.52000427246094,133.2899932861328,134.99000549316406,132.58400268554686,132.51200256347656,134.09100189208985,0.006647494125229176,0.02075508888942557,0.005002301424107403,-0.0177050099443804,42.08558115946623,1.412999713035528,0.9888807170687404,4
2023-12-18,GOOGL,132.6300048828125,137.14999389648438,132.42999267578125,135.8000030517578,32258000,136.64999389648438,132.60000610351562,131.94000244140625,132.57000732421875,132.52000427246094,133.2899932861328,133.08600463867188,133.16500244140624,134.11550216674806,0.012159718105104815,0.020592116654618773,0.024132705889501116,0.01883119432857039,47.35650504324095,0.8914339656845731,1.0125600758882847,0
2023-12-19,GOOGL,136.83999633789062,137.47000122070312,136.0800018310547,136.64999389648438,25476800,138.33999633789062,135.8000030517578,132.60000610351562,131.94000244140625,132.57000732421875,132.52000427246094,133.91200256347656,133.7310012817383,134.13550186157227,0.010918734137443072,0.020400825882034634,0.006259137154824623,0.03116502785143438,53.30411969411934,0.7181531786497927,1.0187459099195608,1
2023-12-20,GOOGL,138.97000122070312,141.6999969482422,138.07000732421875,138.33999633789062,49107200,140.4199981689453,136.64999389648438,135.8000030517578,132.60000610351562,131.94000244140625,132.57000732421875,135.06600036621094,134.56300048828126,134.20400161743163,0.010632068883889642,0.020082854690233867,0.012367380291919083,0.043524090630549184,61.93019175335255,1.2503131689849658,1.03081871382829,2
2023-12-21,GOOGL,139.49000549316406,140.69000244140625,139.17999267578125,140.4199981689453,27488300,141.49000549316406,138.33999633789062,136.64999389648438,135.8000030517578,132.60000610351562,131.94000244140625,136.76199951171876,134.91200103759766,134.3005012512207,0.007695974175502738,0.012355958180846253,0.015035433613677096,0.06427160505249319,66.61491547832432,0.7423431841443622,1.0455657042282929,3
2023-12-22,GOOGL,140.77000427246094,141.99000549316406,140.7100067138672,141.49000549316406,26514600,141.52000427246094,140.4199981689453,138.33999633789062,136.64999389648438,135.8000030517578,132.60000610351562,138.53999938964844,135.56200103759767,134.5405014038086,0.007120903069251245,0.01090925513208269,0.007620049410137275,0.06704373288420795,75.20628329992849,0.8242288067573171,1.0516536211538061,4
2023-12-26,GOOGL,141.58999633789062,142.67999267578125,141.19000244140625,141.52000427246094,16780300,140.3699951171875,141.49000549316406,140.4199981689453,138.33999633789062,136.64999389648438,135.8000030517578,139.68399963378906,136.38500213623047,134.79600143432617,0.005743529138937162,0.009273982545033737,0.0002120204829472172,0.04212077387452662,73.34812523175779,0.5771694027263372,1.0498828063635905,1
2023-12-27,GOOGL,141.58999633789062,142.0800018310547,139.88999938964844,140.3699951171875,19628600,140.22999572753906,141.52000427246094,141.49000549316406,140.4199981689453,138.33999633789062,136.64999389648438,140.4279998779297,137.1700012207031,134.95450134277343,0.009436410792822753,0.009629743219125289,-0.008126124367968446,0.027222842201669817,72.76725206812685,0.7034382413864778,1.04012829302121,2
2023-12-28,GOOGL,140.77999877929688,141.13999938964844,139.75,140.22999572753906,16045700,139.69000244140625,140.3699951171875,141.52000427246094,141.49000549316406,140.4199981689453,138.33999633789062,140.80599975585938,137.93600006103514,135.21650085449218,0.00885188369662502,0.009725296303075295,-0.000997359795671171,0.013661988142837478,60.338351076289136,0.7536199891975671,1.0370775374408037,3
2023-12-29,GOOGL,139.6300048828125,140.36000061035156,138.77999877929688,139.69000244140625,18727200,138.1699981689453,140.22999572753906,140.3699951171875,141.52000427246094,141.49000549316406,140.4199981689453,140.66000061035157,138.71100006103515,135.57450103759766,0.00580255849297385,0.009621523947874742,-0.0038507687555092707,-0.005198659286840157,66.14008520181721,0.9584385913912897,1.03035601364793,4
2024-01-02,GOOGL,138.5500030517578,139.4499969482422,136.47999572753906,138.1699981689453,23711200,138.9199981689453,139.69000244140625,140.22999572753906,140.3699951171875,141.52000427246094,141.49000549316406,139.99599914550782,139.26799926757812,135.89000091552734,0.004703747444177527,0.010977079208799628,-0.010881267419968088,-0.02346460665293526,66.9680223427645,1.249365074346896,1.0167782562223637,1
2024-01-03,GOOGL,137.25,139.6300048828125,137.0800018310547,138.9199981689453,24212100,136.38999938964844,138.1699981689453,139.69000244140625,140.22999572753906,140.3699951171875,141.52000427246094,139.4759979248047,139.5799987792969,136.37250061035155,0.006360213345720397,0.008516779026881824,0.005428095895919194,-0.018372004133846542,72.2840766848936,1.1831002845839913,1.0186804344511695,2
2024-01-04,GOOGL,138.4199981689453,139.16000366210938,136.35000610351562,136.38999938964844,27137700,135.72999572753906,138.9199981689453,138.1699981689453,139.69000244140625,140.22999572753906,140.3699951171875,138.67999877929688,139.5539993286133,136.6425003051758,0.009120888635234524,0.010532100158921085,-0.01821191198275185,-0.028353607366135347,61.342011386093304,1.2353972680565837,0.9981521055677156,3
2024-01-05,GOOGL,136.75,137.16000366210938,135.14999389648438,135.72999572753906,22506000,138.83999633789062,136.38999938964844,138.9199981689453,138.1699981689453,139.69000244140625,140.22999572753906,137.77999877929688,139.29299926757812,136.9279998779297,0.008780898213710643,0.0096283811489648,-0.004839091319473021,-0.03209013860874177,61.23293110575049,0.9676320917122264,0.9912508460544327,4
2024-01-08,GOOGL,136.2899932861328,139.00999450683594,136.25999450683594,138.83999633789062,21404000,140.9499969482422,135.72999572753906,136.38999938964844,138.9199981689453,138.1699981689453,139.69000244140625,137.60999755859376,139.13499908447267,137.02350006103515,0.015982153137665104,0.0113353712019384,0.022913141591741404,-0.0060849458705690695,66.1490369275192,0.8995469484160006,1.013256822924873,0
2024-01-09,GOOGL,138.5,141.49000549316406,138.14999389648438,140.9499969482422,24759600,142.27999877929688,138.83999633789062,135.72999572753906,136.38999938964844,138.9199981689453,138.1699981689453,138.16599731445314,139.08099822998048,137.32149963378907,0.016252524004395145,0.012201249488071135,0.015197354263943641,0.020120133286081865,64.12504331551608,1.031483243542294,1.0264233737916468,1
2024-01-10,GOOGL,141.0,143.0,140.91000366210938,142.27999877929688,21320200,142.0800018310547,140.9499969482422,138.83999633789062,135.72999572753906,136.38999938964844,138.9199981689453,138.83799743652344,139.15699768066406,137.77099990844727,0.016432394008147933,0.012588094394622966,0.00943598339731122,0.024186586917927855,65.04542563082092,0.9101278521269557,1.0327282147465429,2
2024-01-11,GOOGL,143.49000549316406,145.22000122070312,140.63999938964844,142.0800018310547,24008700,142.64999389648438,142.27999877929688,140.9499969482422,138.83999633789062,135.72999572753906,136.38999938964844,139.9759979248047,139.32799835205077,138.24899978637694,0.011502559578880049,0.012244774689969859,-0.001405657506030944,0.041718619157337544,60.85947129498437,1.0530270135133357,1.027710884350682,3
2024-01-12,GOOGL,142.6699981689453,143.1999969482422,141.82000732421875,142.64999389648438,18768600,142.49000549316406,142.0800018310547,142.27999877929688,140.9499969482422,138.83999633789062,135.72999572753906,141.35999755859376,139.56999816894532,138.75299911499025,0.009487137550493987,0.012243769944156817,0.004011768426829487,0.050983558437858845,57.09737356627178,0.8510979846926976,1.0280858417933332,4
2024-01-16,GOOGL,142.0,144.35000610351562,141.4499969482422,142.49000549316406,22670500,141.47000122070312,142.64999389648438,142.0800018310547,142.27999877929688,140.9499969482422,138.83999633789062,142.08999938964843,139.8499984741211,139.28049926757814,0.00712208546234028,0.012134244231791503,-0.0011215451115715869,0.02628932045194321,53.37838116486517,1.016362765808643,1.023043471573289,1
2024-01-17,GOOGL,141.35000610351562,141.83999633789062,138.89999389648438,141.47000122070312,20968600,143.47999572753906,142.49000549316406,142.64999389648438,142.0800018310547,142.27999877929688,140.9499969482422,142.19400024414062,140.17999877929688,139.7239990234375,0.006260554410754256,0.011744173182057534,-0.007158426788816952,0.0036892818993949916,49.841662213366085,0.9731419034942629,1.0124960794814695,2
2024-01-18,GOOGL,142.0500030517578,144.2100067138672,141.99000549316406,143.47999572753906,25746400,146.3800048828125,141.47000122070312,142.49000549316406,142.64999389648438,142.0800018310547,142.27999877929688,142.43399963378906,140.63599853515626,140.10799865722657,0.008029166563835163,0.012308267484252377,0.01420792033287821,0.00843405228097871,59.33935315481597,1.147724557518179,1.024067127520407,3
2024-01-19,GOOGL,144.74000549316406,146.4499969482422,144.3800048828125,146.3800048828125,33300700,145.99000549316406,143.47999572753906,141.47000122070312,142.49000549316406,142.64999389648438,142.0800018310547,143.29400024414062,141.63499908447267,140.59449920654296,0.011148523195822092,0.010743608942095011,0.020211940630249225,0.030264660728755333,65.84238235356545,1.3709091777352562,1.0411502989727233,4
2024-01-22,GOOGL,147.10000610351562,148.38999938964844,145.83999633789062,145.99000549316406,32200400,147.0399932861328,146.3800048828125,143.47999572753906,141.47000122070312,142.49000549316406,142.64999389648438,143.96200256347657,142.66100006103517,140.97699966430665,0.01182968970077241,0.010493148859307239,-0.0026642941429101397,0.02341403252427332,66.3551527741136,1.1936100398408738,1.0355590333231262,0
2024-01-23,GOOGL,145.88999938964844,147.17999267578125,145.5,147.0399932861328,21636100,148.6999969482422,145.99000549316406,146.3800048828125,143.47999572753906,141.47000122070312,142.49000549316406,144.87200012207032,143.4809997558594,141.30799942016603,0.011383588813343925,0.008971914758090867,0.007192189557235995,0.031931978507692804,73.60299491643794,0.8082086062089379,1.0405638314142658,1
2024-01-24,GOOGL,148.5399932861328,149.85000610351562,148.10000610351562,148.6999969482422,25233500,151.8699951171875,147.0399932861328,145.99000549316406,146.3800048828125,143.47999572753906,141.47000122070312,146.31799926757813,144.25599975585936,141.66849899291992,0.008542686189977678,0.008593806869917892,0.011289470469976637,0.0511062109645406,74.82235499876845,0.9134821104700287,1.049633461251493,2
2024-01-25,GOOGL,150.07000732421875,153.0500030517578,149.5399932861328,151.8699951171875,29149100,152.19000244140625,148.6999969482422,147.0399932861328,145.99000549316406,146.3800048828125,143.47999572753906,147.99599914550782,145.21499938964843,142.18599853515624,0.009893390389700022,0.009931212469927075,0.02131807823808285,0.0584750462746082,88.0531222407185,1.0298594260308451,1.0681079479118814,3
2024-01-26,GOOGL,151.10000610351562,152.5399932861328,151.00999450683594,152.19000244140625,26115500,153.50999450683594,151.8699951171875,148.6999969482422,147.0399932861328,145.99000549316406,146.3800048828125,149.15799865722656,146.2259994506836,142.7769989013672,0.009181270584295347,0.009675890097262656,0.0021071135478196723,0.03969119664427567,91.15004817966323,0.9720317773678561,1.0659280109014038,4
2024-01-29,GOOGL,152.05999755859375,153.77999877929688,151.42999267578125,153.50999450683594,27784300,151.4600067138672,152.19000244140625,151.8699951171875,148.6999969482422,147.0399932861328,145.99000549316406,150.66199645996093,147.31199951171874,143.44099884033204,0.007099927025411122,0.00963136011412762,0.008673316540210196,0.051510300230956485,90.28011352352797,1.069297290224256,1.0701960788610512,0
2024-01-30,GOOGL,152.8000030517578,153.6199951171875,151.19000244140625,151.4600067138672,36331800,140.10000610351562,153.50999450683594,152.19000244140625,151.8699951171875,148.6999969482422,147.0399932861328,151.5459991455078,148.20899963378906,144.02949905395508,0.01284040649712722,0.01144142907654796,-0.01335409983926139,0.030059940353324377,78.95325336534744,1.256162949419905,1.0515901791557891,1
2024-01-31,GOOGL,143.6199951171875,144.0,139.8699951171875,140.10000610351562,71910000,141.16000366210938,151.4600067138672,153.50999450683594,152.19000244140625,151.8699951171875,148.6999969482422,149.8260009765625,148.0720001220703,144.1259994506836,0.037765531469631686,0.02814840390441556,-0.07500330190670379,-0.057834505858933904,46.13201631793771,1.8796000014637408,0.9720661548748145,2
2024-02-01,GOOGL,142.1199951171875,143.05999755859375,140.7899932861328,141.16000366210938,40466500,142.3800048828125,140.10000610351562,151.4600067138672,153.50999450683594,152.19000244140625,151.8699951171875,147.6840026855469,147.84000091552736,144.2379997253418,0.03521516375500549,0.027836751597788756,0.007566006512594647,-0.07052078619488966,48.41597908324196,0.9986397384902183,0.9786602970847241,3
2024-02-02,GOOGL,139.25999450683594,142.6199951171875,136.5,142.3800048828125,62470600,143.67999267578125,141.16000366210938,140.10000610351562,151.4600067138672,153.50999450683594,152.19000244140625,145.7220031738281,147.44000091552735,144.5375,0.036073428478250395,0.027074895450549072,0.008642683402186657,-0.06445888298326719,49.54531952006464,1.3071175812844822,0.9850731117032777,4
2024-02-05,GOOGL,142.82000732421875,145.47000122070312,142.77999877929688,143.67999267578125,38505400,144.10000610351562,142.3800048828125,141.16000366210938,140.10000610351562,151.4600067138672,153.50999450683594,143.7560028076172,147.20899963378906,144.93499984741212,0.03614163394074014,0.027319036744631917,0.009130409807463602,-0.06403493051142639,51.929919380263925,0.7710817219985397,0.9913408964504631,0
2024-02-06,GOOGL,144.64999389648438,145.36000061035156,143.19000244140625,144.10000610351562,29128200,145.5399932861328,143.67999267578125,142.3800048828125,141.16000366210938,140.10000610351562,151.4600067138672,142.28400268554688,146.91500091552734,145.19800033569337,0.03678451553072439,0.027205685398504056,0.0029232561883696384,-0.048593689978211896,54.34999434672353,0.6006292459564823,0.9924379521092631,1
2024-02-07,GOOGL,144.75999450683594,145.6199951171875,143.92999267578125,145.5399932861328,25208900,145.91000366210938,144.10000610351562,143.67999267578125,142.3800048828125,141.16000366210938,140.10000610351562,143.37200012207032,146.5990005493164,145.4275001525879,0.0027845871754369725,0.02714007073646284,0.009992971003642825,0.03882931438702264,53.4726895209168,0.6438081393567052,1.0007735341213104,2
2024-02-08,GOOGL,145.8300018310547,146.3300018310547,145.10000610351562,145.91000366210938,22563800,149.0,145.5399932861328,144.10000610351562,143.67999267578125,142.3800048828125,141.16000366210938,144.3220001220703,146.00300140380858,145.6090003967285,0.0036076376544810326,0.025988020643574153,0.0025423278345844125,0.03364975826559147,49.13379715296487,0.6342532391783307,1.0020672023333774,3
2024-02-09,GOOGL,146.67999267578125,149.44000244140625,146.17999267578125,149.0,26829500,147.52999877929688,145.91000366210938,145.5399932861328,144.10000610351562,143.67999267578125,142.3800048828125,145.6459991455078,145.68400115966796,145.9550003051758,0.007546576244187981,0.02713412920563679,0.021177412516870886,0.04649525839415558,55.04525209763793,0.9431345694965684,1.020862592500822,4
2024-02-12,GOOGL,148.4199981689453,149.33999633789062,147.3699951171875,147.52999877929688,21564100,145.13999938964844,149.0,145.91000366210938,145.5399932861328,144.10000610351562,143.67999267578125,146.41600036621094,145.08600158691405,146.1990005493164,0.011372732245158437,0.026974111572841804,-0.009865780004718938,0.026795700861450333,50.809926843527464,0.8605365758273508,1.0091040172981998,0
2024-02-13,GOOGL,144.9199981689453,146.6699981689453,143.69000244140625,145.13999938964844,27837700,145.94000244140625,147.52999877929688,149.0,145.91000366210938,145.5399932861328,144.10000610351562,146.6239990234375,144.4540008544922,146.3315002441406,0.015024042627151216,0.027102875801292444,-0.016200090892862007,0.007217163373232083,44.254357968067836,1.1224516951066095,0.9918575231409213,1
2024-02-14,GOOGL,146.0800018310547,146.52000427246094,144.08999633789062,145.94000244140625,22704200,142.77000427246094,145.13999938964844,147.52999877929688,149.0,145.91000366210938,145.5399932861328,146.7040008544922,145.03800048828126,146.55500030517578,0.01451809052566612,0.010526384482801708,0.005511940575458452,0.0027484483559581108,39.636498231451576,0.9343346011046977,0.995803637798172,2
2024-02-15,GOOGL,143.13999938964844,143.52000427246094,140.4600067138672,142.77000427246094,37590700,140.52000427246094,145.94000244140625,145.13999938964844,147.52999877929688,149.0,145.91000366210938,146.0760009765625,145.1990005493164,146.51950073242188,0.01747448228227121,0.013202099092705196,-0.02172124240040385,-0.021520110416280214,35.02859933813862,1.3766844752142813,0.9744095738709322,3
2024-02-16,GOOGL,142.99000549316406,143.19000244140625,140.13999938964844,140.52000427246094,31451100,141.1199951171875,142.77000427246094,145.94000244140625,145.13999938964844,147.52999877929688,149.0,144.3800018310547,145.01300048828125,146.22650070190429,0.010449025679559132,0.013912424287325325,-0.015759612892538133,-0.05691272300361783,29.94751991557962,1.11411938407825,0.9609749504908378,4
2024-02-20,GOOGL,139.66000366210938,142.0800018310547,139.49000549316406,141.1199951171875,25144700,142.5500030517578,140.52000427246094,142.77000427246094,145.94000244140625,145.13999938964844,147.52999877929688,143.0980010986328,144.7570007324219,145.98300018310547,0.012706347549963857,0.013591572910921876,0.004269789542300506,-0.04344881525891331,33.29021350970541,0.8686857589802692,0.9666878673556624,1
2024-02-21,GOOGL,141.4499969482422,142.69000244140625,140.67999267578125,142.5500030517578,23315700,144.08999633789062,141.1199951171875,140.52000427246094,142.77000427246094,145.94000244140625,145.13999938964844,142.5800018310547,144.60200042724608,145.7585006713867,0.014228157357132206,0.014048397471839917,0.010133276530960966,-0.017844814308820678,55.83055113947089,0.8314777356811102,0.9779875780496503,2
2024-02-22,GOOGL,144.92999267578125,145.0,142.8000030517578,144.08999633789062,27191900,143.9600067138672,142.5500030517578,141.1199951171875,140.52000427246094,142.77000427246094,145.94000244140625,142.21000061035156,144.45700073242188,145.52800064086915,0.015228818464963307,0.014120938406293786,0.01080317960830679,-0.012676483983604103,56.817110300716855,0.9396340279251193,0.9901187105117509,3
2024-02-23,GOOGL,143.6699981689453,144.67999267578125,143.42999267578125,143.9600067138672,19493800,137.57000732421875,144.08999633789062,142.5500030517578,141.1199951171875,140.52000427246094,142.77000427246094,142.4480010986328,144.26200103759766,145.13250122070312,0.010865089499082586,0.014069261642091472,-0.000902141906635956,0.008335101252327837,53.87255756272005,0.7699143424973064,0.9919212133948349,4
2024-02-26,GOOGL,142.13999938964844,142.44000244140625,137.38999938964844,137.57000732421875,53641800,138.8800048828125,143.9600067138672,144.08999633789062,142.5500030517578,141.1199951171875,140.52000427246094,141.85800170898438,143.11900177001954,144.40150146484376,0.02306514844180596,0.017348598971605525,-0.044387323504013865,-0.020993430533365887,38.014931949007256,1.8026264232508153,0.9526909757078377,0
2024-02-27,GOOGL,138.02000427246094,139.25,137.08999633789062,138.8800048828125,33099200,136.3800048828125,137.57000732421875,143.9600067138672,144.08999633789062,142.5500030517578,141.1199951171875,141.41000366210938,142.2540023803711,143.67000198364258,0.023649139548027148,0.018158042927814633,0.009522406693680097,-0.015872947221369227,40.106129087861326,1.055847045853579,0.9666597269110121,1
2024-02-28,GOOGL,137.89999389648438,138.00999450683594,135.41000366210938,136.3800048828125,37328600,138.4600067138672,138.8800048828125,137.57000732421875,143.9600067138672,144.08999633789062,142.5500030517578,140.1760040283203,141.3780029296875,142.91600189208984,0.02309370016872008,0.018280376975185347,-0.018001151440839247,-0.04328304480432088,33.309051235411985,1.093043671265255,0.9542668635929767,2
2024-02-29,GOOGL,137.27999877929688,138.86000061035156,136.39999389648438,138.4600067138672,42133000,137.13999938964844,136.3800048828125,138.8800048828125,137.57000732421875,143.9600067138672,144.08999633789062,139.0500061035156,140.6300033569336,142.83400192260743,0.024091843154638956,0.019201273029749888,0.015251516033028212,-0.039072730703810454,37.221265166540775,1.1344592571530736,0.9693770730367813,3
2024-03-01,GOOGL,138.42999267578125,138.8699951171875,136.9199981689453,137.13999938964844,31119500,133.35000610351562,138.4600067138672,136.3800048828125,138.8800048828125,137.57000732421875,143.9600067138672,137.68600463867188,140.06700286865234,142.63300170898438,0.023790022943049164,0.01839754599885721,-0.009533491695884355,-0.04737431929809577,28.341846046673638,0.788545733093252,0.9614885597756445,4
2024-03-04,GOOGL,135.66000366210938,135.66000366210938,131.91000366210938,133.35000610351562,55999400,132.6699981689453,137.13999938964844,138.4600067138672,136.3800048828125,138.8800048828125,137.57000732421875,136.84200439453124,139.35000305175782,142.18150177001954,0.018146403424699212,0.019595375964857005,-0.027635943583202982,-0.03067529981849615,26.127943740758667,1.4022306724218836,0.9378857618145786,0
2024-03-05,GOOGL,131.8800048828125,133.24000549316406,130.6699981689453,132.6699981689453,40194800,131.39999389648438,133.35000610351562,137.13999938964844,138.4600067138672,136.3800048828125,138.8800048828125,135.60000305175782,138.5050033569336,141.63100204467773,0.01606202201865673,0.019322446017138156,-0.005099421848113295,-0.04471490852198068,27.72417725714584,0.9719439410800033,0.9367299267366219,1
2024-03-06,GOOGL,133.1199951171875,133.5800018310547,130.85000610351562,131.39999389648438,35318600,134.3800048828125,132.6699981689453,133.35000610351562,137.13999938964844,138.4600067138672,136.3800048828125,134.6040008544922,137.39000244140624,140.99600143432616,0.01530617401730405,0.01848259213151994,-0.00957265613920999,-0.036515697375193,24.4553532845009,0.862416630161458,0.9319412788999448,2
2024-03-07,GOOGL,132.7899932861328,134.94000244140625,131.61000061035156,134.3800048828125,37738200,135.41000366210938,131.39999389648438,132.6699981689453,133.35000610351562,137.13999938964844,138.4600067138672,133.78800048828126,136.41900329589845,140.43800201416016,0.018141907172814106,0.020129946582880472,0.022678927890025236,-0.02946700587330009,35.160951323552666,0.94171048133333,0.9568635480107668,3
2024-03-08,GOOGL,134.2100067138672,138.08999633789062,134.0,135.41000366210938,39343100,137.6699981689453,134.3800048828125,131.39999389648438,132.6699981689453,133.35000610351562,137.13999938964844,133.44200134277344,135.56400299072266,139.91300201416016,0.01888014650287973,0.020584487890012514,0.007664821713580849,-0.01261481504476103,40.55452858808552,0.9430539981715687,0.9678157262925783,4
2024-03-11,GOOGL,136.1300048828125,139.10000610351562,136.1300048828125,137.6699981689453,32437800,138.5,135.41000366210938,134.3800048828125,131.39999389648438,132.6699981689453,133.35000610351562,134.30599975585938,135.57400207519532,139.34650192260742,0.013782451579793737,0.01656922424030932,0.01669001141507498,0.03239588952156636,43.991647263224415,0.8765433099590613,0.9879688134934795,0
2024-03-12,GOOGL,137.02999877929688,139.3800048828125,137.02999877929688,138.5,27563400,139.7899932861328,137.6699981689453,135.41000366210938,134.3800048828125,131.39999389648438,132.6699981689453,135.4720001220703,135.53600158691407,138.89500198364257,0.012261187705454023,0.01638656943737009,0.006028923092133098,0.0439436339151118,42.79615267908178,0.7993974516403898,0.9971561108895114,1
2024-03-13,GOOGL,139.0,141.08999633789062,138.99000549316406,139.7899932861328,23347200,143.10000610351562,138.5,137.6699981689453,135.41000366210938,134.3800048828125,131.39999389648438,137.15,135.8770004272461,138.62750167846679,0.007010133968589321,0.015322912326140466,0.009314030946807383,0.06385083545938364,42.282837477469194,0.7276458162048548,1.008385721401532,2
2024-03-14,GOOGL,141.19000244140625,143.58999633789062,140.4600067138672,143.10000610351562,42753400,141.17999267578125,139.7899932861328,138.5,137.6699981689453,135.41000366210938,134.3800048828125,138.8940002441406,136.34100036621095,138.48550186157226,0.007378430588357562,0.016298002016353032,0.02367846753241931,0.06489061544764407,48.614690800835106,1.2920736752840372,1.0333212082125098,3
2024-03-15,GOOGL,142.5,143.17999267578125,140.02999877929688,141.17999267578125,49460600,147.67999267578125,143.10000610351562,139.7899932861328,138.5,137.6699981689453,135.41000366210938,140.047998046875,136.74499969482423,138.40600128173827,0.014005265935990108,0.016682749732231748,-0.013417284038027777,0.042611246271507586,56.79333874693188,1.4086330558251654,1.0200424213426718,4
2024-03-18,GOOGL,148.61000061035156,152.14999389648438,147.1699981689453,147.67999267578125,69273700,147.02999877929688,141.17999267578125,143.10000610351562,139.7899932861328,138.5,137.6699981689453,142.04999694824218,138.1779983520508,138.7640007019043,0.02211860296708727,0.017860787180149575,0.046040518042292256,0.07271006493769194,63.85386749276698,1.6307498694669402,1.064252918111164,0
2024-03-19,GOOGL,148.16000366210938,148.7899932861328,146.0800018310547,147.02999877929688,24070400,148.74000549316406,147.67999267578125,141.17999267578125,143.10000610351562,139.7899932861328,138.5,143.75599670410156,139.61399841308594,139.05950088500975,0.0235430783043968,0.017794719106773788,-0.00440136733965979,0.061588438839688564,67.80337968272366,0.576107930243991,1.0573171760545728,1
2024-03-20,GOOGL,148.0,148.86000061035156,146.74000549316406,148.74000549316406,21311500,147.60000610351562,147.02999877929688,147.67999267578125,141.17999267578125,143.10000610351562,139.7899932861328,145.5459991455078,141.3479995727539,139.36900100708007,0.023493776830643378,0.01634534004567341,0.011630325294595512,0.06402469874014294,67.40011033422593,0.5150950163774668,1.0672388007259084,2
2024-03-21,GOOGL,149.47000122070312,150.3699951171875,146.89999389648438,147.60000610351562,24755600,150.77000427246094,148.74000549316406,147.02999877929688,147.67999267578125,141.17999267578125,143.10000610351562,146.4459991455078,142.6699996948242,139.54450149536132,0.024010002526687186,0.017065096642611105,-0.00766437641217399,0.03144653953924226,67.81334404635008,0.6553545844324034,1.0577271373779074,3
2024-03-22,GOOGL,149.1199951171875,151.5800018310547,148.97999572753906,150.77000427246094,29175700,150.07000732421875,147.60000610351562,148.74000549316406,147.02999877929688,147.67999267578125,141.17999267578125,148.36400146484374,144.20599975585938,139.885001373291,0.021762166701055154,0.01744961477754987,0.021476951476018913,0.06792755414503437,80.30615229993836,0.8653015151236543,1.0778139385374326,4
2024-03-25,GOOGL,149.94000244140625,150.3800048828125,147.82000732421875,150.07000732421875,19229300,150.6699981689453,150.77000427246094,147.60000610351562,148.74000549316406,147.02999877929688,147.67999267578125,148.84200439453124,145.4460006713867,140.510001373291,0.012672911283642943,0.017964633313938532,-0.0046428130822175895,0.016183740296389137,80.25033730065041,0.8110719784043697,1.0680379037612404,0
2024-03-26,GOOGL,150.22000122070312,152.25999450683594,149.97999572753906,150.6699981689453,22149100,150.8699951171875,150.07000732421875,150.77000427246094,147.60000610351562,148.74000549316406,147.02999877929688,149.57000427246095,146.66300048828126,141.09950103759766,0.011935421309669856,0.018010914188732227,0.003998073002224212,0.024756848397396558,84.30045624249351,0.9496172222546158,1.0678280012400432,1
2024-03-27,GOOGL,151.17999267578125,151.63999938964844,148.89999389648438,150.8699951171875,22879200,150.92999267578125,150.6699981689453,150.07000732421875,150.77000427246094,147.60000610351562,148.74000549316406,149.99600219726562,147.77100067138673,141.8240005493164,0.011371918099786433,0.01815231765583042,0.0013273840225174194,0.014320220151674778,82.57604074476885,0.9679081538113985,1.063783242136972,2
2024-03-28,GOOGL,150.85000610351562,151.42999267578125,150.1699981689453,150.92999267578125,24485400,155.49000549316406,150.8699951171875,150.6699981689453,150.07000732421875,150.77000427246094,147.60000610351562,150.66199951171876,148.5539993286133,142.4474998474121,0.009986913081342799,0.017365832841772653,0.0003976772090907854,0.022560883703014456,81.881658481418,1.03823227359189,1.059548204338128,3
2024-04-01,GOOGL,150.69000244140625,155.74000549316406,150.61000061035156,155.49000549316406,31730800,154.55999755859375,150.92999267578125,150.8699951171875,150.6699981689453,150.07000732421875,150.77000427246094,151.6059997558594,149.98500061035156,143.3650001525879,0.013751547637935752,0.017571671737943495,0.03021276776431292,0.03130596993400281,83.4459413018077,1.316917039223466,1.0845743753891894,0
2024-04-02,GOOGL,153.5,154.6999969482422,152.14999389648438,154.55999755859375,24586000,154.9199981689453,155.49000549316406,150.92999267578125,150.8699951171875,150.6699981689453,150.07000732421875,152.50399780273438,150.67300109863282,144.4254997253418,0.014027050383810653,0.012683409598558846,-0.005981142849796894,0.029919304426197613,80.02988985605164,0.9769491498484072,1.0701711114209402,1
2024-04-03,GOOGL,153.60000610351562,155.0800018310547,152.72999572753906,154.9199981689453,24705000,150.52999877929688,154.55999755859375,155.49000549316406,150.92999267578125,150.8699951171875,150.6699981689453,153.35399780273437,151.46200103759764,145.5379997253418,0.014105959963630281,0.012324077491251738,0.0023291965323375408,0.028207340888359855,79.3103224029049,0.9621346186200408,1.0644642530563093,2
2024-04-04,GOOGL,153.5,154.77000427246094,150.4499969482422,150.52999877929688,34724700,152.5,154.9199981689453,154.55999755859375,155.49000549316406,150.92999267578125,150.8699951171875,153.28599853515624,151.64100036621093,146.49449996948243,0.020957013152166623,0.015983553454859214,-0.028337202695167818,-0.002253571610621008,63.81552366728254,1.2381170047613987,1.02754710115844,3
2024-04-05,GOOGL,150.02999877929688,153.4199981689453,149.60000610351562,152.5,23449300,154.85000610351562,150.52999877929688,154.9199981689453,154.55999755859375,155.49000549316406,150.92999267578125,153.6,152.13099975585936,147.4004997253418,0.021809936635133254,0.016035708666732228,0.013087100489461267,0.010402222224918267,71.0096627660659,0.8423134893437877,1.034596221072251,4
2024-04-08,GOOGL,152.77999877929688,155.27000427246094,152.61000061035156,154.85000610351562,20702000,156.60000610351562,152.5,150.52999877929688,154.9199981689453,154.55999755859375,155.49000549316406,153.4720001220703,152.53899993896485,148.37249984741212,0.01768116023829136,0.015376444466796285,0.015409876088626984,-0.004116016252096455,65.73060715093942,0.8076181856484118,1.0436570541223276,0
2024-04-09,GOOGL,156.08999633789062,158.55999755859375,155.19000244140625,156.60000610351562,31113000,156.13999938964844,154.85000610351562,152.5,150.52999877929688,154.9199981689453,154.55999755859375,153.8800018310547,153.19199981689454,149.31900024414062,0.01807514218553179,0.015347836737405222,0.011301258837730588,0.013198813257929265,70.02930401058725,1.1549512227716157,1.0487614158109173,1
2024-04-10,GOOGL,156.2100067138672,156.61000061035156,154.67999267578125,156.13999938964844,22838600,159.41000366210938,156.60000610351562,154.85000610351562,152.5,150.52999877929688,154.9199981689453,154.1240020751953,153.73899993896484,150.20100021362305,0.018258904870827052,0.015522448816705399,-0.0029374629370264582,0.00787504024737129,66.3427321302442,0.8597083738620588,1.0395403437232686,2
2024-04-11,GOOGL,156.91000366210938,159.67999267578125,156.4600067138672,159.41000366210938,27166400,157.72999572753906,156.13999938964844,156.60000610351562,154.85000610351562,152.5,150.52999877929688,155.9000030517578,154.59300079345704,151.18200073242187,0.008880221732726254,0.016406207486711236,0.020942771136437832,0.05899159605941495,73.83929803465473,1.0843199411188535,1.054424487636265,3
2024-04-12,GOOGL,157.9600067138672,160.22000122070312,157.13999938964844,157.72999572753906,25329200,154.86000061035156,159.41000366210938,156.13999938964844,156.60000610351562,154.85000610351562,152.5,156.9460021972656,155.27300109863282,151.91350021362305,0.01313258360683639,0.017142674053512913,-0.010538911586322475,0.03429505395107579,64.9484164438152,0.9960424446241108,1.0382882068133297,4
2024-04-15,GOOGL,158.86000061035156,159.24000549316406,154.58999633789062,154.86000061035156,27136500,154.39999389648438,157.72999572753906,159.41000366210938,156.13999938964844,156.60000610351562,154.85000610351562,156.9480010986328,155.21000061035156,152.59750061035157,0.015945458715126235,0.015878623304219058,-0.018195620331754148,6.454314783344017e-05,59.410585691048524,1.0157114977351278,1.0148265862215997,0
2024-04-16,GOOGL,154.19000244140625,155.64999389648438,153.42999267578125,154.39999389648438,20779500,155.47000122070312,154.86000061035156,157.72999572753906,159.41000366210938,156.13999938964844,156.60000610351562,156.50799865722655,155.19400024414062,152.93350067138672,0.014668546090827178,0.01578704678110935,-0.0029704682426330287,-0.014048608692754483,57.368607943841006,0.8429803765024316,1.009589090805217,1
2024-04-17,GOOGL,155.6199951171875,157.0800018310547,154.5800018310547,155.47000122070312,21763100,156.00999450683594,154.39999389648438,154.86000061035156,157.72999572753906,159.41000366210938,156.13999938964844,156.3739990234375,155.2490005493164,153.35550079345703,0.01528611982525042,0.0159285857503439,0.006930099524071975,-0.004291009168466364,58.78532594758168,0.8906549391977227,1.0137882268083358,2
2024-04-18,GOOGL,155.33999633789062,156.94000244140625,154.6199951171875,156.00999450683594,19883000,154.08999633789062,155.47000122070312,154.39999389648438,154.86000061035156,157.72999572753906,159.41000366210938,155.69399719238282,155.7970001220703,153.71900024414063,0.010250747851519405,0.012299535361378476,0.0034732956962304495,-0.021328706336900982,59.52736761193526,0.8652961538428062,1.0149037806585828,3
2024-04-19,GOOGL,156.1999969482422,156.36000061035156,152.3000030517578,154.08999633789062,32239100,156.27999877929688,156.00999450683594,155.47000122070312,154.39999389648438,154.86000061035156,157.72999572753906,154.96599731445312,155.95599975585938,154.0434997558594,0.010547663032681488,0.012747962935201048,-0.0123068921001801,-0.023077407520736393,47.085747028447244,1.323431132041392,1.0003018405976554,4
2024-04-22,GOOGL,154.30999755859375,157.63999938964844,154.05999755859375,156.27999877929688,26446200,158.25999450683594,154.08999633789062,156.00999450683594,155.47000122070312,154.39999389648438,154.86000061035156,155.2499969482422,156.0989990234375,154.31899948120116,0.010061393855369995,0.01260353712711781,0.014212489411733031,0.009169560657036335,53.401897206099655,1.0918174994983936,1.0127074391661968,0
2024-04-23,GOOGL,156.9600067138672,158.97000122070312,156.27999877929688,158.25999450683594,21151600,159.1300048828125,156.27999877929688,154.08999633789062,156.00999450683594,155.47000122070312,154.39999389648438,156.0219970703125,156.26499786376954,154.72849884033204,0.010598069874948168,0.012734650126243884,0.012669540203511742,0.025000004941317933,56.208165997322624,0.8705580204637686,1.0228238216810217,1
2024-04-24,GOOGL,157.49000549316406,159.57000732421875,157.1699981689453,159.1300048828125,22779100,156.0,158.25999450683594,156.27999877929688,154.08999633789062,156.00999450683594,155.47000122070312,156.75399780273438,156.56399841308593,155.1514991760254,0.010551961357747424,0.0127147875177176,0.005497348705765237,0.02354154263441277,68.39177305816214,0.9297667736063151,1.0256427152036303,2
2024-04-25,GOOGL,151.3300018310547,156.49000549316406,150.8699951171875,156.0,57109700,171.9499969482422,159.1300048828125,158.25999450683594,156.27999877929688,154.08999633789062,156.00999450683594,156.7519989013672,156.222998046875,155.40799942016602,0.015256544568600067,0.012465369529100583,-0.01966948272965563,-6.406324714980371e-05,57.1312029925584,1.7877429868831378,1.0038093314503935,3
2024-04-26,GOOGL,174.3699951171875,174.7100067138672,169.64999389648438,171.9499969482422,64665300,166.14999389648438,156.0,159.1300048828125,158.25999450683594,156.27999877929688,154.08999633789062,160.3239990234375,157.6449981689453,156.45899963378906,0.046342500155473386,0.03486570797189931,0.10224357018103958,0.11590629524831653,72.4173799631533,1.6826609572947235,1.0990099473389938,4
2024-04-29,GOOGL,169.05999755859375,169.5500030517578,165.2100067138672,166.14999389648438,45610000,162.77999877929688,171.9499969482422,156.0,159.1300048828125,158.25999450683594,156.27999877929688,162.297998046875,158.77399749755858,156.99199905395508,0.053082633868412984,0.036527908864977456,-0.033730754025565024,0.06315584332148738,61.31782452297786,1.0791909924345422,1.0583341501332297,0
2024-04-30,GOOGL,165.61000061035156,168.10000610351562,162.60000610351562,162.77999877929688,33562900,163.86000061035156,166.14999389648438,171.9499969482422,156.0,159.1300048828125,158.25999450683594,163.20199890136718,159.61199798583985,157.40299911499022,0.05519970001938367,0.03748414070584588,-0.020282848275559373,0.028560624474593288,57.36141490522469,0.7500860423641312,1.0341607192654474,1
2024-05-01,GOOGL,164.3000030517578,167.1199951171875,163.08999633789062,163.86000061035156,33493200,166.6199951171875,162.77999877929688,166.14999389648438,171.9499969482422,156.0,159.1300048828125,164.147998046875,160.45099792480468,157.84999923706056,0.05519527357791905,0.03748335836937397,0.00663473300868489,0.02972409716836477,55.18526565607608,0.7143201426712296,1.0380741298849494,2
2024-05-02,GOOGL,164.7899932861328,166.72999572753906,163.88999938964844,166.6199951171875,24294500,167.24000549316406,163.86000061035156,162.77999877929688,166.14999389648438,171.9499969482422,156.0,166.2719970703125,161.51199798583986,158.65449905395508,0.053155940099997065,0.037626393241926535,0.016843613429484927,0.06807689177684284,60.104567264750536,0.6024647627115366,1.0502065564527328,3
2024-05-03,GOOGL,167.55999755859375,167.9600067138672,163.0500030517578,167.24000549316406,34662400,168.10000610351562,166.6199951171875,163.86000061035156,162.77999877929688,166.14999389648438,171.9499969482422,165.3299987792969,162.82699890136718,159.3914993286133,0.02089815523373538,0.03703938832072737,0.003721104274072795,-0.02739163442088255,64.82989785316914,1.009841338282165,1.0492404312501618,4
2024-05-06,GOOGL,167.4600067138672,168.13999938964844,166.02999877929688,168.10000610351562,21871300,171.25,167.24000549316406,166.6199951171875,163.86000061035156,162.77999877929688,166.14999389648438,165.72000122070312,164.00899963378907,160.0539993286133,0.013696052774686593,0.037003537552800614,0.005142313932695375,0.011736456687721386,66.25534817836049,0.7394733585647699,1.050270576234604,0
2024-05-07,GOOGL,168.5,171.75999450683594,168.38999938964844,171.25,28039700,169.3800048828125,168.10000610351562,167.24000549316406,166.6199951171875,163.86000061035156,162.77999877929688,167.41400146484375,165.30800018310546,160.7864990234375,0.007023442281473113,0.03713985559359547,0.01873880893582247,0.05203342722828652,67.84260328322755,0.9848090524729016,1.065076987434357,1
2024-05-08,GOOGL,169.0,170.14999389648438,168.74000549316406,169.3800048828125,19569100,169.9600067138672,171.25,168.10000610351562,167.24000549316406,166.6199951171875,163.86000061035156,168.51800231933595,166.33300018310547,161.4484992980957,0.011932927019507728,0.037647385132065066,-0.010919679516423364,0.03368731997985974,64.67619042833478,0.7618170776333922,1.0491271558373063,2
2024-05-09,GOOGL,169.38999938964844,170.69000244140625,168.17999267578125,169.9600067138672,15346700,168.64999389648438,169.3800048828125,171.25,168.10000610351562,167.24000549316406,166.6199951171875,169.18600463867188,167.7290008544922,161.9759994506836,0.010506440643936433,0.03653009195021749,0.0034242638702011163,0.020045682958582445,67.94843696664569,0.6421793768809231,1.049291298033413,3
2024-05-10,GOOGL,168.02999877929688,169.85000610351562,166.19000244140625,168.64999389648438,29799900,169.13999938964844,169.9600067138672,169.3800048828125,171.25,168.10000610351562,167.24000549316406,169.46800231933594,167.3990005493164,162.52199935913086,0.011756910263776923,0.016417470890434806,-0.007707771038090505,0.00843092775058496,64.2741636721936,1.2998673084019692,1.0377056310008361,4
2024-05-13,GOOGL,164.25999450683594,169.27999877929688,164.0,169.13999938964844,31327600,170.33999633789062,168.64999389648438,169.9600067138672,169.3800048828125,171.25,168.10000610351562,169.6760009765625,167.6980010986328,163.2359992980957,0.0116368150936985,0.011996042480124404,0.0029054581138308055,0.006186753410897472,63.00190953557003,1.2623647074941773,1.0361684929607413,0
2024-05-14,GOOGL,169.77000427246094,171.25,168.8000030517578,170.33999633789062,25127100,172.50999450683594,169.13999938964844,168.64999389648438,169.9600067138672,169.3800048828125,171.25,169.49400024414064,168.4540008544922,164.03299942016602,0.007806036343916647,0.009176275006411843,0.007094696420553603,-0.005313889997718979,63.29142504814279,1.03684975868694,1.038449561612718,1
2024-05-15,GOOGL,170.6300048828125,172.64999389648438,170.50999450683594,172.50999450683594,26948400,174.17999267578125,170.33999633789062,169.13999938964844,168.64999389648438,169.9600067138672,169.3800048828125,170.1199981689453,169.31900024414062,164.88499908447267,0.007484577218861157,0.009524039513933344,0.012739216951964893,0.01847909749553356,70.03153581297563,1.0481704741434636,1.0462443246183777,2
2024-05-16,GOOGL,173.2899932861328,175.1199951171875,172.69000244140625,174.17999267578125,27867900,176.05999755859375,172.50999450683594,170.33999633789062,169.13999938964844,168.64999389648438,169.9600067138672,170.96399536132813,170.075,165.79349899291992,0.00793802744334915,0.00879211293273148,0.009680587920250172,0.02482928803961837,54.140354753992476,0.9877267388242366,1.0505839718312444,3
2024-05-17,GOOGL,174.17999267578125,176.27000427246094,173.69000244140625,176.05999755859375,24479300,176.9199981689453,174.17999267578125,172.50999450683594,170.33999633789062,169.13999938964844,168.64999389648438,172.44599609375,170.95699920654297,166.8919990539551,0.0038012068161957097,0.009005963536018615,0.010793460568757407,0.04393717124388141,71.53411442031215,0.9016296833229834,1.0549337209489276,4
2024-05-20,GOOGL,176.19000244140625,178.77000427246094,176.0800018310547,176.9199981689453,22554400,177.85000610351562,176.05999755859375,174.17999267578125,172.50999450683594,170.33999633789062,169.13999938964844,174.0019958496094,171.83899841308593,167.9239990234375,0.003091111458177783,0.009006480778442431,0.004884701932733826,0.04599739155357363,84.48777771905836,0.8881286468189934,1.0535718491569048,0
2024-05-21,GOOGL,176.89999389648438,178.14999389648438,175.80999755859375,177.85000610351562,16989400,176.3800048828125,176.9199981689453,176.05999755859375,174.17999267578125,172.50999450683594,170.33999633789062,175.50399780273438,172.4989990234375,168.90349960327148,0.0034665645711482746,0.007656440312479105,0.005256658061245423,0.04408835227827512,84.37344178684356,0.7148050225766875,1.052968153538903,1
2024-05-22,GOOGL,176.63999938964844,177.14999389648438,175.2100067138672,176.3800048828125,17880000,173.5500030517578,177.85000610351562,176.9199981689453,176.05999755859375,174.17999267578125,172.50999450683594,176.2779998779297,173.1989990234375,169.7659996032715,0.007584813285883001,0.007115785204950353,-0.008265398764437104,0.022433542978422594,75.60334572074055,0.8144227528217836,1.0389595401611476,2
2024-05-23,GOOGL,177.07000732421875,178.25,172.9499969482422,173.5500030517578,21024900,174.99000549316406,176.3800048828125,177.85000610351562,176.9199981689453,176.05999755859375,174.17999267578125,176.152001953125,173.55799865722656,170.64349975585938,0.011084548021315825,0.009559228888041746,-0.016044912987358995,-0.00361688856650777,64.83307890085169,1.021340160111923,1.0170326048168068,3
2024-05-24,GOOGL,174.97999572753906,175.77000427246094,173.64999389648438,174.99000549316406,16572500,176.39999389648438,173.5500030517578,176.3800048828125,177.85000610351562,176.9199981689453,176.05999755859375,175.93800354003906,174.19199981689454,170.79550018310547,0.010478542359240107,0.00905495677751437,0.00829733457842008,-0.006077428605402502,65.76657357766925,0.8720422389950874,1.0245586406290668,4
2024-05-28,GOOGL,174.4499969482422,177.27000427246094,174.3699951171875,176.39999389648438,20572200,175.89999389648438,174.99000549316406,173.5500030517578,176.3800048828125,177.85000610351562,176.9199981689453,175.83400268554686,174.91799926757812,171.30800018310546,0.011019318015742517,0.009148651507413896,0.00805753676815213,-0.0029392057305154262,62.80454955877778,1.1055686325089478,1.02972420265216,1
2024-05-29,GOOGL,175.42999267578125,176.83999633789062,174.72000122070312,175.89999389648438,23388700,172.11000061035156,176.39999389648438,174.99000549316406,173.5500030517578,176.3800048828125,177.85000610351562,175.44400024414062,175.4739990234375,171.96399993896483,0.01053892181973764,0.009342298183860563,-0.002834467218255199,-0.010964364015238037,67.39589592768286,1.1760408212932039,1.0228884764189978,2
2024-05-30,GOOGL,175.1999969482422,175.22000122070312,171.7899932861328,172.11000061035156,22958700,172.5,175.89999389648438,176.39999389648438,174.99000549316406,173.5500030517578,176.3800048828125,174.58999938964843,175.43399963378906,172.37649993896486,0.013671185297832095,0.011514300288234039,-0.021546295722802533,-0.02420911755444133,54.89747767838523,1.0983237176727232,0.9984539694870956,3
2024-05-31,GOOGL,171.86000061035156,173.05999755859375,169.44000244140625,172.5,37638900,173.1699981689453,172.11000061035156,175.89999389648438,176.39999389648438,174.99000549316406,173.5500030517578,174.37999877929687,175.26600036621093,172.67050018310547,0.012293759952549992,0.011038234038240004,0.002265989124777157,-0.006050147123562222,59.153605152145296,1.5536444015157145,0.9990125691248669,4
2024-06-03,GOOGL,172.5399932861328,174.52999877929688,171.16000366210938,173.1699981689453,27459100,173.7899932861328,172.5,172.11000061035156,175.89999389648438,176.39999389648438,174.99000549316406,174.01599731445313,174.97700042724608,172.96699981689454,0.011583638627750147,0.010423117937966494,0.003884047356204734,-0.010400635848256234,59.50023668758246,1.0399787604077033,1.0011736247507657,0
2024-06-04,GOOGL,173.27999877929688,173.85000610351562,171.88999938964844,173.7899932861328,26879600,175.41000366210938,173.1699981689453,172.5,172.11000061035156,175.89999389648438,176.39999389648438,173.4939971923828,174.66399993896485,173.2514991760254,0.010751613079950964,0.010340720306065365,0.0035802686593704447,-0.014795922339335021,58.36160611594466,0.971610337972167,1.003108164216001,1
2024-06-05,GOOGL,175.1999969482422,176.64999389648438,173.92999267578125,175.41000366210938,22068500,176.72999572753906,173.7899932861328,173.1699981689453,172.5,172.11000061035156,175.89999389648438,173.3959991455078,174.4199996948242,173.45949935913086,0.012071978145552794,0.0107190783682366,0.00932165509270333,-0.002785618256833766,57.22113767636325,0.8053914899331994,1.011244724619781,2
2024-06-06,GOOGL,175.89999389648438,177.14999389648438,175.75,176.72999572753906,23251000,174.4600067138672,175.41000366210938,173.7899932861328,173.1699981689453,172.5,172.11000061035156,174.31999816894532,174.4549987792969,173.82699890136718,0.002970335450413647,0.010746669997425658,0.007525181220407351,0.026843269425388838,56.46224937646217,0.8467403900009541,1.0167004944256048,3
2024-06-07,GOOGL,177.0500030517578,177.8699951171875,174.3000030517578,174.4600067138672,19661400,175.00999450683594,176.72999572753906,175.41000366210938,173.7899932861328,173.1699981689453,172.5,174.71199951171874,174.5459991455078,174.0519989013672,0.008804924538332917,0.010243310647167225,-0.012844390134946093,0.011362357761548925,46.02387563012719,0.8238964931159676,1.0023441719433006,4
2024-06-10,GOOGL,174.97000122070312,177.05999755859375,172.75999450683594,175.00999450683594,23779200,176.6199951171875,174.4600067138672,176.72999572753906,175.41000366210938,173.7899932861328,173.1699981689453,175.0799987792969,174.547998046875,174.36999893188477,0.00877792126058421,0.009936725052387992,0.003152515028104874,0.010625375973588147,45.17918515928169,1.0281590145944688,1.0036703307843753,0
2024-06-11,GOOGL,176.22000122070312,176.83999633789062,173.77000427246094,176.6199951171875,21540600,177.7899932861328,175.00999450683594,174.4600067138672,176.72999572753906,175.41000366210938,173.7899932861328,175.6459991455078,174.56999816894532,174.7439987182617,0.009348464783345225,0.010044867539183315,0.009199478092027924,0.016284032109922908,46.99850316123411,0.9764489255281245,1.0107356842734865,1
2024-06-12,GOOGL,178.25,180.41000366210935,176.11000061035156,177.7899932861328,27864700,175.16000366210938,176.6199951171875,175.00999450683594,174.4600067138672,176.72999572753906,175.41000366210938,176.1219970703125,174.75899810791014,175.11649856567382,0.008982681269127131,0.01017498006834291,0.0066243811645958495,0.013568152182517501,53.49180641323972,1.200062189429692,1.0152669493871609,2
2024-06-13,GOOGL,176.11000061035156,176.74000549316406,174.8800048828125,175.16000366210938,20913300,176.7899932861328,177.7899932861328,176.6199951171875,175.00999450683594,174.4600067138672,176.72999572753906,175.80799865722656,175.06399841308593,175.2489990234375,0.011261119588334442,0.008606930748725355,-0.014792675197364824,-0.008883563081448331,54.027026222443084,0.9191915906581621,0.9994921776339719,3
2024-06-14,GOOGL,174.22000122070312,177.05999755859375,174.14999389648438,176.7899932861328,18063600,177.24000549316406,175.16000366210938,177.7899932861328,176.6199951171875,175.00999450683594,174.4600067138672,176.27399597167968,175.4929977416992,175.37949905395507,0.010093041268517488,0.008931802269510479,0.009305718143097108,0.013355419480678199,54.45984611103717,0.8052502910983637,1.0080425262917634,4
2024-06-17,GOOGL,175.4600067138672,178.36000061035156,174.80999755859375,177.24000549316406,19618500,175.08999633789062,176.7899932861328,175.16000366210938,177.7899932861328,176.6199951171875,175.00999450683594,176.71999816894532,175.8999984741211,175.4384994506836,0.010089855895143779,0.008918703151531123,0.0025454619838289894,0.012742192196577795,52.18525895939898,0.9082580020314683,1.0102685901220152,0
2024-06-18,GOOGL,177.13999938964844,177.38999938964844,174.10000610351562,175.08999633789062,21869900,176.3000030517578,177.24000549316406,176.7899932861328,175.16000366210938,177.7899932861328,176.6199951171875,176.41399841308595,176.02999877929688,175.34699935913085,0.011052804396633434,0.009998595896915022,-0.012130495873610037,-0.00866265893780438,48.05941798624586,1.0094110588018093,0.9985343175407647,1
2024-06-20,GOOGL,175.3699951171875,177.2899932861328,174.99000549316406,176.3000030517578,20160100,179.6300048828125,175.08999633789062,177.24000549316406,176.7899932861328,175.16000366210938,177.7899932861328,176.11600036621093,176.1189987182617,175.26949920654297,0.011107267609285992,0.009797074527908152,0.006910770113514042,-0.0083806192172865,61.4543670723446,1.001740117306366,1.0058795389379214,3
2024-06-21,GOOGL,177.0,180.8500061035156,176.61000061035156,179.6300048828125,58582700,179.22000122070312,176.3000030517578,175.08999633789062,177.24000549316406,176.7899932861328,175.16000366210938,177.01000061035157,176.40899963378905,175.43199920654297,0.011341283902449125,0.011247618072385541,0.01888826870908833,0.025519531441241305,66.79230203086547,2.1180369760829763,1.0239295322133737,4
2024-06-24,GOOGL,180.16000366210935,180.88999938964844,178.6699981689453,179.22000122070312,18298000,184.02999877929688,179.6300048828125,176.3000030517578,175.08999633789062,177.24000549316406,176.7899932861328,177.49600219726562,176.88499908447267,175.71549911499022,0.011451485521641764,0.010176462798771194,-0.0022824898455959808,0.013745166733715397,64.42538650895118,0.6604383768909371,1.0199441832016167,0
2024-06-25,GOOGL,179.6199951171875,184.2899932861328,179.4199981689453,184.02999877929688,23235600,183.8800048828125,179.22000122070312,179.6300048828125,176.3000030517578,175.08999633789062,177.24000549316406,178.8540008544922,177.78699951171876,176.16749877929686,0.0156920859984158,0.012720978813567542,0.026838508681128692,0.03830959758345687,70.34978182226172,0.8173128670953799,1.0446308204094454,1
2024-06-26,GOOGL,182.6300048828125,184.50999450683597,182.47999572753903,183.8800048828125,19839000,185.41000366210935,184.02999877929688,179.22000122070312,179.6300048828125,176.3000030517578,175.08999633789062,180.61200256347655,178.51300048828125,176.54149932861327,0.012647752862911471,0.012757468018351488,-0.0008150513366261825,0.050202802722999706,67.8767650040643,0.7079521594342949,1.041568161492383,2
2024-06-27,GOOGL,184.17999267578125,186.0500030517578,184.0200042724609,185.41000366210935,18848900,182.1499938964844,183.8800048828125,184.02999877929688,179.22000122070312,179.6300048828125,176.3000030517578,182.4340026855469,179.2750015258789,177.01699981689453,0.012579759492826297,0.012805810811532304,0.008320637038659706,0.051673286742241586,68.15902864632709,0.6789744114371179,1.047413547025972,3
2024-06-28,GOOGL,184.32000732421875,185.1300048828125,181.9600067138672,182.1499938964844,29156600,182.9900054931641,185.41000366210935,183.8800048828125,184.02999877929688,179.22000122070312,179.6300048828125,182.93800048828126,179.9740005493164,177.51899948120118,0.016299052943322827,0.013288781285289358,-0.017582706980395546,0.014028775511729874,65.4479457034769,1.3328353664947554,1.0260873170129243,4
2024-07-01,GOOGL,183.02999877929688,183.8800048828125,181.3000030517578,182.9900054931641,16006100,185.2400054931641,182.1499938964844,185.41000366210935,183.8800048828125,184.02999877929688,179.22000122070312,183.69200134277344,180.59400177001953,178.0434997558594,0.016041044315990013,0.01316284381458072,0.0046116476795330374,0.021035622401421206,65.84591667181768,0.7473465301784917,1.027782568552559,0
2024-07-02,GOOGL,182.0500030517578,185.57000732421875,181.55999755859372,185.2400054931641,17372500,185.82000732421875,182.9900054931641,182.1499938964844,185.41000366210935,183.8800048828125,184.02999877929688,183.9340026855469,181.39400177001954,178.64700012207032,0.01164228497606358,0.013439979924326837,0.012295753497226114,0.006575051469289717,66.6924919377287,0.8581292214919322,1.036905211767277,1
2024-07-03,GOOGL,184.8500061035156,186.08999633789065,184.0,185.82000732421875,10242100,190.6000061035156,185.2400054931641,182.9900054931641,182.1499938964844,185.41000366210935,183.8800048828125,184.32200317382814,182.46700286865234,179.2485008239746,0.01159110535994048,0.012145136708326305,0.003131082994251244,0.010550371926749902,65.91360619301781,0.55890673191729,1.036661430751365,2
2024-07-05,GOOGL,185.8600006103516,190.8600006103516,185.8000030517578,190.6000061035156,20967500,189.02999877929688,185.82000732421875,185.2400054931641,182.9900054931641,182.1499938964844,185.41000366210935,185.36000366210936,183.89700317382812,180.00800094604492,0.01576629898533239,0.013659163459685852,0.02572381116612865,0.027992030305249882,78.19573133420059,1.1183286966317065,1.0588418575941272,4
2024-07-08,GOOGL,189.8999938964844,190.1699981689453,187.77999877929688,189.02999877929688,21035900,188.97999572753903,190.6000061035156,185.82000732421875,185.2400054931641,182.9900054931641,182.1499938964844,186.7360046386719,184.83700256347657,180.6230010986328,0.012551846424673812,0.013928167698528001,-0.008237184018588306,0.03777109587345007,72.40113781642252,1.2283866341368843,1.0465444468840004,0
2024-07-09,GOOGL,190.30999755859372,191.3600006103516,188.72000122070312,188.97999572753903,15121400,191.17999267578125,189.02999877929688,190.6000061035156,185.82000732421875,185.2400054931641,182.9900054931641,187.9340026855469,185.81300201416016,181.3490005493164,0.01301378329945908,0.013821919931960872,-0.0002645244251217038,0.03273397483229612,71.80529544867122,0.8922295885975119,1.0420790583631998,1
2024-07-10,GOOGL,189.1499938964844,191.75,189.02999877929688,191.17999267578125,15952500,185.57000732421875,188.97999572753903,189.02999877929688,190.6000061035156,185.82000732421875,185.2400054931641,189.12200012207032,186.5280014038086,182.15750045776366,0.01294441091964632,0.011905771998818069,0.011641427653612979,0.03206643816924504,79.82939822620335,0.9573100622424069,1.0495312693429806,2
2024-07-11,GOOGL,189.8500061035156,190.8600006103516,185.0800018310547,185.57000732421875,25625800,185.07000732421875,191.17999267578125,188.97999572753903,189.02999877929688,190.6000061035156,185.82000732421875,189.0720001220703,186.6970016479492,182.60500106811523,0.020773676432414224,0.015903420886997848,-0.029343998150875406,-0.0013453879568726679,64.77526491282265,1.2981253881590344,1.016237267537911,3
2024-07-12,GOOGL,185.0800018310547,187.1100006103516,184.4900054931641,185.07000732421875,22898400,186.52999877929688,185.57000732421875,191.17999267578125,188.97999572753903,189.02999877929688,190.6000061035156,187.96600036621095,186.66300201416016,182.96900177001953,0.015039508766458338,0.01572275386146263,-0.002694400928305307,-0.029013633799641503,59.530484955608415,1.1377069380129976,1.0114828497388866,4
2024-07-15,GOOGL,184.9199981689453,188.2400054931641,184.9199981689453,186.52999877929688,16474000,183.9199981689453,185.07000732421875,185.57000732421875,191.17999267578125,188.97999572753903,189.02999877929688,187.46600036621095,187.10100250244142,183.5375015258789,0.01607427222546006,0.01459341799056662,0.007888860416590315,-0.01322541404086286,62.352143398600504,0.8573769075517241,1.0163045548105385,0
2024-07-16,GOOGL,187.3600006103516,188.67999267578125,183.3699951171875,183.9199981689453,18290700,181.0200042724609,186.52999877929688,185.07000732421875,185.57000732421875,191.17999267578125,188.97999572753903,186.4540008544922,187.19400177001953,183.89400177001954,0.016743794811412544,0.015451423944926814,-0.013992390647253106,-0.02677530782617299,49.799195668487066,0.9215256939140318,1.000141366214643,1
2024-07-17,GOOGL,182.97000122070312,183.5500030517578,179.89999389648438,181.0200042724609,20734100,177.69000244140625,183.9199981689453,186.52999877929688,185.07000732421875,185.57000732421875,191.17999267578125,184.42200317382813,186.77200164794922,184.08300170898437,0.014086534317220692,0.01564149270829658,-0.015767692069138306,-0.053143575648893826,45.25547334394793,0.9966113263412899,0.9833607806908444,2
2024-07-18,GOOGL,181.92999267578125,182.5,176.47000122070312,177.69000244140625,25315700,177.66000366210938,181.0200042724609,183.9199981689453,186.52999877929688,185.07000732421875,185.57000732421875,182.84600219726562,185.95900115966796,184.21300201416017,0.01099055343005348,0.016295242886577452,-0.018395767055902512,-0.042463784942600946,37.914839338435534,1.2204701633065895,0.9645899067849049,3
2024-07-19,GOOGL,178.8800048828125,180.2899932861328,177.1300048828125,177.66000366210938,18881900,181.6699981689453,177.69000244140625,181.0200042724609,183.9199981689453,186.52999877929688,185.07000732421875,181.36400146484374,184.66500091552734,184.28100204467773,0.011380497959592645,0.012632061420717117,-0.00016882648930549582,-0.04003892240155371,42.18043961907753,0.9469700009228016,0.9640711830893824,4
2024-07-22,GOOGL,180.58999633789065,182.6999969482422,180.22999572753903,181.6699981689453,24100300,181.7899932861328,177.66000366210938,177.69000244140625,181.0200042724609,183.9199981689453,186.52999877929688,180.39200134277343,183.9290008544922,184.38300170898438,0.017026810244082122,0.015670312604550783,0.02257117203747505,-0.026054793556836597,47.929723360037784,1.1227960161270636,0.9852860431010823,0
2024-07-23,GOOGL,182.0500030517578,183.6100006103516,181.5399932861328,181.7899932861328,36352700,172.6300048828125,181.6699981689453,177.66000366210938,177.69000244140625,181.0200042724609,183.9199981689453,179.96600036621095,183.21000061035156,184.51150131225586,0.01637301339288691,0.01569655524703261,0.0006605114680295898,-0.0115811488909211,44.20165420830135,1.4496465677231751,0.9852501984604345,1
2024-07-24,GOOGL,173.60000610351562,176.19000244140625,171.82000732421875,172.6300048828125,49585200,167.27999877929688,181.7899932861328,181.6699981689453,177.66000366210938,177.69000244140625,181.0200042724609,178.28800048828126,181.3550018310547,183.94150161743164,0.027245074231566455,0.02046570026919794,-0.050387748179861136,-0.04634846531668546,32.794133102334726,1.6074478169141015,0.9385049233851248,2
2024-07-25,GOOGL,172.52000427246094,173.4199981689453,167.19000244140625,167.27999877929688,44852000,167.0,172.6300048828125,181.7899932861328,181.6699981689453,177.66000366210938,177.69000244140625,176.20599975585938,179.5260009765625,183.11150131225585,0.028849384019441635,0.02064486346844383,-0.030991171593532707,-0.05858519623546121,20.025669308387933,1.2905408865980212,0.913541735939558,3
2024-07-26,GOOGL,167.14999389648438,168.08999633789062,164.05999755859375,167.0,41336900,169.52999877929688,167.27999877929688,172.6300048828125,181.7899932861328,181.6699981689453,177.66000366210938,174.0739990234375,177.71900024414063,182.19100112915038,0.028706974838528035,0.020688169882306096,-0.001673832982664547,-0.06000227086780652,20.71254289384241,1.0532923332200292,0.9166204640459609,4
2024-07-29,GOOGL,168.8300018310547,170.42999267578125,167.99000549316406,169.52999877929688,20293800,170.2899932861328,167.0,167.27999877929688,172.6300048828125,181.7899932861328,181.6699981689453,171.6459991455078,176.0190002441406,181.56000137329102,0.02658861142534606,0.021498320796952183,0.015149693289202792,-0.0668244592503312,25.742054210825856,0.5273291944833349,0.9337408983090928,0
2024-07-30,GOOGL,170.24000549316406,171.22999572753906,168.44000244140625,170.2899932861328,18959700,171.5399932861328,169.52999877929688,167.0,167.27999877929688,172.6300048828125,181.7899932861328,169.34599914550782,174.65599975585937,180.92500076293945,0.02714483187685651,0.021841354622819727,0.0044829499929706085,-0.0632598076061277,22.97538495430055,0.541620293028071,0.9412186959681633,1
2024-07-31,GOOGL,173.24000549316406,174.25,170.00999450683594,171.5399932861328,25729100,170.75999450683594,170.2899932861328,169.52999877929688,167.0,167.27999877929688,172.6300048828125,169.12799682617188,173.70799865722657,180.2400001525879,0.017750116903883836,0.022084868360238884,0.007340419574153545,-0.00631414913890338,29.542097883302404,0.8509904313974526,0.9517309872442864,2
2024-08-01,GOOGL,170.25,174.0500030517578,168.8800048828125,170.75999450683594,24531400,166.66000366210938,171.5399932861328,170.2899932861328,169.52999877929688,167.0,167.27999877929688,169.8239959716797,173.01499786376954,179.48699951171875,0.007759484129791905,0.021590031409220875,-0.004547037482949046,0.02080341793958551,29.302822194964023,0.9373798728170766,0.9513780662185897,3
2024-08-02,GOOGL,166.44000244140625,168.50999450683594,164.6699981689453,166.66000366210938,29130100,159.25,170.75999450683594,171.5399932861328,170.2899932861328,169.52999877929688,167.0,169.75599670410156,171.91499786376954,178.28999938964844,0.015001314099619144,0.022449133308494136,-0.024010254020958244,-0.0020359062149138962,23.300166653544338,1.2276253096445588,0.9347692199935342,4
2024-08-05,GOOGL,155.5,164.42999267578125,154.92999267578125,159.25,53630700,158.2899932861328,166.66000366210938,170.75999450683594,171.5399932861328,170.2899932861328,169.52999877929688,167.6999969482422,169.672998046875,176.8009994506836,0.021788843455130585,0.022926181631360384,-0.04446179946769113,-0.060638228356740154,20.637920357116272,1.7643883116968568,0.9007302022883686,0
2024-08-06,GOOGL,159.3300018310547,160.57000732421875,156.41000366210938,158.2899932861328,49004600,158.94000244140625,159.25,166.66000366210938,170.75999450683594,171.5399932861328,170.2899932861328,165.29999694824218,167.322998046875,175.2664993286133,0.020222905808301488,0.022583421833122386,-0.006028299616120503,-0.07046802791187379,21.637104887765787,1.34608866100923,0.9031388992904421,1
2024-08-07,GOOGL,161.25,162.97999572753906,158.47000122070312,158.94000244140625,25138600,162.02999877929688,158.2899932861328,159.25,166.66000366210938,170.75999450683594,171.5399932861328,162.77999877929688,165.95399780273436,173.65449981689454,0.019390678704767877,0.018984797240216924,0.004106445023965843,-0.07345220553733778,24.92644028093487,0.6927699886571198,0.9152656718311152,2
2024-08-08,GOOGL,160.50999450683594,163.69000244140625,160.2100067138672,162.02999877929688,25578800,163.6699981689453,158.94000244140625,158.2899932861328,159.25,166.66000366210938,170.75999450683594,161.03399963378905,165.4289978027344,172.47749938964844,0.024825774019846668,0.01891581582341154,0.019441275263788693,-0.051124361726244794,30.67983688743196,0.7008550942883384,0.9394268780141035,3
2024-08-09,GOOGL,160.00999450683594,163.7899932861328,159.05999755859375,163.6699981689453,28602300,162.2899932861328,162.02999877929688,158.94000244140625,158.2899932861328,159.25,166.66000366210938,160.43599853515624,165.09599761962892,171.40749893188476,0.024768309267402925,0.019371369439276583,0.010121578732357417,-0.017940750194786248,26.365537884525224,0.7859718062158226,0.954859030024035,4
2024-08-12,GOOGL,164.35000610351562,164.89999389648438,161.83999633789062,162.2899932861328,15895300,164.16000366210938,163.6699981689453,162.02999877929688,158.94000244140625,158.2899932861328,159.25,161.04399719238282,164.3719970703125,170.19549865722655,0.011520690508968312,0.018488488601371315,-0.008431630098681975,0.01908943978733313,25.216062766611884,0.5510797422819089,0.9535504438515415,0
2024-08-13,GOOGL,163.41000366210938,164.72999572753906,162.97000122070312,164.16000366210938,18551700,160.3699951171875,162.2899932861328,163.6699981689453,162.02999877929688,158.94000244140625,158.2899932861328,162.21799926757814,163.75899810791014,169.20749893188477,0.010378728836146841,0.018983182526272353,0.011522647441851497,0.03708390059354949,36.78627709564232,0.8153396380487437,0.9701697897455048,1
2024-08-14,GOOGL,162.39999389648438,163.22000122070312,157.7100067138672,160.3699951171875,40591100,161.3000030517578,164.16000366210938,162.2899932861328,163.6699981689453,162.02999877929688,158.94000244140625,162.50399780273438,162.64199829101562,168.17499847412108,0.017313232433954866,0.019485430659448126,-0.02308728350617517,0.008997059606239866,38.66841758107571,1.570629596840098,0.9535899900237869,2
2024-08-15,GOOGL,160.5,161.63999938964844,159.61000061035156,161.3000030517578,31524300,162.9600067138672,160.3699951171875,164.16000366210938,162.2899932861328,163.6699981689453,162.02999877929688,162.35799865722657,161.6959991455078,167.35549850463866,0.014744836413799771,0.01987366524573855,0.005799139258504837,-0.004505312183167964,40.84779789032988,1.1661439710220198,0.9638165730616075,3
2024-08-16,GOOGL,161.47000122070312,165.05999755859375,161.1300048828125,162.9600067138672,24208600,166.6699981689453,161.3000030517578,160.3699951171875,164.16000366210938,162.2899932861328,163.6699981689453,162.21600036621095,161.32599945068358,166.62049865722656,0.014776489356035958,0.019275589200022352,0.010291405026053857,-0.004337945029761925,39.14769654048817,0.9256104182119889,0.9780309627395259,4
2024-08-19,GOOGL,165.27999877929688,166.69000244140625,164.25999450683594,166.6699981689453,22416200,167.17999267578125,162.9600067138672,161.3000030517578,160.3699951171875,164.16000366210938,162.2899932861328,163.09200134277344,162.06799926757813,165.87049865722656,0.017136711590351968,0.013792534031809888,0.022766269650395188,0.026988755092805627,44.55148756974849,0.8163700844696592,1.00482002235594,0
2024-08-20,GOOGL,166.89999389648438,168.63999938964844,166.82000732421875,167.17999267578125,18341500,165.85000610351562,166.6699981689453,162.9600067138672,161.3000030517578,160.3699951171875,164.16000366210938,163.6959991455078,162.95699920654297,165.13999862670897,0.016802694848572195,0.013301403065839811,0.0030599058765152787,0.018396618824935596,43.28818182373387,0.6689988525091242,1.0123531189659483,1
2024-08-21,GOOGL,165.14999389648438,166.85000610351562,164.6699981689453,165.85000610351562,22902000,163.8000030517578,167.17999267578125,166.6699981689453,162.9600067138672,161.3000030517578,160.3699951171875,164.79200134277343,163.64799957275392,164.80099868774414,0.011178369023891247,0.013977466058673796,-0.007955417098533535,0.034171049156194844,42.567383717035746,0.9591046681285105,1.0063652976870552,2
2024-08-22,GOOGL,167.25999450683594,167.58999633789062,163.30999755859375,163.8000030517578,22493300,165.6199951171875,165.85000610351562,167.17999267578125,166.6699981689453,162.9600067138672,161.3000030517578,165.29200134277343,163.825,164.6269989013672,0.014139605837892753,0.01377947198583901,-0.012360584723031587,0.015499069762557882,45.38412171164262,1.019072757190907,0.9949765478619649,3
2024-08-23,GOOGL,164.72000122070312,166.17999267578125,163.8300018310547,165.6199951171875,13955700,166.16000366210938,163.8000030517578,165.85000610351562,167.17999267578125,166.6699981689453,162.9600067138672,165.8239990234375,164.0199996948242,164.55799865722656,0.014247292588297444,0.013854223326440245,0.011111062463500687,0.016322952219748332,62.54429193009448,0.6970273312908868,1.0064536301402953,4
2024-08-26,GOOGL,166.3800048828125,167.5500030517578,164.4600067138672,166.16000366210938,14190400,164.67999267578125,165.6199951171875,163.8000030517578,165.85000610351562,167.17999267578125,166.6699981689453,165.7220001220703,164.40700073242186,164.38949890136718,0.009458573008159766,0.013431261936628431,0.0032605274776138504,-0.0030599058765152787,65.75892106927559,0.772200267949749,1.010770181627018,0
2024-08-27,GOOGL,165.83999633789062,166.44000244140625,164.4600067138672,164.67999267578125,11821900,162.85000610351562,166.16000366210938,165.6199951171875,163.8000030517578,165.85000610351562,167.17999267578125,165.2220001220703,164.45899963378906,164.1089988708496,0.009815586196966633,0.013450097339322339,-0.008907143438307563,-0.014953942514211893,61.12400418729263,0.6924462854645966,1.003479357066708,1
2024-08-28,GOOGL,165.0399932861328,165.60000610351562,161.52999877929688,162.85000610351562,16407400,161.77999877929688,164.67999267578125,166.16000366210938,165.6199951171875,163.8000030517578,165.85000610351562,164.62200012207032,164.70700073242188,163.67449951171875,0.010305722236488865,0.011521678132177691,-0.011112379485396673,-0.018088633642422303,51.67075598754922,1.0401718298894238,0.9949626031503821,2
2024-08-29,GOOGL,164.30999755859375,165.97000122070312,160.25,161.77999877929688,19699800,163.3800048828125,162.85000610351562,164.67999267578125,166.16000366210938,165.6199951171875,163.8000030517578,164.21799926757814,164.75500030517577,163.2254997253418,0.009357115591642104,0.011683076146481935,-0.006570508345812409,-0.012332138185752406,46.05757594854921,1.2947583443750394,0.9911441475230448,3
2024-08-30,GOOGL,162.6199951171875,163.66000366210938,161.69000244140625,163.3800048828125,22123800,157.36000061035156,161.77999877929688,162.85000610351562,164.67999267578125,166.16000366210938,165.6199951171875,163.77000122070314,164.7970001220703,163.06149978637694,0.008920666270528845,0.011645787358228037,0.009890011840699708,-0.01352487803655622,52.25301942766021,1.3130895869463803,1.0019532820245909,4
2024-09-03,GOOGL,161.72000122070312,161.85000610351562,156.47999572753906,157.36000061035156,38945300,156.4499969482422,163.3800048828125,161.77999877929688,162.85000610351562,164.67999267578125,166.16000366210938,162.01000061035157,163.86600036621093,162.96699981689454,0.01679309414663205,0.013914643922853638,-0.03684664030203022,-0.05296101864352898,38.00282239024472,1.7865111533951936,0.9655942662450505,1
2024-09-04,GOOGL,156.66000366210938,159.0,155.9600067138672,156.4499969482422,19353800,157.24000549316406,157.36000061035156,163.3800048828125,161.77999877929688,162.85000610351562,164.67999267578125,160.36400146484374,162.79300079345703,162.875,0.01693444239410962,0.013576995232626596,-0.005782941399210428,-0.049975686747461334,42.30165527252154,0.8304206381012288,0.9605525522532138,2
2024-09-05,GOOGL,156.3000030517578,159.4499969482422,155.97999572753906,157.24000549316406,18688700,150.9199981689453,156.4499969482422,157.36000061035156,163.3800048828125,161.77999877929688,162.85000610351562,159.24200134277345,161.93200073242187,162.79000015258788,0.018185457148574648,0.01403997348973959,0.00504959130924898,-0.034448881793627706,41.98262957311562,0.7864859769348732,0.9659070295827653,3
2024-09-06,GOOGL,157.3000030517578,157.8300018310547,150.5500030517578,150.9199981689453,37912100,148.7100067138672,157.24000549316406,156.4499969482422,157.36000061035156,163.3800048828125,161.77999877929688,157.07000122070312,160.6440002441406,162.2345001220703,0.023496306903791647,0.017852439934315702,-0.04019338020497276,-0.0671282030677165,29.919939738493568,1.3834139641536465,0.9302583485965586,4
2024-09-09,GOOGL,152.50999450683594,153.39999389648438,147.22000122070312,148.7100067138672,39260500,148.66000366210938,150.9199981689453,157.24000549316406,156.4499969482422,157.36000061035156,163.3800048828125,154.13600158691406,158.9530014038086,161.48650054931642,0.019611095566943244,0.016601323502574067,-0.014643463304340743,-0.08979065816204168,18.469128288433865,1.2733652740911414,0.9208819697498651,0
2024-09-10,GOOGL,150.4499969482422,151.27000427246094,148.33999633789062,148.66000366210938,31118800,151.16000366210938,148.7100067138672,150.9199981689453,157.24000549316406,156.4499969482422,157.36000061035156,152.39600219726563,157.2030014038086,160.80500106811525,0.01777559204844561,0.0163043129623515,-0.0003362453735479276,-0.05528721984301954,16.952219656704713,1.0632806205534056,0.9244737581211085,1
2024-09-11,GOOGL,149.9199981689453,151.5,147.52000427246094,151.16000366210938,29607700,154.69000244140625,148.66000366210938,148.7100067138672,150.9199981689453,157.24000549316406,156.4499969482422,151.33800354003907,155.85100250244142,160.15500106811524,0.02188888056265057,0.018537916049516646,0.01681689720445778,-0.03381267746449934,24.837297268475965,0.9454025153939196,0.9438356757764922,2
2024-09-12,GOOGL,153.8000030517578,154.82000732421875,152.64999389648438,154.69000244140625,29695000,157.4600067138672,151.16000366210938,148.66000366210938,148.7100067138672,150.9199981689453,157.24000549316406,150.8280029296875,155.03500213623047,159.87100143432616,0.025559680933922604,0.021010885716432778,0.023352730178463954,-0.016217266361445604,35.148366335968674,0.8859202084082912,0.9675926281412065,3
2024-09-13,GOOGL,155.42999267578125,158.3800048828125,155.2100067138672,157.4600067138672,29591200,158.05999755859375,154.69000244140625,151.16000366210938,148.66000366210938,148.7100067138672,150.9199981689453,152.13600463867186,154.6030029296875,159.67900161743165,0.015747145225373422,0.022190723874331936,0.017906808641432237,0.04333427394824607,37.096809218574386,0.9289447314425779,0.9861034019433509,4
2024-09-16,GOOGL,157.30999755859375,158.25,156.60000610351562,158.05999755859375,18379800,159.32000732421875,157.4600067138672,154.69000244140625,151.16000366210938,148.66000366210938,148.7100067138672,154.0060028076172,154.0710021972656,159.43400115966796,0.01007159912980388,0.021895525975248468,0.0038104332474522273,0.06287398576154235,37.21590881724242,0.664046100764131,0.99138199135015,0
2024-09-17,GOOGL,159.02000427246094,160.5500030517578,158.3800048828125,159.32000732421875,20715600,159.80999755859375,158.05999755859375,157.4600067138672,154.69000244140625,151.16000366210938,148.66000366210938,156.13800354003905,154.26700286865236,159.06650161743164,0.007918886877129347,0.01854845293597186,0.007971718240460612,0.07170727431393442,41.48127525749795,0.8092707749788459,1.001593708946946,1
2024-09-18,GOOGL,159.86000061035156,160.5,158.60000610351562,159.80999755859375,23677300,162.13999938964844,159.32000732421875,158.05999755859375,157.4600067138672,154.69000244140625,151.16000366210938,157.86800231933594,154.6030029296875,158.69800186157227,0.00899586332238113,0.01837829699797869,0.003075509740455118,0.05722409160441577,44.95350936651763,0.9699128863196375,1.0070069924257234,2
2024-09-19,GOOGL,163.7100067138672,163.7899932861328,161.33999633789062,162.13999938964844,26587700,163.58999633789062,159.80999755859375,159.32000732421875,158.05999755859375,157.4600067138672,154.69000244140625,159.35800170898438,155.09300231933594,158.51250152587892,0.006566107997633691,0.018780511559007767,0.01457982520899792,0.04816081731632349,50.57361437106646,1.1175847991956391,1.0228846168526164,3
2024-09-20,GOOGL,163.5,163.72999572753906,162.05999755859375,163.58999633789062,40896400,161.85000610351562,162.13999938964844,159.80999755859375,159.32000732421875,158.05999755859375,157.4600067138672,160.58399963378906,156.36000213623046,158.50200119018555,0.004622291869250367,0.010952306073152628,0.008942870073396447,0.0389304544814526,50.33620137881164,1.56983742883289,1.0321005104635872,4
2024-09-23,GOOGL,164.35000610351562,165.49000549316406,161.6699981689453,161.85000610351562,24150900,162.2899932861328,163.58999633789062,162.13999938964844,159.80999755859375,159.32000732421875,158.05999755859375,161.34200134277344,157.67400207519532,158.31350173950196,0.00954096572657226,0.010062981244796305,-0.010636287507343023,0.023978290544493408,58.330252322082224,0.8877186224296634,1.0223386149959137,0
2024-09-24,GOOGL,163.02999877929688,163.22000122070312,160.69000244140625,162.2899932861328,23332100,161.49000549316406,161.85000610351562,163.58999633789062,162.13999938964844,159.80999755859375,159.32000732421875,161.93599853515624,159.03700103759766,158.12000122070313,0.009390610587268243,0.009806403718049249,0.002718487278497772,0.01864163837169608,61.02719155095794,0.8414367980242982,1.0263723250267955,1
2024-09-25,GOOGL,161.47000122070312,162.80999755859375,161.3000030517578,161.49000549316406,18869200,162.72999572753906,162.2899932861328,161.85000610351562,163.58999633789062,162.13999938964844,159.80999755859375,162.27200012207032,160.07000122070312,157.96050186157225,0.010180525121088467,0.010245699357442226,-0.004929372272252763,0.010512533384867462,58.02190725360964,0.7049358059061704,1.0223442163705259,2
2024-09-26,GOOGL,163.63999938964844,164.0800018310547,162.27999877929688,162.72999572753906,20319300,163.9499969482422,161.49000549316406,162.2899932861328,161.85000610351562,163.58999633789062,162.13999938964844,162.38999938964844,160.8740005493164,157.95450134277343,0.008380094662693011,0.00845376289749749,0.007678433291201436,0.003638808067790711,77.58063803432631,0.7964111661319188,1.0302333541885105,3
2024-09-27,GOOGL,162.80999755859375,165.6999969482422,162.6300048828125,163.9499969482422,21101300,165.85000610351562,162.72999572753906,161.49000549316406,162.2899932861328,161.85000610351562,163.58999633789062,162.46199951171874,161.52299957275392,158.0630012512207,0.008045183827543882,0.0072597595645486485,0.007497088752744796,0.002200627290240842,87.31641960123804,0.9789715030137475,1.0372446154408068,4
2024-09-30,GOOGL,163.32000732421875,166.14999389648438,163.25999450683594,165.85000610351562,20413900,166.99000549316406,163.9499969482422,162.72999572753906,161.49000549316406,162.2899932861328,161.85000610351562,163.26199951171876,162.3020004272461,158.18650131225587,0.006336041047699561,0.007635736209936543,0.011588955112169064,0.02471424064971428,88.59459918710996,0.9810997752696667,1.048446009790255,0
2024-10-01,GOOGL,167.69000244140625,169.16000366210938,164.5800018310547,166.99000549316406,28338100,165.86000061035156,165.85000610351562,163.9499969482422,162.72999572753906,161.49000549316406,162.2899932861328,164.202001953125,163.06900024414062,158.6680015563965,0.006248517293105748,0.007593615572527663,0.0068736771039785705,0.02896057921910611,87.85278267310295,1.2994145364438225,1.0524491633797355,1
2024-10-02,GOOGL,166.4199981689453,167.52000427246094,164.72999572753906,165.86000061035156,17760200,165.86000061035156,166.99000549316406,165.85000610351562,163.9499969482422,162.72999572753906,161.49000549316406,165.0760009765625,163.67400054931642,159.13850173950195,0.007037295304567548,0.008425468239075954,-0.006766901285351179,0.027060467945630773,80.17293327914571,0.8227434107148152,1.0422367861792001,2
2024-10-03,GOOGL,164.41000366210938,166.63999938964844,163.9199981689453,165.86000061035156,15073100,167.05999755859375,165.86000061035156,166.99000549316406,165.85000610351562,163.9499969482422,162.72999572753906,165.702001953125,164.0460006713867,159.56950149536132,0.007243544450282283,0.007561255682965278,0.0,0.01923434501929866,76.68365754303784,0.7339370472875721,1.0394216880797431,3
2024-10-04,GOOGL,168.05999755859375,168.22999572753906,165.47999572753906,167.05999755859375,19047400,162.97999572753906,165.86000061035156,165.86000061035156,166.99000549316406,165.85000610351562,163.9499969482422,166.32400207519532,164.39300079345702,160.37650146484376,0.007211327449187036,0.007412278171625621,0.007234999058400415,0.018969202002079744,77.53983728904727,0.9463822395702391,1.0416737865753674,4
2024-10-07,GOOGL,167.72000122070312,168.47999572753906,162.75,162.97999572753906,22463100,164.3800048828125,167.05999755859375,165.86000061035156,165.86000061035156,166.99000549316406,165.85000610351562,165.75,164.50599975585936,161.09000091552736,0.013071788348577633,0.010632282393461439,-0.02442237454016294,-0.017304855413663556,59.55113895642714,1.093819845561876,1.0117325395820365,0
2024-10-08,GOOGL,163.94000244140625,164.72999572753906,162.8699951171875,164.3800048828125,23072700,161.86000061035156,162.97999572753906,167.05999755859375,165.86000061035156,165.86000061035156,166.99000549316406,165.22799987792968,164.71500091552736,161.8760009765625,0.013427267179338002,0.010911689681674597,0.008590067443699612,-0.01562968156473532,61.38518337177812,1.184229570965904,1.0154686543474258,1
2024-10-09,GOOGL,163.4499969482422,164.83999633789062,159.74000549316406,161.86000061035156,31181800,162.0800018310547,164.3800048828125,162.97999572753906,167.05999755859375,165.86000061035156,165.86000061035156,164.4279998779297,164.7520004272461,162.4110008239746,0.014518092830792893,0.012015023894915966,-0.015330357693184582,-0.02411672486000438,49.30898552296427,1.4066372483830019,0.9966073713552186,2
2024-10-10,GOOGL,160.8699951171875,163.07000732421875,160.39999389648438,162.0800018310547,14144100,163.24000549316406,161.86000061035156,164.3800048828125,162.97999572753906,167.05999755859375,165.86000061035156,163.6720001220703,164.68700103759767,162.78050079345704,0.01464229397316698,0.011746693505364635,0.001359206844640637,-0.022790297632863776,46.0325911338581,0.6434453562079937,0.9956966653930426,3
2024-10-11,GOOGL,162.1300048828125,163.89999389648438,161.24000549316406,163.24000549316406,15344300,164.9600067138672,162.0800018310547,161.86000061035156,164.3800048828125,162.97999572753906,167.05999755859375,162.9080017089844,164.61600189208986,163.0695007324219,0.014626677381132207,0.011721955393208746,0.00715698203976145,-0.02286598899350445,53.766936638384834,0.7223838577858125,1.001045595650789,4
2024-10-14,GOOGL,163.63999938964844,166.22999572753906,163.39999389648438,164.9600067138672,19016100,165.4600067138672,163.24000549316406,162.0800018310547,161.86000061035156,164.3800048828125,162.97999572753906,163.30400390625,164.527001953125,163.41450119018555,0.010518793023488737,0.01160680972952954,0.010536640301541444,0.012148797633043218,56.76637592747556,0.9252766181064432,1.0094575788098692,0
2024-10-15,GOOGL,165.7899932861328,167.67999267578125,164.6300048828125,165.4600067138672,20247200,165.16000366210938,164.9600067138672,163.24000549316406,162.0800018310547,161.86000061035156,164.3800048828125,163.52000427246094,164.3740020751953,163.72150115966798,0.009989690977176498,0.011398153194233554,0.003031037703989048,0.0065701532970789955,60.216151522814336,1.0130336673888136,1.010618675872656,1
2024-10-16,GOOGL,164.52999877929688,165.8000030517578,163.74000549316406,165.16000366210938,16406000,162.92999267578125,165.4600067138672,164.9600067138672,163.24000549316406,162.0800018310547,161.86000061035156,164.1800048828125,164.3040023803711,163.98900146484374,0.004857594054383321,0.011219203284088328,-0.0018131454102779943,0.020388008398084523,56.57112818265618,0.9632716712640196,1.0071407361884368,2
2024-10-17,GOOGL,165.72999572753906,166.3699951171875,162.75999450683594,162.92999267578125,21453400,163.4199981689453,165.16000366210938,165.4600067138672,164.9600067138672,163.24000549316406,162.0800018310547,164.35000305175782,164.01100158691406,164.02850112915038,0.009369804452448649,0.011958428152179646,-0.013502124829752216,0.005244267245335665,47.38461056922975,1.1600571014524101,0.9933029415875464,3
2024-10-18,GOOGL,163.19000244140625,164.7100067138672,163.0800018310547,163.4199981689453,19757700,164.07000732421875,162.92999267578125,165.16000366210938,165.4600067138672,164.9600067138672,163.24000549316406,164.38600158691406,163.64700164794922,164.02000122070314,0.008867499842678286,0.011678281395351224,0.003007460352245417,0.001102626009092944,43.28357579484273,1.0196954182682978,0.9963418909444436,4
2024-10-21,GOOGL,162.9499969482422,164.5,162.6199951171875,164.07000732421875,20946500,165.13999938964844,163.4199981689453,162.92999267578125,165.16000366210938,165.4600067138672,164.9600067138672,164.20800170898437,163.7560028076172,164.1310012817383,0.007314904382149769,0.008740892329907508,0.003977537403968556,-0.005395243413103157,41.70457510900032,1.0599296837997465,0.9996283824686182,0
2024-10-22,GOOGL,162.97999572753906,165.77000427246094,162.97999572753906,165.13999938964844,16568100,162.77999877929688,164.07000732421875,163.4199981689453,162.92999267578125,165.16000366210938,165.4600067138672,164.1440002441406,163.83200225830078,164.27350158691405,0.00794255817751708,0.00855598421094813,0.006521557979303871,-0.0019340463630715954,47.94754955180669,0.8707980620550247,1.0052747265649289,1
2024-10-23,GOOGL,164.75999450683594,165.82000732421875,161.92999267578125,162.77999877929688,18280500,162.72000122070312,165.13999938964844,164.07000732421875,163.4199981689453,162.92999267578125,165.16000366210938,163.66799926757812,163.92400207519532,164.3380012512207,0.010162591830349881,0.008346110013179378,-0.014290908435715344,-0.014410298074839067,42.261317359943384,0.942233589193268,0.9905195240293684,2
2024-10-24,GOOGL,162.8300018310547,163.3300018310547,161.00999450683594,162.72000122070312,22412500,165.27000427246094,162.77999877929688,165.13999938964844,164.07000732421875,163.4199981689453,162.92999267578125,163.6260009765625,163.98800201416014,164.3375015258789,0.008238573975523472,0.008346494640370563,-0.000368580655139894,-0.001288844684943835,38.43287041932298,1.1438999319146677,0.9901574486032875,3
2024-10-25,GOOGL,163.6699981689453,165.58999633789062,163.4199981689453,165.27000427246094,19828900,166.72000122070312,162.72000122070312,162.77999877929688,165.13999938964844,164.07000732421875,163.4199981689453,163.99600219726562,164.19100189208984,164.40350189208985,0.010974992150571312,0.009468309796715495,0.01567111008252242,0.011320561279183572,56.64539474383363,1.0113019130629919,1.0052705834754045,4
2023-12-11,META,329.3999938964844,329.8900146484375,320.0,325.2799987792969,25802500,334.2200012207031,332.75,326.5899963378906,317.45001220703125,318.2900085449219,320.0199890136719,324.07200317382814,326.3540008544922,331.1175018310547,0.020408347855355245,0.01737440794150821,-0.022449289919468485,0.016436503800393076,38.32085583294836,1.5352873624771664,0.9823702974941618,0
2023-12-12,META,324.6000061035156,334.4700012207031,324.5599975585937,334.2200012207031,18485500,334.739990234375,325.2799987792969,332.75,326.5899963378906,317.45001220703125,318.2900085449219,327.25800170898435,325.877001953125,331.3690017700195,0.022079719812559507,0.019339249657654253,0.027484021381444013,0.050048673373713326,47.995341674106925,1.080203447909131,1.008603699909934,1
2023-12-13,META,333.92999267578125,338.3699951171875,332.6400146484375,334.739990234375,16353300,333.1700134277344,334.2200012207031,325.2799987792969,332.75,326.5899963378906,317.45001220703125,330.71599731445315,326.13099975585936,331.2905014038086,0.021552329612118126,0.01817995249501426,0.0015558285314243303,0.05446519881079026,44.79567548642308,0.9022619860765206,1.0104122780941487,2
2023-12-14,META,333.8500061035156,334.70001220703125,328.6400146484375,333.1700134277344,19607300,334.9200134277344,334.739990234375,334.2200012207031,325.2799987792969,332.75,326.5899963378906,332.03200073242186,326.7330017089844,331.3135025024414,0.01970600880834507,0.01743344384788238,-0.004690138174233027,0.020147638211906793,45.99429654855181,1.0393358784048106,1.005603487063674,3
2023-12-15,META,331.989990234375,338.6600036621094,331.2200012207031,334.9200134277344,30001600,344.6199951171875,333.1700134277344,334.739990234375,334.2200012207031,325.2799987792969,332.75,332.46600341796875,327.7430023193359,331.3500030517578,0.01803549630617559,0.017154025093082156,0.005252573549448636,0.006521452825648089,50.17921271696821,1.3606143118107723,1.010774137145304,4
2023-12-18,META,337.4800109863281,347.5599975585937,337.0199890136719,344.6199951171875,18993900,350.3599853515625,334.9200134277344,333.1700134277344,334.739990234375,334.2200012207031,325.2799987792969,336.33400268554686,330.2030029296875,331.8290023803711,0.015493742377260986,0.017630987216455073,0.0289620843800249,0.059456457238284965,54.21471169328676,0.9180977479079984,1.0385469402766496,0
2023-12-19,META,345.5799865722656,353.6000061035156,345.1199951171875,350.3599853515625,17729400,349.2799987792969,344.6199951171875,334.9200134277344,333.1700134277344,334.739990234375,334.2200012207031,339.56199951171874,333.4100006103516,332.34850158691404,0.013346164138171234,0.017201651671862408,0.016655998826832885,0.04829149683415057,63.81198106366919,0.863286442584396,1.0541945688897236,1
2023-12-20,META,348.6499938964844,354.9599914550781,347.7900085449219,349.2799987792969,16369900,354.0899963378906,350.3599853515625,344.6199951171875,334.9200134277344,333.1700134277344,334.739990234375,342.4700012207031,336.59299926757814,332.9635009765625,0.01417590955402225,0.017237751377725492,-0.0030825054727123824,0.043436723932331445,67.91326017402508,0.7969603347935437,1.049003863050692,2
2023-12-21,META,352.9800109863281,356.4100036621094,349.2099914550781,354.0899963378906,15289600,353.3900146484375,349.2799987792969,350.3599853515625,344.6199951171875,334.9200134277344,333.1700134277344,346.65399780273435,339.34299926757814,333.59350128173827,0.012093915215411713,0.0160027791706247,0.013771179498981434,0.06279071365074662,72.77823402479693,0.7770337573843008,1.061441529818178,3
2023-12-22,META,355.5799865722656,357.20001220703125,351.2200012207031,353.3900146484375,11764200,354.8299865722656,354.0899963378906,349.2799987792969,350.3599853515625,344.6199951171875,334.9200134277344,350.347998046875,341.40700073242186,334.35150146484375,0.013499369837489953,0.015820572342590145,-0.0019768468375062076,0.05514749934371532,77.7390662869592,0.7339139331478408,1.056941611149294,4
2023-12-26,META,354.989990234375,356.9800109863281,353.45001220703125,354.8299865722656,9898600,357.8299865722656,353.3900146484375,354.0899963378906,349.2799987792969,350.3599853515625,344.6199951171875,352.38999633789064,344.36199951171875,335.35800018310545,0.008995943775533331,0.012332162927230045,0.004074738572510839,0.02962681097945641,80.52126752750974,0.6965772810502775,1.0580632827561247,1
2023-12-27,META,356.07000732421875,359.0,355.3099975585937,357.8299865722656,13207900,358.32000732421875,354.8299865722656,353.3900146484375,354.0899963378906,349.2799987792969,350.3599853515625,353.8839965820313,346.722998046875,336.3,0.007087008693890944,0.010454035950391268,0.00845475330025125,0.02132093142202729,82.55406400832175,0.9926244021512035,1.064020180113784,2
2023-12-28,META,359.70001220703125,361.8999938964844,357.8099975585937,358.32000732421875,11798800,353.9599914550781,357.8299865722656,354.8299865722656,353.3900146484375,354.0899963378906,349.2799987792969,355.69199829101564,349.08099975585935,337.6059997558594,0.006153990142253065,0.010464780140742284,0.001369423386360591,0.025881838572251237,79.72650207996799,0.9521442370854322,1.0613555670910433,3
2023-12-29,META,358.989990234375,360.0,351.82000732421875,353.9599914550781,14980500,346.2900085449219,358.32000732421875,357.8299865722656,354.8299865722656,353.3900146484375,354.0899963378906,355.66599731445314,351.1599975585938,338.9464996337891,0.007776828280033062,0.011590013232861277,-0.012167938658238397,-0.00036715209171978014,70.56430686164336,1.2149635036496351,1.0442945769834184,4
2024-01-02,META,351.32000732421875,353.1600036621094,340.010009765625,346.2900085449219,19042200,344.4700012207031,353.9599914550781,358.32000732421875,357.8299865722656,354.8299865722656,353.3900146484375,354.24599609375,352.2969970703125,340.0199996948242,0.01253059643720709,0.014562390418874114,-0.021669067395515662,-0.020091133900823177,70.29172433794939,1.3813109331476323,1.0184401178040268,1
2024-01-03,META,344.9800109863281,347.95001220703125,343.17999267578125,344.4700012207031,15451100,347.1199951171875,346.2900085449219,353.9599914550781,358.32000732421875,357.8299865722656,354.8299865722656,352.1739990234375,352.28199768066406,341.2425003051758,0.011696777005353627,0.011622134116229131,-0.005255731552481824,-0.029197040113892903,61.478188598361825,1.0372580742610482,1.0094580860023032,2
2024-01-04,META,344.5,348.1499938964844,343.3999938964844,347.1199951171875,12099900,351.95001220703125,344.4700012207031,346.2900085449219,353.9599914550781,358.32000732421875,357.8299865722656,350.03200073242186,351.95799865722654,342.6839996337891,0.011466499495096517,0.010486518652344816,0.007692959871958616,-0.02993039112700291,63.23218195245042,0.8245527956659512,1.0129448573266886,3
2024-01-05,META,346.989990234375,353.5,346.260009765625,351.95001220703125,13920700,358.6600036621094,347.1199951171875,344.4700012207031,346.2900085449219,353.9599914550781,358.32000732421875,348.75800170898435,352.225,344.40899963378905,0.014464434644688592,0.011425137824666372,0.013914545856723581,-0.017777391680570465,68.76500647370966,0.9219690467107494,1.0218955154518627,4
2024-01-08,META,354.70001220703125,358.9800109863281,352.04998779296875,358.6600036621094,13890200,357.42999267578125,351.95001220703125,347.1199951171875,344.4700012207031,346.2900085449219,353.9599914550781,349.6980041503906,352.6820007324219,346.0125,0.016398534447820738,0.012189004576060402,0.01906518318610262,0.013278371342789752,71.58183325398754,0.9334297437910007,1.0365521582662747,0
2024-01-09,META,356.3999938964844,360.6400146484375,355.3599853515625,357.42999267578125,13463900,370.4700012207031,358.6600036621094,351.95001220703125,347.1199951171875,344.4700012207031,346.2900085449219,351.9260009765625,353.08599853515625,347.2464996337891,0.010618632056914086,0.012241602206576444,-0.0034294623704038685,0.03216952223850922,63.76531946738165,0.9781143117842437,1.0293264094893162,1
2024-01-10,META,360.1700134277344,372.9400024414063,359.0799865722656,370.4700012207031,22117200,369.6700134277344,357.42999267578125,358.6600036621094,351.95001220703125,347.1199951171875,344.4700012207031,357.1260009765625,354.65,349.50599975585936,0.014764173429254436,0.01659975879874845,0.036482692589119736,0.0754782706995194,68.67919458064823,1.464872390282931,1.0599818071205866,2
2024-01-11,META,372.1300048828125,372.7799987792969,362.9299926757813,369.6700134277344,17205400,374.489990234375,370.4700012207031,357.42999267578125,358.6600036621094,351.95001220703125,347.1199951171875,361.63600463867186,355.83400268554686,351.27850036621095,0.016496515900546363,0.01665418649126934,-0.002159386159021781,0.0649631788077607,69.03829999669463,1.0673669373950028,1.0523559313830768,3
2024-01-12,META,370.1600036621094,377.05999755859375,369.5400085449219,374.489990234375,19295700,367.4599914550781,369.6700134277344,370.4700012207031,357.42999267578125,358.6600036621094,351.95001220703125,366.1440002441406,357.4510009765625,353.26600036621096,0.016486032764108476,0.016904258274465192,0.013038592884361266,0.06404312330037598,69.0440687546188,1.1222031721808394,1.0600793448737278,4
2024-01-16,META,373.6499938964844,375.6099853515625,367.2300109863281,367.4599914550781,15306900,368.3699951171875,374.489990234375,369.6700134277344,370.4700012207031,357.42999267578125,358.6600036621094,367.90399780273435,358.8010009765625,354.9804992675781,0.02087584507436193,0.017738456460081695,-0.01877219408427211,0.02453573775474327,61.74651906393712,0.8757900012701813,1.0351554302651798,1
2024-01-17,META,366.2999877929688,368.5400085449219,358.6099853515625,368.3699951171875,12724800,376.1300048828125,367.4599914550781,374.489990234375,369.6700134277344,370.4700012207031,357.42999267578125,370.0919982910156,361.0089996337891,356.65299835205076,0.02043992072455797,0.015356025624950123,0.002476470046455681,0.030607399114739975,61.40499067147394,0.7342642815926139,1.0328526517911703,2
2024-01-18,META,371.489990234375,376.8500061035156,370.9500122070313,376.1300048828125,16354300,383.4500122070313,368.3699951171875,367.4599914550781,374.489990234375,369.6700134277344,370.4700012207031,371.2239990234375,364.175,358.228498840332,0.015231415371177288,0.01540994217210191,0.021065803047168208,0.015277900082218743,64.27012710099783,1.0109337582877862,1.0499723112494728,3
2024-01-19,META,379.0,384.3599853515625,377.9700012207031,383.4500122070313,21470100,381.7799987792969,376.1300048828125,368.3699951171875,367.4599914550781,374.489990234375,369.6700134277344,373.97999877929686,367.80800170898436,359.8830001831055,0.016380132713469234,0.0157499555392773,0.019461375665840386,0.03727648518613402,67.70965508045543,1.2606956047905036,1.0654852049469832,4
2024-01-22,META,387.9500122070313,390.3500061035156,381.1600036621094,381.7799987792969,17680500,385.2000122070313,383.4500122070313,376.1300048828125,368.3699951171875,367.4599914550781,374.489990234375,375.43800048828126,370.79100036621094,361.5080001831055,0.016740643364823376,0.016309844166308887,-0.00435523112418823,0.019466497730311616,70.37796904786597,1.058248719722852,1.0560762101694112,0
2024-01-23,META,384.6199951171875,388.3800048828125,382.0799865722656,385.2000122070313,15506100,390.7000122070313,381.7799987792969,383.4500122070313,376.1300048828125,368.3699951171875,367.4599914550781,378.9860046386719,373.44500122070315,363.0635009765625,0.010892493099001904,0.015875112114066357,0.008958073861044635,0.04827742111925093,80.39367221920004,0.9258943008844485,1.0609714586316894,1
2024-01-24,META,390.0,396.1499938964844,387.80999755859375,390.7000122070313,15698500,393.1799926757813,385.2000122070313,381.7799987792969,383.4500122070313,376.1300048828125,368.3699951171875,383.45200805664064,376.7720031738281,364.9290008544922,0.010243637404049368,0.015532108575832173,0.01427829653609658,0.06061844717493914,84.1483147262909,0.9052352971704369,1.070619247284254,2
2024-01-25,META,390.1700134277344,395.489990234375,385.6600036621094,393.1799926757813,15091100,394.1400146484375,390.7000122070313,385.2000122070313,381.7799987792969,383.4500122070313,376.1300048828125,386.8620056152344,379.0430023193359,366.846501159668,0.008981663660290205,0.01217922530389073,0.006347531075673096,0.0453300390068081,84.10840064795593,0.8830751009698489,1.0717834065007255,3
2024-01-26,META,394.3500061035156,396.7900085449219,391.5899963378906,394.1400146484375,13163700,401.0199890136719,393.1799926757813,390.7000122070313,385.2000122070313,381.7799987792969,383.4500122070313,389.00000610351566,381.49000244140626,368.66200256347656,0.007003715734345662,0.011919445060114504,0.0024416857178382045,0.027878477248905353,83.14217302333425,0.8532354851380414,1.069109406198091,4
2024-01-29,META,394.989990234375,402.9299926757813,393.1000061035156,401.0199890136719,18742400,400.05999755859375,394.1400146484375,393.1799926757813,390.7000122070313,385.2000122070313,381.7799987792969,392.8480041503907,384.14300231933595,370.79700164794923,0.006028912238782162,0.012265731118482948,0.01745566070314153,0.050395490323990044,83.18707340189182,1.1983355881833921,1.0815081762565537,0
2024-01-30,META,403.5899963378906,406.3599853515625,399.5700073242188,400.05999755859375,18614700,390.1400146484375,401.0199890136719,394.1400146484375,393.1799926757813,390.7000122070313,385.2000122070313,395.82000122070315,387.4030029296875,373.102001953125,0.008212562898979738,0.009149086764041883,-0.0023938743239190208,0.03857732315848361,83.54052956051791,1.1446690706231921,1.0722536879039732,1
2024-01-31,META,389.0,398.0,387.1000061035156,390.1400146484375,20180800,394.7799987792969,400.05999755859375,401.0199890136719,394.1400146484375,393.1799926757813,390.7000122070313,395.7080017089844,389.5800048828125,375.2945022583008,0.015583311823060966,0.013965600564606636,-0.02479623799103614,-0.0014333185080553923,66.27505026086155,1.1761373636684707,1.0395569673970846,2
2024-02-01,META,393.9400024414063,400.5,393.0499877929688,394.7799987792969,29727100,474.989990234375,390.1400146484375,400.05999755859375,401.0199890136719,394.1400146484375,393.1799926757813,396.0280029296875,391.44500427246095,377.8100021362305,0.01634365124072736,0.013131214584196652,0.011893125433546148,0.0040693985790749565,69.53477638630233,1.480010196288511,1.0449167479609165,3
2024-02-02,META,459.6000061035156,485.9599914550781,453.010009765625,474.989990234375,84615500,459.4100036621094,394.7799987792969,390.1400146484375,400.05999755859375,401.0199890136719,394.1400146484375,412.197998046875,400.5990020751953,384.20350189208983,0.09207998134713093,0.0643493730570285,0.20317643169131228,0.20513008723068515,85.98024463888251,2.4614630513641744,1.2362979199699853,4
2024-02-05,META,469.8800048828125,471.8999938964844,459.2200012207031,459.4100036621094,40832400,454.7200012207031,474.989990234375,394.7799987792969,390.1400146484375,400.05999755859375,401.0199890136719,423.8760009765625,408.36200256347655,389.5765014648438,0.09786303011474957,0.06630666608197279,-0.03280066294571382,0.14560375105502987,81.02018637121374,1.0525414947118248,1.1792549138222792,0
2024-02-06,META,464.0,467.1199951171875,453.0,454.7200012207031,21655200,469.5899963378906,459.4100036621094,474.989990234375,394.7799987792969,390.1400146484375,400.05999755859375,434.80800170898436,415.3140014648437,394.37950134277344,0.09858972156974906,0.06694985997869701,-0.01020875123314835,0.13662951556185954,78.4064836468184,0.5495936775103928,1.1530011059714915,1
2024-02-07,META,458.0,471.5199890136719,456.1799926757813,469.5899963378906,23066000,470.0,454.7200012207031,459.4100036621094,474.989990234375,394.7799987792969,390.1400146484375,450.697998046875,423.2029998779297,399.9875015258789,0.09392301909244122,0.06707294672568359,0.03270143182017238,0.2036447908606529,79.37147194328752,0.5769494367576772,1.1740116742310471,2
2024-02-08,META,468.3200073242188,470.5899963378906,465.0299987792969,470.0,18815100,468.1099853515625,469.5899963378906,454.7200012207031,459.4100036621094,474.989990234375,394.7799987792969,465.74199829101565,430.88500061035154,404.96400146484376,0.09489962078096054,0.06722239307957953,0.0008731098730951903,0.1905365050237895,78.43485810995072,0.497795582911164,1.1605969871393673,3
2024-02-09,META,472.9500122070313,473.5899963378906,467.4700012207031,468.1099853515625,18413100,468.8999938964844,470.0,469.5899963378906,454.7200012207031,459.4100036621094,474.989990234375,464.3659973144531,438.28199768066406,409.88600006103513,0.02361252429382421,0.0674389104187097,-0.004021307762632986,-0.014484526041101842,78.32163869504618,0.7498301865585942,1.1420492168111558,4
2024-02-12,META,468.1900024414063,479.1499938964844,466.5799865722656,468.8999938964844,19382000,460.1199951171875,468.1099853515625,470.0,469.5899963378906,454.7200012207031,459.4100036621094,466.2639953613281,445.0699981689453,414.60650024414065,0.016620119537812755,0.06766786074956586,0.0016876558279963483,0.020656908118515283,77.94098560530595,0.9563669306848618,1.1309518630807116,0
2024-02-13,META,456.8699951171875,467.8900146484375,455.0899963378906,460.1199951171875,20916600,473.2799987792969,468.8999938964844,468.1099853515625,470.0,469.5899963378906,454.7200012207031,467.343994140625,451.0759979248047,419.23950042724607,0.01876464281449291,0.06839742848332221,-0.018724672411139287,0.01187542637664496,72.67738524101837,1.0396668548842463,1.0975110757652373,1
2024-02-14,META,467.9299926757813,474.1099853515625,466.0899963378906,473.2799987792969,16858400,484.0299987792969,460.1199951171875,468.8999938964844,468.1099853515625,470.0,469.5899963378906,468.0819946289063,459.38999633789064,424.48500061035156,0.017133738318557034,0.06692910957829218,0.028601242723124143,0.007857923870148165,74.45951685894386,0.8930637430444603,1.1149510538624092,2
2024-02-15,META,475.2799987792969,488.6199951171875,472.2200012207031,484.0299987792969,24212300,473.3200073242188,473.2799987792969,460.1199951171875,468.8999938964844,468.1099853515625,470.0,470.88799438476565,468.31499633789065,429.88000030517577,0.01949671349421913,0.06684722871514785,0.022713826968658868,0.02985106123254644,75.90042539616326,1.2132550429735103,1.1259653820500595,3
2024-02-16,META,478.1099853515625,478.9599914550781,469.2099914550781,473.3200073242188,23306500,471.75,484.0299987792969,473.2799987792969,460.1199951171875,468.8999938964844,468.1099853515625,471.92999877929685,468.147998046875,434.37350006103514,0.0231704058642783,0.022219237337103962,-0.02212671008426792,0.011129909926496095,70.38228369482349,1.1132706891182107,1.0896613335245156,4
2024-02-20,META,469.7200012207031,476.1799926757813,466.55999755859375,471.75,18015500,468.0299987792969,473.3200073242188,484.0299987792969,473.2799987792969,460.1199951171875,468.8999938964844,472.5,469.3819976806641,438.8720001220703,0.023318132621517614,0.019146033340266155,-0.003317010267734899,0.006078068118177127,70.14103900735975,0.8719205337757588,1.074914781231851,1
2024-02-21,META,466.5,469.0,461.7900085449219,468.0299987792969,12977100,486.1300048828125,471.75,473.3200073242188,484.0299987792969,473.2799987792969,460.1199951171875,474.0820007324219,470.71299743652344,443.0134994506836,0.021401090159108897,0.01898381055515239,-0.007885535179020908,0.017191175662980562,72.67275691700132,0.6803568844644741,1.0564689323454761,2
2024-02-22,META,480.239990234375,489.989990234375,476.05999755859375,486.1300048828125,21625800,484.0299987792969,468.0299987792969,471.75,473.3200073242188,484.0299987792969,473.2799987792969,476.652001953125,472.36699829101565,447.78499908447264,0.024580644043815148,0.020082248193801007,0.0386727477954909,0.027150959551764053,74.6585328201104,1.0798085027342486,1.0856326269900485,3
2024-02-23,META,488.0499877929688,494.3599853515625,482.3500061035156,484.0299987792969,18374300,481.739990234375,486.1300048828125,468.0299987792969,471.75,473.3200073242188,484.0299987792969,476.652001953125,473.76999816894534,452.32749938964844,0.022786006837233044,0.02022856390514081,-0.004319844655591321,0.0,54.219569819626685,0.9742553489319103,1.0700874906620235,4
2024-02-26,META,483.4700012207031,486.1400146484375,480.6000061035156,481.739990234375,12101400,487.0499877929688,484.0299987792969,486.1300048828125,468.0299987792969,471.75,473.3200073242188,478.33599853515625,475.13299865722655,456.70749816894534,0.01963387820101987,0.020257662920811135,-0.004731129373586773,0.017789197117941802,61.89916617419437,0.7281744431915143,1.0548107753119693,0
2024-02-27,META,479.9800109863281,487.2699890136719,479.9200134277344,487.0499877929688,10809600,484.0199890136719,481.739990234375,484.0299987792969,486.1300048828125,468.0299987792969,471.75,481.39599609375,476.947998046875,461.00899810791014,0.019401524355533554,0.020402112614516937,0.01102253843616019,0.032432406556372584,67.11486074523603,0.7122055866392931,1.0564869444890166,1
2024-02-28,META,485.0,491.0499877929688,482.75,484.0199890136719,12715500,490.1300048828125,487.0499877929688,481.739990234375,484.0299987792969,486.1300048828125,468.0299987792969,484.593994140625,479.33799743652344,465.2069976806641,0.019103884731697475,0.01920323760644285,-0.006221124843934667,0.034164455859837295,58.7338001290005,0.8406764286639886,1.040440043737093,2
2024-02-29,META,488.4400024414063,491.7000122070313,482.6099853515625,490.1300048828125,17732000,502.2999877929688,484.0199890136719,487.0499877929688,481.739990234375,484.0299987792969,486.1300048828125,485.393994140625,481.022998046875,470.2064971923828,0.00930821004639518,0.017645103104518736,0.012623478384831799,0.008228251619572857,61.39734544589983,1.2359757321615774,1.0423718255902323,3
2024-03-01,META,492.1099853515625,504.25,491.8500061035156,502.2999877929688,16273600,498.1900024414063,490.1300048828125,484.0199890136719,487.0499877929688,481.739990234375,484.0299987792969,489.04799194335936,482.84999694824216,475.5824966430664,0.013008273982973986,0.017909947128750842,0.024830111988483727,0.037745571678920786,67.33948327832803,1.1685415203620169,1.0561784576566415,4
2024-03-04,META,503.0,504.4200134277344,496.4200134277344,498.1900024414063,12324100,490.2200012207031,502.2999877929688,490.1300048828125,484.0199890136719,487.0499877929688,481.739990234375,492.33799438476564,485.3369964599609,476.742497253418,0.013882062013825506,0.01611523194276854,-0.00818233217488451,0.03414707630775693,64.37052668648468,0.8821226315156582,1.0449876092682118,0
2024-03-05,META,495.0,495.5799865722656,487.8900146484375,490.2200012207031,15325300,496.0899963378906,498.1900024414063,502.2999877929688,490.1300048828125,484.0199890136719,487.0499877929688,492.9719970703125,487.1839965820312,478.28299713134766,0.016789328032982893,0.0173182159954271,-0.01599791481492152,0.006508599747839128,64.88625335625417,1.0303346084805132,1.0249580356419763,1
2024-03-06,META,497.6300048828125,502.9700012207031,494.2900085449219,496.0899963378906,11757900,512.1900024414062,490.2200012207031,498.1900024414063,502.2999877929688,490.1300048828125,484.0199890136719,495.38599853515626,489.9899963378906,480.351496887207,0.016693294768383594,0.016940802952564855,0.01197420566800722,0.024937001773035927,62.157551514883345,0.8008061253539909,1.032764547529617,2
2024-03-07,META,503.2799987792969,519.8499755859375,501.3800048828125,512.1900024414062,18586400,505.9500122070313,496.0899963378906,490.2200012207031,498.1900024414063,502.2999877929688,490.1300048828125,499.797998046875,492.59599609375,482.4814971923828,0.020794507721374922,0.015673528021174336,0.032453801169878504,0.045008461711843584,64.19927522293432,1.2513178747578004,1.061574392845945,3
2024-03-08,META,514.1900024414062,523.5700073242188,499.3500061035156,505.9500122070313,18575200,483.5899963378906,512.1900024414062,496.0899963378906,490.2200012207031,498.1900024414063,502.2999877929688,500.5280029296876,494.78799743652354,484.27899780273435,0.020340421338148527,0.016393004729321693,-0.012182959848164532,0.007266622541840295,67.22991025531113,1.2129728910824107,1.0447490279417906,4
2024-03-11,META,497.010009765625,497.3200073242188,476.0,483.5899963378906,20428300,499.75,505.9500122070313,512.1900024414062,496.0899963378906,490.2200012207031,498.1900024414063,497.6080017089844,494.9729980468751,485.0529983520508,0.029145763267952512,0.022492943274958276,-0.044194120623898936,-0.029306100146465397,55.126426745531035,1.2063040091835542,0.9969838305935008,0
2024-03-12,META,493.260009765625,502.30999755859375,484.7300109863281,499.75,15448200,495.5700073242188,483.5899963378906,505.9500122070313,512.1900024414062,496.0899963378906,490.2200012207031,499.5140014648438,496.2429992675782,486.5954986572266,0.03287355431110122,0.024655377965988275,0.033416745144616566,0.01944024877721451,62.39837315942067,0.9109038162177461,1.0270337505773761,1
2024-03-13,META,495.3900146484375,500.9800109863281,491.0299987792969,495.5700073242188,12090700,491.8299865722656,499.75,483.5899963378906,505.9500122070313,512.1900024414062,496.0899963378906,499.4100036621094,497.3980010986329,488.3679992675781,0.03294380483764319,0.02475212778964431,-0.008364167435280012,-0.0010481747616568615,54.140351947985216,0.7101415737094849,1.0147470924946798,2
2024-03-14,META,500.260009765625,501.3500061035156,488.1600036621094,491.8299865722656,12620000,484.1000061035156,495.5700073242188,499.75,483.5899963378906,505.9500122070313,512.1900024414062,495.33800048828124,497.5679992675782,489.2954986572266,0.02758143155825365,0.024669675178313703,-0.007546906989280955,-0.03975090449265417,53.37252974962077,0.7970955908360535,1.0051798717175908,3
2024-03-15,META,489.010009765625,491.8299865722656,481.2999877929688,484.1000061035156,29141700,496.9800109863281,491.8299865722656,495.5700073242188,499.75,483.5899963378906,505.9500122070313,490.96799926757814,495.7480010986329,489.2989990234375,0.027767294744585898,0.023555475693188926,-0.015716773437550846,-0.04318609660310635,50.974568934120285,1.6238748051073846,0.9893746095326207,4
2024-03-18,META,491.9100036621094,497.4200134277344,486.80999755859375,496.9800109863281,11755300,496.239990234375,484.1000061035156,491.8299865722656,495.5700073242188,499.75,483.5899963378906,493.6460021972656,495.6270019531251,490.481999206543,0.02256789529240045,0.02528192898816306,0.02660608287631039,0.027688775098403173,53.859317397772,0.7251353695412672,1.0132482166324086,0
2024-03-19,META,488.1700134277344,496.6300048828125,481.2799987792969,496.239990234375,10903100,505.5199890136719,496.9800109863281,484.1000061035156,491.8299865722656,495.5700073242188,499.75,492.9440002441406,496.22900085449226,491.70649871826174,0.01639782635999409,0.02466783019238277,-0.0014890352440622978,-0.0070235312968984775,54.83539082226701,0.7125203239281251,1.0092199137654898,1
2024-03-20,META,499.5,508.2000122070313,495.1700134277344,505.5199890136719,11711100,507.760009765625,496.239990234375,496.9800109863281,484.1000061035156,491.8299865722656,495.5700073242188,494.9339965820312,497.1720001220704,493.5809982299805,0.017883608055898524,0.025073675297638966,0.018700626636144246,0.020077852861146717,55.94070264645103,0.7691393278971039,1.0241885137930866,2
2024-03-21,META,514.7100219726562,515.0399780273438,506.010009765625,507.760009765625,9712500,509.5799865722656,505.5199890136719,496.239990234375,496.9800109863281,484.1000061035156,491.8299865722656,498.1200012207031,496.7290008544922,494.6624984741211,0.01669430753338882,0.022773244784060405,0.004431122014232569,0.032389288226163826,52.28261718261599,0.6632074041601285,1.0264776718103872,3
2024-03-22,META,507.0,509.9700012207031,504.3399963378906,509.5799865722656,8117000,503.0199890136719,507.760009765625,505.5199890136719,496.239990234375,496.9800109863281,484.1000061035156,503.21599731445315,497.0919982910156,495.9399978637695,0.011778816224565971,0.022428006382726552,0.003584324822036855,0.05263371234765413,54.854650671238254,0.7775053161937968,1.0275033043659505,4
2024-03-25,META,505.7900085449219,507.2200012207031,500.239990234375,503.0199890136719,8380600,495.8900146484375,509.5799865722656,507.760009765625,505.5199890136719,496.239990234375,496.9800109863281,504.4239929199219,499.0349975585938,497.0039978027344,0.011397511442822831,0.016939713167618,-0.012873342225859674,0.012153362094697862,55.52199529623899,0.8582406711412145,1.0121045127152586,0
2024-03-26,META,505.1300048828125,510.0,495.2099914550781,495.8900146484375,11205400,493.8599853515625,503.0199890136719,509.5799865722656,507.760009765625,505.5199890136719,496.239990234375,504.3539978027344,498.6489990234375,497.4459991455078,0.013682181967376698,0.014252413037380528,-0.014174336052161562,-0.0007052547010010235,49.91465445407894,1.1404615829306324,0.996872053449534,1
2024-03-27,META,499.2999877929688,499.8900146484375,488.0700073242188,493.8599853515625,9989700,485.5799865722656,495.8900146484375,503.0199890136719,509.5799865722656,507.760009765625,505.5199890136719,502.0219970703125,498.4779968261719,497.93799896240233,0.008787969029978911,0.01405940180044327,-0.004093708759822845,-0.023065366188307235,41.10970398933824,1.0536502324639492,0.9918101980179509,2
2024-03-28,META,492.8399963378906,492.8900146484375,485.1499938964844,485.5799865722656,15212800,491.3500061035156,493.8599853515625,495.8900146484375,503.0199890136719,509.5799865722656,507.760009765625,497.58599243164065,497.8529968261719,497.710498046875,0.0084325369575395,0.014869427797591516,-0.016765883094178258,-0.04368209935161571,40.31198574356706,1.4377333169519237,0.9756273747043469,3
2024-04-01,META,487.2000122070313,497.4299926757813,481.7799987792969,491.3500061035156,9247000,497.3699951171875,485.5799865722656,493.8599853515625,495.8900146484375,503.0199890136719,509.5799865722656,493.93999633789065,498.5779968261719,497.16299896240236,0.011684756002667905,0.014426029211981418,0.0118827375320405,-0.03577452205565523,54.38220371698009,0.8556411988415024,0.9883076719888273,0
2024-04-02,META,485.1000061035156,497.5299987792969,484.6499938964844,497.3699951171875,11081000,506.739990234375,491.3500061035156,485.5799865722656,493.8599853515625,495.8900146484375,503.0199890136719,492.80999755859375,498.6169952392578,497.1219985961914,0.0138412042337659,0.012201997902385462,0.012251936377107864,-0.011232145878661726,48.482140215771665,0.9765421893369102,1.000498864507498,1
2024-04-03,META,498.9299926757813,507.239990234375,498.75,506.739990234375,12099200,510.9200134277344,497.3699951171875,491.3500061035156,485.5799865722656,493.8599853515625,495.8900146484375,494.97999267578126,499.6669952392578,497.947998046875,0.01454533001931899,0.013521407627213825,0.01883908400019152,0.021879802507476676,56.681408853636114,1.0497365073911542,1.017656446500408,2
2024-04-04,META,516.4199829101562,530.0,510.5799865722656,510.9200134277344,26476300,527.3400268554688,506.739990234375,497.3699951171875,491.3500061035156,485.5799865722656,493.8599853515625,498.3919982910156,500.2069976806641,498.6894989013672,0.013765043343141083,0.012465042790752518,0.008248852022564979,0.0345442606856019,61.359050458035895,1.7861320654161095,1.0245253099439862,3
2024-04-05,META,516.8599853515625,530.7000122070312,514.4099731445312,527.3400268554688,19242000,519.25,510.9200134277344,506.739990234375,497.3699951171875,491.3500061035156,485.5799865722656,506.74400634765624,502.1649993896484,499.44700012207034,0.009451465841157912,0.015888723719386582,0.03213812924957349,0.08600033246425465,73.31751063358492,1.2311649423191355,1.0558478211433466,4
2024-04-08,META,529.280029296875,531.489990234375,518.8900146484375,519.25,13260600,516.9000244140625,527.3400268554688,510.9200134277344,506.739990234375,497.3699951171875,491.3500061035156,512.3240051269531,503.1320007324219,500.11199951171875,0.017399770558166695,0.017018008027462252,-0.015341196274649582,0.056782321257581314,62.66346393789178,0.8070073795842457,1.0382674291098124,0
2024-04-09,META,522.22998046875,525.8699951171875,506.739990234375,516.9000244140625,10881400,519.8300170898438,519.25,527.3400268554688,510.9200134277344,506.739990234375,497.3699951171875,516.2300109863281,504.52000427246094,501.77750091552736,0.018720441394223707,0.01640029212909342,-0.004525711287313383,0.03926660130005111,61.53675740819509,0.6638278662022097,1.0301379066836258,1
2024-04-10,META,509.2900085449219,522.5599975585938,505.7999877929688,519.8300170898438,11418500,523.1599731445312,516.9000244140625,519.25,527.3400268554688,510.9200134277344,506.739990234375,518.8480163574219,506.91400451660155,502.78150177001953,0.017689691906223704,0.015273896735291757,0.005668393378589265,0.02583184099880187,58.600806831767464,0.7024279393888689,1.0339083981009756,2
2024-04-11,META,521.1099853515625,523.8599853515625,517.2899780273438,523.1599731445312,10369500,511.8999938964844,519.8300170898438,516.9000244140625,519.25,527.3400268554688,510.9200134277344,521.2960083007813,509.84400329589846,504.16100006103517,0.01763036442260856,0.014949724715693983,0.0064058556551418455,0.023956704366853154,59.136194339255084,0.7955487018965199,1.0376843371089712,3
2024-04-12,META,517.75,520.1900024414062,509.3299865722656,511.8999938964844,11944900,500.2300109863281,523.1599731445312,519.8300170898438,516.9000244140625,519.25,527.3400268554688,518.2080017089844,512.4760040283203,505.1645004272461,0.012453497759494163,0.015801816421157206,-0.021523013659411117,-0.029279084030570113,51.237733701159485,1.0319585865375145,1.0133332676059812,4
2024-04-15,META,516.719970703125,518.530029296875,497.2799987792969,500.2300109863281,13512900,499.760009765625,511.8999938964844,523.1599731445312,519.8300170898438,516.9000244140625,519.25,514.40400390625,513.3640045166015,505.9710006713867,0.014196608417805952,0.017889739181563488,-0.022797388258059104,-0.03662973329546826,48.588495766506306,1.1623560054501163,0.9886535203056287,0
2024-04-16,META,498.1099853515625,504.7699890136719,497.1099853515625,499.760009765625,9847900,494.1700134277344,500.2300109863281,511.8999938964844,523.1599731445312,519.8300170898438,516.9000244140625,510.9760009765625,513.6030059814453,506.11000061035156,0.014463324714368639,0.01752726994131752,-0.0009395702184609167,-0.03315924519033786,52.09937931797157,0.8624331581242765,0.9874533385290378,1
2024-04-17,META,503.1000061035156,503.1600036621094,487.1400146484375,494.1700134277344,12193700,501.7999877929688,499.760009765625,500.2300109863281,511.8999938964844,523.1599731445312,519.8300170898438,505.8440002441406,512.3460083007812,506.00650177001955,0.01273971396506375,0.016606464626406525,-0.011185361430803953,-0.04936229694037553,50.161928464566216,1.053562448914702,0.9766080311203889,2
2024-04-18,META,499.8200073242188,512.2100219726562,499.0400085449219,501.7999877929688,14808700,481.0700073242188,494.1700134277344,499.760009765625,500.2300109863281,511.8999938964844,523.1599731445312,501.57200317382814,511.4340057373047,505.82050170898435,0.01589859456435965,0.017260916928016505,0.015439978464719673,-0.04082878363796649,58.52966655636082,1.188344693547067,0.99205150067577,3
2024-04-19,META,502.7999877929688,502.7999877929688,475.7300109863281,481.0700073242188,25111000,481.7300109863281,501.7999877929688,494.1700134277344,499.760009765625,500.2300109863281,511.8999938964844,495.406005859375,506.8070037841797,504.4860015869141,0.021514853453075224,0.01690167640802916,-0.04131124147675891,-0.060226581246062616,45.32896701885056,1.6635486033637985,0.9535844519193044,4
2024-04-22,META,489.7200012207031,492.010009765625,473.3999938964844,481.7300109863281,17271100,496.1000061035156,481.0700073242188,501.7999877929688,494.1700134277344,499.760009765625,500.2300109863281,491.706005859375,503.0550048828125,503.0935028076172,0.021240420694889156,0.01703199220613651,0.0013719493048014453,-0.03698298701335945,42.529614585480346,1.089901353486705,0.957535742954211,0
2024-04-23,META,491.25,498.760009765625,488.9700012207031,496.1000061035156,15079200,493.5,481.7300109863281,481.0700073242188,501.7999877929688,494.1700134277344,499.760009765625,490.9740051269531,500.9750030517578,502.74750366210935,0.02717985553852682,0.020726868573488898,0.02982997693617917,-0.007323522471967769,45.149528755080354,0.8926438221389781,0.9867776617284579,1
2024-04-24,META,508.05999755859375,510.0,484.5799865722656,493.5,37772700,441.3800048828125,496.1000061035156,481.7300109863281,481.0700073242188,501.7999877929688,494.1700134277344,490.8400024414062,498.3420013427734,502.6280029296875,0.026759048487836674,0.020452335162983566,-0.005240891093585498,-0.0013558358652459024,41.942630843903686,1.7162746824641708,0.981839446118237,2
2024-04-25,META,421.3999938964844,445.7699890136719,414.5,441.3800048828125,82890700,443.2900085449219,493.5,496.1000061035156,481.7300109863281,481.0700073242188,501.7999877929688,478.756005859375,490.16400451660155,500.00400390625,0.05209000615972539,0.037273555326599074,-0.1056129586974417,-0.12040650534069808,20.111230097236145,2.326760409982445,0.882752940845591,3
2024-04-26,META,441.4599914550781,446.4400024414063,431.9599914550781,443.2900085449219,32691400,432.6199951171875,441.3800048828125,493.5,496.1000061035156,481.7300109863281,481.0700073242188,471.20000610351565,483.3030059814453,497.88950500488284,0.052338420998361126,0.037756400354476076,0.004327345237617797,-0.07853326585341447,22.402238638331696,0.8801966128016947,0.8903381254051027,4
2024-04-29,META,439.55999755859375,439.760009765625,428.55999755859375,432.6199951171875,21502600,430.1700134277344,443.2900085449219,441.3800048828125,493.5,496.1000061035156,481.7300109863281,461.3780029296875,476.54200439453126,494.95300445556643,0.051572046964786206,0.03779292981857215,-0.024070051708943718,-0.10194510358320696,21.125086205851005,0.5660467756082819,0.874062772066727,0
2024-04-30,META,431.0499877929688,439.6199951171875,429.7200012207031,430.1700134277344,18429500,439.1900024414063,432.6199951171875,443.2900085449219,441.3800048828125,493.5,496.1000061035156,448.19200439453124,469.5830047607422,491.59300537109374,0.04499552219314063,0.037644406776154486,-0.005663126339755742,-0.1328965770301248,19.180501797047654,0.4767394996763878,0.8750531613097458,1
2024-05-01,META,428.6000061035156,449.9599914550781,427.1099853515625,439.1900024414063,20344900,441.6799926757813,430.1700134277344,432.6199951171875,443.2900085449219,441.3800048828125,493.5,437.3300048828125,464.0850036621094,488.2155059814453,0.04950181772880652,0.039269710525271256,0.020968428137976725,-0.11005065361417166,22.222949072055073,0.5784431968547548,0.8995822481273215,2
2024-05-02,META,438.8399963378906,443.9599914550781,432.2799987792969,441.6799926757813,15221300,451.9599914550781,439.1900024414063,430.1700134277344,432.6199951171875,443.2900085449219,441.3800048828125,437.39000244140624,458.0730041503906,484.75350494384764,0.016595774802555772,0.038655633824463576,0.005669505727665447,0.0006796587739592574,25.34062229062023,0.7034542105209646,0.9111434743044182,3
2024-05-03,META,445.9299926757813,454.1700134277344,443.8500061035156,451.9599914550781,16489100,465.6799926757813,441.6799926757813,439.1900024414063,430.1700134277344,432.6199951171875,443.2900085449219,439.1239990234375,455.16200256347656,480.9845031738281,0.019643884554575164,0.038604653402912976,0.023274766685759563,0.019558263761944472,32.88174914144241,0.8962694890822004,0.9396560356368477,4
2024-05-06,META,455.5799865722656,466.1600036621094,453.3399963378906,465.6799926757813,15094600,468.239990234375,451.9599914550781,441.6799926757813,439.1900024414063,430.1700134277344,432.6199951171875,445.7359985351562,453.5570007324219,478.3060028076172,0.0146108964334036,0.04023290538966842,0.030356672006590424,0.07641809886674,38.95227154642123,0.8819061596599181,0.9736026517381713,0
2024-05-07,META,466.2900085449219,471.5299987792969,461.30999755859375,468.239990234375,13406800,472.6000061035156,465.6799926757813,451.9599914550781,441.6799926757813,439.1900024414063,430.1700134277344,453.34999389648436,450.7709991455078,475.8730010986328,0.01111413186757691,0.03876145771984497,0.005497332071073169,0.08849983871094746,41.42582001018396,0.832134384849429,0.9839599833429598,1
2024-05-08,META,463.5,475.5799865722656,463.0,472.6000061035156,11683900,475.4200134277344,468.239990234375,465.6799926757813,451.9599914550781,441.6799926757813,439.1900024414063,460.03199462890626,448.6809997558594,473.5115005493164,0.011334223743312673,0.03902573793699182,0.009311498291630915,0.07607186747509509,40.13113855919623,0.812559026478635,0.998075032085296,2
2024-05-09,META,470.0,476.0799865722656,467.6300048828125,475.4200134277344,9437700,476.2000122070313,472.6000061035156,468.239990234375,465.6799926757813,451.9599914550781,441.6799926757813,466.7799987792969,452.0850006103516,471.12450256347654,0.011274790405957002,0.0154402906449032,0.005967006533641683,0.07639019496343868,47.8274267670823,0.7137649537679184,1.0091175704954531,3
2024-05-10,META,477.0899963378906,477.5,469.6000061035156,476.2000122070313,10750000,468.010009765625,475.4200134277344,472.6000061035156,468.239990234375,465.6799926757813,451.9599914550781,471.6280029296875,455.3760009765625,469.3395034790039,0.011398988989073476,0.015526003734435289,0.0016406519651397389,0.0536331118024691,47.87552860598091,0.8902986434333229,1.0146173690413305,4
2024-05-13,META,472.75,473.3500061035156,462.8500061035156,468.010009765625,14668800,471.8500061035156,476.2000122070313,475.4200134277344,472.6000061035156,468.239990234375,465.6799926757813,472.09400634765626,458.9150024414063,467.72850341796874,0.010554268690630742,0.01406713579370558,-0.017198660712855363,0.005003472613146931,38.67064771263407,1.223476659460325,1.000601858440525,0
2024-05-14,META,463.3699951171875,472.5400085449219,460.0799865722656,471.8500061035156,10478600,481.5400085449219,468.010009765625,476.2000122070313,475.4200134277344,472.6000061035156,468.239990234375,472.8160095214844,463.0830017089844,466.33300323486327,0.010903593837931286,0.013231172686159386,0.008204944889562693,0.007709755562171461,41.35452624631327,0.9188691488801979,1.0118306078068289,1
2024-05-15,META,474.9800109863281,482.5,471.2000122070313,481.5400085449219,13100500,473.2300109863281,471.8500061035156,468.010009765625,476.2000122070313,475.4200134277344,472.6000061035156,474.6040100097656,467.31800231933596,465.70150299072264,0.013691252824352797,0.013189711176651587,0.02053619225614778,0.018916636322362068,74.25706949403414,1.1209348410900204,1.0340099944975156,2
2024-05-16,META,475.0,477.6900024414063,472.75,473.2300109863281,16608200,471.9100036621094,481.5400085449219,471.8500061035156,468.010009765625,476.2000122070313,475.4200134277344,474.1660095214844,470.47300415039064,464.27300415039065,0.016447119459474843,0.01565760590544031,-0.017257127987566845,-0.0046064582465019654,66.78627769698005,1.2657512030131344,1.019292542869962,3
2024-05-17,META,470.8299865722656,472.7999877929688,468.4200134277344,471.9100036621094,10807300,468.8399963378906,473.2300109863281,481.5400085449219,471.8500061035156,468.010009765625,476.2000122070313,473.3080078125,472.46800537109374,463.8150039672852,0.01640103342278461,0.01479944644379393,-0.0027893567474038816,-0.00900883753664583,74.60855264541149,0.8229318006682566,1.0174530785455038,4
2024-05-20,META,469.9500122070313,473.2000122070313,467.0400085449219,468.8399963378906,11745100,464.6300048828125,471.9100036621094,473.2300109863281,481.5400085449219,471.8500061035156,468.010009765625,473.4740051269531,472.7840057373047,463.1705032348633,0.014456903616957489,0.011937317224640547,-0.006505493209287616,0.0017734376507914096,74.0335469500255,0.9360181830643117,1.012240617792866,0
2024-05-21,META,467.1199951171875,470.7000122070313,462.2699890136719,464.6300048828125,11742200,467.7799987792969,468.8399963378906,471.9100036621094,473.2300109863281,481.5400085449219,471.8500061035156,472.0300048828125,472.4230072021484,461.5970031738281,0.014188960523546549,0.012171899449640153,-0.008979591092829864,-0.015301475314846491,66.81649756391982,0.9173120760960763,1.0065706702776018,1
2024-05-22,META,467.8699951171875,473.7200012207031,465.6499938964844,467.7799987792969,10078600,465.7799987792969,464.6300048828125,468.8399963378906,471.9100036621094,473.2300109863281,481.5400085449219,469.2780029296875,471.9410064697266,460.31100311279295,0.008791624946198295,0.01196491950928754,0.006779574851776715,-0.028575008351235165,67.10353855833071,0.8263667282154886,1.0162259768200104,2
2024-05-23,META,472.8800048828125,474.3599853515625,461.5400085449219,465.7799987792969,11747900,478.2200012207031,467.7799987792969,464.6300048828125,468.8399963378906,471.9100036621094,473.2300109863281,467.7880004882812,470.9770050048828,461.5310028076172,0.006025709217416607,0.011742364765682549,-0.00427551414173144,-0.015742898873855382,60.15877929722549,1.0466562487192874,1.0092063067179278,3
2024-05-24,META,467.6199951171875,479.8500061035156,466.2999877929688,478.2200012207031,12012300,479.9200134277344,465.7799987792969,467.7799987792969,464.6300048828125,468.8399963378906,471.9100036621094,469.05,471.17900390625,463.2775024414062,0.01468692719431917,0.0148631539349785,0.026707893155585527,0.013371188382587773,59.39466934804244,1.0477164851612093,1.0322538839044677,4
2024-05-28,META,476.5799865722656,480.8599853515625,474.8399963378906,479.9200134277344,10175800,474.3599853515625,478.2200012207031,465.7799987792969,467.7799987792969,464.6300048828125,468.8399963378906,471.26600341796876,472.37000427246096,465.6425033569336,0.013762792867436225,0.013500262620997263,0.0035548747494704713,0.023632832472463505,58.86461514658665,0.9125165002295684,1.030661956260158,1
2024-05-29,META,474.6600036621094,479.8500061035156,473.7000122070313,474.3599853515625,9226200,467.0499877929688,479.9200134277344,478.2200012207031,465.7799987792969,467.7799987792969,464.6300048828125,473.2119995117188,472.6210021972656,467.852001953125,0.014445412777731193,0.014027207256085531,-0.011585322388329766,0.020941351971455413,51.311850029048095,0.866459557331971,1.0139103463729318,2
2024-05-30,META,471.6700134277344,471.7300109863281,464.7099914550781,467.0499877929688,10735200,466.8299865722656,474.3599853515625,479.9200134277344,478.2200012207031,465.7799987792969,467.7799987792969,473.0659973144531,471.1720001220703,469.2450012207032,0.016701200047392475,0.012917955895031835,-0.015410232279976177,-0.001560586147832499,44.15256307865366,0.9958921951708246,0.995322244409585,3
2024-05-31,META,465.7999877929688,469.1199951171875,454.4599914550781,466.8299865722656,16919800,477.489990234375,467.0499877929688,474.3599853515625,479.9200134277344,478.2200012207031,465.7799987792969,473.2759948730469,470.53199768066406,470.50250091552743,0.016555224368653077,0.011907094884004198,-0.0004710442703206308,0.002254256936151222,43.40232339159644,1.4321991288198777,0.9921944849684844,4
2024-06-03,META,470.8599853515625,479.6000061035156,468.239990234375,477.489990234375,11279400,476.989990234375,466.8299865722656,467.0499877929688,474.3599853515625,479.9200134277344,478.2200012207031,473.12999267578124,471.0899963378906,471.77900085449227,0.015047869405164623,0.01410473454667471,0.022834873441573977,-0.0015265170517014814,56.45071796009126,0.966754890600037,1.0121052216600122,0
2024-06-04,META,477.0,478.8900146484375,473.2300109863281,476.989990234375,7088700,495.05999755859375,477.489990234375,466.8299865722656,467.0499877929688,474.3599853515625,479.9200134277344,472.5439880371094,471.9049957275391,472.344500732422,0.014899621477192121,0.013874348382630549,-0.0010471423699469629,-0.006105232354100543,53.664086698756364,0.641519440065304,1.0098349604891126,1
2024-06-05,META,484.4500122070313,496.6499938964844,483.9100036621094,495.05999755859375,15690500,493.760009765625,476.989990234375,477.489990234375,466.8299865722656,467.0499877929688,474.3599853515625,476.6839904785156,474.9479949951172,473.6855010986329,0.021283017848957617,0.017313004047678375,0.03788340991252204,0.043637770567198864,58.60925903973851,1.2712351896502554,1.0451238140293218,2
2024-06-06,META,492.9800109863281,502.8200073242188,490.8900146484375,493.760009765625,10667300,492.9599914550781,495.05999755859375,476.989990234375,477.489990234375,466.8299865722656,467.0499877929688,482.0259948730469,477.54599609375,474.74350128173836,0.018198011803776757,0.017549818115646945,-0.0026259196852496114,0.057188786362833754,64.35462677547892,0.8652103877480506,1.0400563850427542,3
2024-06-07,META,495.9100036621094,498.9100036621094,490.1700134277344,492.9599914550781,9380700,502.6000061035156,493.760009765625,495.05999755859375,476.989990234375,477.489990234375,466.8299865722656,487.2519958496094,480.2639953613281,475.62050018310555,0.018390323967231365,0.017404012575807908,-0.001620257401822811,0.05597327856908696,64.82601253029617,0.8668720636669094,1.0364565683466065,4
2024-06-10,META,493.8599853515625,502.6600036621094,493.4100036621094,502.6000061035156,11236900,507.4700012207031,492.9599914550781,493.760009765625,495.05999755859375,476.989990234375,477.489990234375,492.2739990234375,482.7019958496094,476.9404998779297,0.017918932826347964,0.016577654109144826,0.019555369229829145,0.052587523053237994,71.76378562479933,1.0392201109423813,1.0538002250430678,0
2024-06-11,META,500.1600036621094,507.6000061035156,498.2699890136719,507.4700012207031,9673700,508.8399963378906,502.6000061035156,492.9599914550781,493.760009765625,495.05999755859375,476.989990234375,498.3700012207031,485.4569946289063,478.9134994506836,0.016808777153253247,0.016627276540319067,0.009689604174386801,0.0639007350476084,77.38427655411482,0.8538264509056631,1.0596276818314245,1
2024-06-12,META,513.989990234375,514.010009765625,504.4700012207031,508.8399963378906,11983200,504.1000061035156,507.4700012207031,502.6000061035156,492.9599914550781,493.760009765625,495.05999755859375,501.1260009765625,488.9049957275391,480.7629989624023,0.00921505379429411,0.015554312052429022,0.0026996573470194907,0.02783500756929147,76.8576422435751,1.1317333373629155,1.0584009115428703,2
2024-06-13,META,505.7099914550781,509.3599853515625,501.3599853515625,504.1000061035156,9954600,504.1600036621094,508.8399963378906,507.4700012207031,502.6000061035156,492.9599914550781,493.760009765625,503.1940002441406,492.60999755859376,481.89099884033203,0.011008093489255301,0.014666176453412174,-0.009315286275624168,0.020941340192371483,74.19801801607356,0.9529744912318995,1.0460872008745328,3
2024-06-14,META,502.6499938964844,507.1499938964844,500.75,504.1600036621094,10243300,506.6300048828125,504.1000061035156,508.8399963378906,507.4700012207031,502.6000061035156,492.9599914550781,505.4340026855469,496.34299926757814,483.43749847412107,0.010803704907488179,0.014630532161146022,0.00011901915863377077,0.022719921294164225,69.41615529963855,0.9646799782263518,1.0428649106728274,4
2024-06-17,META,501.6700134277344,510.75,496.010009765625,506.6300048828125,11266600,499.489990234375,504.1600036621094,504.1000061035156,508.8399963378906,507.4700012207031,502.6000061035156,506.24000244140626,499.2570007324219,485.1734985351562,0.007051081629670012,0.013651586324312326,0.004899240722710196,0.008018302288812285,69.76467107922507,1.0604577439600613,1.0442243989262359,0
2024-06-18,META,504.55999755859375,506.0,495.0199890136719,499.489990234375,13060400,501.7000122070313,506.6300048828125,504.1600036621094,504.1000061035156,508.8399963378906,507.4700012207031,504.6440002441406,501.5070007324219,486.7059982299805,0.008177070365019317,0.014962788117331864,-0.014093153938028236,-0.015725089103065137,68.17064064383902,1.1556219373859677,1.0262663539197925,1
2024-06-20,META,502.0,503.6700134277344,496.7699890136719,501.7000122070313,11801200,494.7799987792969,499.489990234375,506.6300048828125,504.1600036621094,504.1000061035156,508.8399963378906,503.21600341796875,502.17100219726564,488.5594985961914,0.008514359199689655,0.009447137406425166,0.0044245570799512635,-0.014031884643985526,77.04917876568993,1.047578298515253,1.0268964448518498,3
2024-06-21,META,503.4500122070313,503.4500122070313,492.3900146484375,494.7799987792969,23130700,498.9100036621094,501.7000122070313,499.489990234375,506.6300048828125,504.1600036621094,504.1000061035156,501.352001953125,502.2730010986328,489.9094985961914,0.00954500597673408,0.010566148497273067,-0.013793129877140209,-0.018488409465134747,69.75264176319412,1.6640264624716916,1.0099416324791857,4
2024-06-24,META,499.2000122070313,507.7999877929688,494.2900085449219,498.9100036621094,13525300,510.6000061035156,494.7799987792969,501.7000122070313,499.489990234375,506.6300048828125,504.1600036621094,500.302001953125,502.8680023193359,491.56599884033204,0.01096871761607759,0.010836111162092875,0.008347154074542118,-0.010413360762188906,66.67704193620584,0.9291370929405008,1.0149400179001453,0
2024-06-25,META,497.0499877929688,510.7099914550781,495.5,510.6000061035156,12109800,513.1199951171875,498.9100036621094,494.7799987792969,501.7000122070313,499.489990234375,506.6300048828125,501.09600219726565,503.6680023193359,493.1849990844727,0.015916202060832222,0.011605448867576184,0.02343108447535447,0.007836095735429982,72.28483426189082,0.8223704762085854,1.0353113072201534,1
2024-06-26,META,506.6499938964844,513.8099975585938,504.6799926757813,513.1199951171875,8882300,519.5599975585938,510.6000061035156,498.9100036621094,494.7799987792969,501.7000122070313,499.489990234375,503.82200317382814,504.2330017089844,494.8449981689453,0.013260142738999597,0.011333280431512794,0.004935348577259857,0.027287843899368003,65.08518506811642,0.6394808874963462,1.0369307500648979,2
2024-06-27,META,514.25,522.8800048828125,513.9000244140625,519.5599975585938,10121200,504.2200012207031,513.1199951171875,510.6000061035156,498.9100036621094,494.7799987792969,501.7000122070313,507.3940002441406,505.3050018310547,497.10499877929686,0.013593914076506718,0.01189563193543414,0.01255067528587639,0.03559893346024556,69.84612582056992,0.7467393052606416,1.0451715408906326,3
2024-06-28,META,517.1500244140625,521.8800048828125,503.8399963378906,504.2200012207031,15855100,504.6799926757813,519.5599975585938,513.1199951171875,510.6000061035156,498.9100036621094,494.7799987792969,509.28200073242186,505.31700134277344,498.96349945068357,0.019964744696524567,0.015291918512184989,-0.029524975767905692,0.01907919169064276,57.07820231064837,1.3104753056929894,1.0105348422796587,4
2024-07-01,META,504.9500122070313,506.5799865722656,493.1700134277344,504.6799926757813,10328200,509.5,504.2200012207031,519.5599975585938,513.1199951171875,510.6000061035156,498.9100036621094,510.4359985351563,505.36900024414064,500.8559997558594,0.019831600795997554,0.015293915017077954,0.0009122832374053313,0.011565190056961994,51.47810268841762,0.901292572334135,1.0076349148693156,0
2024-07-02,META,500.760009765625,510.5,499.4500122070313,509.5,7739500,509.9599914550781,504.6799926757813,504.2200012207031,519.5599975585938,513.1199951171875,510.6000061035156,510.21599731445315,505.6559997558594,502.4565002441406,0.01692004097419258,0.015521452437035751,0.009550620976003676,-0.002154340169147284,51.44360543925372,0.7311582332413186,1.014018128439849,1
2024-07-03,META,506.3699951171875,511.2799987792969,506.0199890136719,509.9599914550781,6005600,539.9099731445312,509.5,504.6799926757813,504.2200012207031,519.5599975585938,513.1199951171875,509.58399658203126,506.7029998779297,504.1050003051758,0.016701902297596112,0.01463532088345966,0.000902829156188556,-0.0061584106879087885,50.80691262477464,0.5999648348837953,1.011614626211519,2
2024-07-05,META,511.6000061035156,540.8699951171875,511.6000061035156,539.9099731445312,21354100,529.3200073242188,509.9599914550781,509.5,504.6799926757813,504.2200012207031,519.5599975585938,513.6539916992188,510.5239959716797,506.34749908447264,0.03195546812870635,0.023157399713317803,0.0587300615563906,0.03916771052729584,68.92504018313767,1.742267368335169,1.066283479469619,4
2024-07-08,META,542.3499755859375,542.8099975585938,526.6500244140625,529.3200073242188,14917500,530.0,539.9099731445312,509.9599914550781,509.5,504.6799926757813,504.2200012207031,518.6739929199218,513.9779968261719,508.12549896240233,0.029228100397711995,0.023818759557941407,-0.019614317843833606,0.04977986998284312,61.96500259634559,1.2360199453474943,1.0417111686091247,0
2024-07-09,META,533.75,537.47998046875,528.1900024414062,530.0,8753200,534.6900024414062,529.3200073242188,539.9099731445312,509.9599914550781,509.5,504.6799926757813,523.7379943847657,517.0869964599609,509.9774993896484,0.029199309226602604,0.023879731208103126,0.0012846532652690534,0.05017042024981744,61.30624123745191,0.7447009438505086,1.0392615372919687,1
2024-07-10,META,530.7899780273438,538.8800048828125,528.3599853515625,534.6900024414062,10983300,512.7000122070312,530.0,529.3200073242188,539.9099731445312,509.9599914550781,509.5,528.7759948730469,519.49599609375,511.58199920654295,0.02920471934689714,0.02315262341591563,0.00884906121020057,0.04944063285850109,67.44302526396655,0.8855543210613138,1.045169695709981,2
2024-07-11,META,530.8900146484375,535.4600219726562,508.3699951171875,512.7000122070312,16458300,498.8699951171875,534.6900024414062,530.0,529.3200073242188,539.9099731445312,509.9599914550781,529.3239990234375,519.4539978027344,511.8434997558594,0.03739017322701106,0.027338961896601125,-0.04112661567257336,0.0053730112123795415,54.55751003934815,1.1355814556815296,1.0016733873763766,3
2024-07-12,META,497.760009765625,508.0899963378906,494.2300109863281,498.8699951171875,19750500,496.1600036621094,512.7000122070312,534.6900024414062,530.0,529.3200073242188,539.9099731445312,521.1160034179687,517.3849975585938,511.3449996948242,0.02049343641110125,0.028206662984805085,-0.026974871777961096,-0.07601263186215967,51.60278956493952,1.3935732147191475,0.9756035463628628,4
2024-07-15,META,498.6300048828125,506.6799926757813,493.3699951171875,496.1600036621094,12539200,489.7900085449219,498.8699951171875,512.7000122070312,534.6900024414062,530.0,529.3200073242188,514.4840026855469,516.5789978027344,510.94799957275393,0.02076412204240496,0.026747008760159688,-0.00543225987051299,-0.06264642031903822,48.91019984829486,0.9154772247734889,0.971057728138656,0
2024-07-16,META,501.5,503.9500122070313,485.7900085449219,489.7900085449219,14075800,461.989990234375,496.1600036621094,498.8699951171875,512.7000122070312,534.6900024414062,530.0,506.44200439453124,515.0899993896485,510.22949981689453,0.0192984149502447,0.02697361366119906,-0.012838590515501402,-0.07586790840580782,41.39014800467675,0.953553248942175,0.9599405928522209,1
2024-07-17,META,479.1700134277344,479.1700134277344,459.1199951171875,461.989990234375,28076600,475.8500061035156,489.7900085449219,496.1600036621094,498.8699951171875,512.7000122070312,534.6900024414062,491.902001953125,510.33899841308596,507.9974990844727,0.020842578481927693,0.03142039847671001,-0.05675905556574279,-0.13596665708182576,32.50529510361112,1.5443606408772679,0.90943359183261,2
2024-07-18,META,475.0,479.239990234375,464.5400085449219,475.8500061035156,19267200,476.7900085449219,461.989990234375,489.7900085449219,496.1600036621094,498.8699951171875,512.7000122070312,484.53200073242186,506.92799987792966,506.8154998779297,0.031649234266080566,0.03373232692820408,0.03000068434839731,-0.07187440067513662,35.766850010682646,1.0280303022218713,0.938901841435646,3
2024-07-19,META,476.05999755859375,486.7099914550781,475.7099914550781,476.7900085449219,15149400,487.3999938964844,475.8500061035156,461.989990234375,489.7900085449219,496.1600036621094,498.8699951171875,480.1160034179687,500.6160034179687,505.5699996948242,0.03142111777567253,0.025272493987994558,0.001975417525163836,-0.0442600011794233,40.143729825824956,0.8500564482281092,0.9430741713960981,4
2024-07-22,META,486.5799865722656,492.05999755859375,483.8999938964844,487.3999938964844,12023100,488.6900024414063,476.7900085449219,475.8500061035156,461.989990234375,489.7900085449219,496.1600036621094,478.36400146484374,496.4240020751953,505.2009994506836,0.034417721805689395,0.027271505859272332,0.02225295237193059,-0.01765561452146125,44.2129927246318,0.6785650187770693,0.964764508436138,0
2024-07-23,META,489.8399963378906,495.2200012207031,487.7200012207031,488.6900024414063,9455500,461.2699890136719,487.3999938964844,476.7900085449219,475.8500061035156,461.989990234375,489.7900085449219,478.1440002441406,492.2930023193359,504.68999938964845,0.03401371041975737,0.027325694183325963,0.002646714323094379,-0.0022458728931271654,42.86204174944889,0.5630163935988034,0.9682973766716363,1
2024-07-24,META,472.30999755859375,476.2999877929688,460.5799865722656,461.2699890136719,17649700,453.4100036621094,488.6900024414063,487.3999938964844,476.7900085449219,475.8500061035156,461.989990234375,478.0,484.9510009765625,502.22349853515624,0.03374266232050099,0.03048238691372917,-0.056109217071658946,-0.0015584779668881277,35.90574655619349,1.1999268474088618,0.9184556086265694,2
2024-07-25,META,463.260009765625,463.5499877929688,442.6499938964844,453.4100036621094,18240500,465.7000122070313,461.2699890136719,488.6900024414063,487.3999938964844,476.7900085449219,475.8500061035156,473.5119995117187,479.0220001220703,499.23799896240234,0.029649815181485205,0.02903895082106124,-0.01703988019764613,-0.04715772229395476,21.28917332888186,1.2576498037733976,0.9082041122760284,3
2024-07-26,META,464.2000122070313,469.7699890136719,459.4200134277344,465.7000122070313,14222400,465.7099914550781,453.4100036621094,461.2699890136719,488.6900024414063,487.3999938964844,476.7900085449219,471.29400024414065,475.7050018310547,496.54499969482424,0.03386041215603662,0.03088196502170335,0.02710572869071659,-0.023259707919919048,29.119081035233677,0.993306439897641,0.9378807811844844,4
2024-07-29,META,469.8800048828125,473.9599914550781,465.0199890136719,465.7099914550781,11339600,463.1900024414063,465.7000122070313,453.4100036621094,461.2699890136719,488.6900024414063,487.3999938964844,466.95599975585935,472.6600006103516,494.61949920654297,0.030838473532447487,0.030949423349194063,2.1428489983321697e-05,-0.044501441758353466,28.805959367982183,0.7996028640048966,0.9415520257534513,0
2024-07-30,META,467.0,472.7300109863281,456.7000122070313,463.1900024414063,11390400,474.8299865722656,465.7099914550781,465.7000122070313,453.4100036621094,461.2699890136719,488.6900024414063,461.8559997558594,470.0,492.54499969482424,0.030304832638927092,0.030852694639216752,-0.005411069248908107,-0.05218031855083316,26.086956521739154,0.7818501810753598,0.940401390184438,1
2024-07-31,META,471.0199890136719,476.5,466.75,474.8299865722656,24285800,497.739990234375,463.1900024414063,465.7099914550781,465.7000122070313,453.4100036621094,461.2699890136719,464.5679992675781,471.28399963378905,490.8114990234375,0.01941774107542313,0.026133831037143788,0.025130041817627014,0.029397094720141848,36.392372513168176,1.5278181449872734,0.9674385940774206,2
2024-08-01,META,521.0,527.1699829101562,492.1000061035156,497.739990234375,43083100,488.1400146484375,474.8299865722656,463.1900024414063,465.7099914550781,465.7000122070313,453.4100036621094,473.4339965820312,473.472998046875,490.2004989624023,0.02187955954474386,0.028732146239449533,0.04824885603264795,0.0977701996299607,49.61883389607181,2.064923462418509,1.01538042349596,3
2024-08-02,META,489.0,501.1499938964844,476.1499938964844,488.1400146484375,24044700,475.7300109863281,497.739990234375,474.8299865722656,463.1900024414063,465.7099914550781,465.7000122070313,477.9219970703125,474.6079986572266,487.6120010375977,0.02686245125832459,0.029740206954378418,-0.019287129373344314,0.048185531142804106,47.41490754127852,1.0532653604757516,1.0010828560612048,4
2024-08-05,META,451.3500061035156,483.4800109863281,450.7999877929688,475.7300109863281,21396200,494.0899963378906,488.1400146484375,497.739990234375,474.8299865722656,463.1900024414063,465.7099914550781,479.9260009765625,473.4410003662109,484.9325012207031,0.031220551834602837,0.030086784378372575,-0.025423041114642442,0.0215155777524616,45.63787543387573,0.8613593214825741,0.9810231522712751,0
2024-08-06,META,479.0,502.55999755859375,478.6499938964844,494.0899963378906,20955000,488.9200134277344,475.7300109863281,488.1400146484375,497.739990234375,474.8299865722656,463.1900024414063,486.1059997558594,473.9809997558594,483.13700103759766,0.033772776124474005,0.0327359538053618,0.03859328805743578,0.06671127125718379,60.57870378285765,0.7832778129971413,1.0226705784834738,1
2024-08-07,META,503.1300048828125,510.1499938964844,486.8599853515625,488.9200134277344,20105300,509.6300048828125,494.0899963378906,475.7300109863281,488.1400146484375,497.739990234375,474.8299865722656,488.92400512695315,476.7460021972656,480.84850158691404,0.03444063613692771,0.026358998205014614,-0.010463646194975085,0.029673835380917613,54.56897706838178,0.775761415541852,1.0167859769016279,2
2024-08-08,META,497.5,509.9599914550781,494.7200012207031,509.6300048828125,16156800,517.77001953125,488.9200134277344,494.0899963378906,475.7300109863281,488.1400146484375,497.739990234375,491.3020080566406,482.3680023193359,480.69500122070315,0.03270553100743396,0.027231416322237308,0.04235864944428003,0.023888003539435765,60.08600038953052,0.7869235714703189,1.0601941014336123,3
2024-08-09,META,507.7099914550781,518.3400268554688,505.7000122070313,517.77001953125,13696600,515.9500122070312,509.6300048828125,488.9200134277344,494.0899963378906,475.7300109863281,488.1400146484375,497.22800903320314,487.5750030517578,481.64000244140624,0.029788901439544012,0.026772905581595143,0.015972400703347933,0.060699807419295926,59.471103268159474,0.7418814233359585,1.0750145687789692,4
2024-08-12,META,516.8599853515625,518.02001953125,509.1000061035156,515.9500122070312,9767400,528.5399780273438,517.77001953125,509.6300048828125,488.9200134277344,494.0899963378906,475.7300109863281,505.2720092773437,492.5990051269531,482.62950286865237,0.023899078180390727,0.02695638506960139,-0.0035150882738758105,0.08454375442347062,58.47321353701666,0.6053090500749246,1.0690395202537941,0
2024-08-13,META,520.010009765625,531.5,518.1500244140625,528.5399780273438,13743800,526.760009765625,515.9500122070312,517.77001953125,509.6300048828125,488.9200134277344,494.0899963378906,512.1620056152344,499.1340026855469,484.56700134277344,0.021337951818425377,0.0266330140434449,0.024401522477841553,0.06972410278449348,73.03295412202905,0.9353354230780224,1.0907469484358565,1
2024-08-14,META,528.0599975585938,534.0,523.1300048828125,526.760009765625,11444200,537.3300170898438,528.5399780273438,515.9500122070312,517.77001953125,509.6300048828125,488.9200134277344,519.7300048828125,504.32700500488284,487.8055023193359,0.01947990407373505,0.026786597736932257,-0.0033677079042574443,0.07739506524308726,76.20581624845151,0.8829202207107677,1.0798566380679897,2
2024-08-15,META,531.7899780273438,539.77001953125,526.7000122070312,537.3300170898438,13482100,527.4199829101562,526.760009765625,528.5399780273438,515.9500122070312,517.77001953125,509.6300048828125,525.2700073242188,508.2860076904297,490.87950286865237,0.013259165000984958,0.023708874593851632,0.020066077774054447,0.05435318160554692,75.9097439991381,1.0849195530312663,1.0946271212176086,3
2024-08-16,META,531.9000244140625,533.6599731445312,524.6599731445312,527.4199829101562,14776700,529.280029296875,537.3300170898438,526.760009765625,528.5399780273438,515.9500122070312,517.77001953125,527.2,512.2140045166016,493.41100158691404,0.017948859943277076,0.02360246684572426,-0.018443105474285293,0.018637547588488346,70.82968593844029,1.1687801158600442,1.0689262728513595,4
2024-08-19,META,526.8699951171875,531.6599731445312,522.760009765625,529.280029296875,9879700,526.72998046875,527.4199829101562,537.3300170898438,526.760009765625,528.5399780273438,515.9500122070312,529.8660034179687,517.5690063476562,495.50500335693357,0.017499243020790766,0.020633714831548803,0.0035266892552221485,0.02583586931769455,72.40796093616781,0.7800604802097069,1.0681628353116988,0
2024-08-20,META,528.3499755859375,531.0900268554688,525.8800048828125,526.72998046875,7944400,535.1599731445312,529.280029296875,527.4199829101562,537.3300170898438,526.760009765625,528.5399780273438,529.50400390625,520.8330047607421,497.4070022583008,0.01403516889146687,0.018632572315490634,-0.004817957767106029,-0.003424523468119056,68.75270292651547,0.690491959441724,1.0589516795648606,1
2024-08-21,META,527.1500244140625,539.4000244140625,526.9299926757812,535.1599731445312,13423300,531.9299926757812,526.72998046875,529.280029296875,527.4199829101562,537.3300170898438,526.760009765625,531.1839965820312,525.4570007324219,501.10150146484375,0.015662158290535015,0.017805327816828625,0.016004391222005587,0.01594647130226101,65.10087794054911,1.12789087523653,1.0679672113935523,2
2024-08-22,META,537.0,544.22998046875,528.5900268554688,531.9299926757812,15708300,528.0,535.1599731445312,526.72998046875,529.280029296875,527.4199829101562,537.3300170898438,530.1039916992188,527.6869995117188,505.02750091552736,0.01274062011958316,0.013958240247501526,-0.006035541951635581,-0.010049735250803216,68.62927214828325,1.272289753840771,1.0532693600080874,3
2024-08-23,META,536.9199829101562,539.8699951171875,525.0599975585938,528.0,11323900,521.1199951171875,531.9299926757812,535.1599731445312,526.72998046875,529.280029296875,527.4199829101562,530.2199951171875,528.7099975585937,508.14250030517576,0.0097784354402227,0.013755758119744341,-0.0073881765079876205,0.0010997252827686932,73.96606154838973,0.9715149040144407,1.039078604294855,4
2024-08-26,META,527.5999755859375,528.0,514.9500122070312,521.1199951171875,9584000,519.0999755859375,528.0,531.9299926757812,535.1599731445312,526.72998046875,529.280029296875,528.58798828125,529.2269958496094,510.9130004882812,0.011107827272936216,0.014492329315115068,-0.013030312278053957,-0.01541723422009278,63.85158772979271,0.8264363038705572,1.0199779504908888,0
2024-08-27,META,518.97998046875,524.010009765625,515.3099975585938,519.0999755859375,6282700,516.780029296875,521.1199951171875,528.0,531.9299926757812,535.1599731445312,526.72998046875,527.0619873046875,528.2829956054687,513.7084991455079,0.011078376420181625,0.01197966718552259,-0.0038763040186085007,-0.01448560964010892,65.98175087759785,0.5577463238296799,1.0104952058402727,1
2024-08-28,META,517.6699829101562,521.0900268554688,512.4500122070312,516.780029296875,9106100,518.219970703125,519.0999755859375,521.1199951171875,528.0,531.9299926757812,535.1599731445312,523.3859985351562,527.2849975585938,515.8060012817383,0.0036606031433842404,0.012001378772910186,-0.004469170483862639,-0.03434476562149835,54.70210552342664,0.8755023555427363,1.0018883611526743,2
2024-08-29,META,519.0499877929688,527.2000122070312,515.6799926757812,518.219970703125,8317400,521.3099975585938,516.780029296875,519.0999755859375,521.1199951171875,528.0,531.9299926757812,520.643994140625,525.3739929199219,516.8300003051758,0.005748265542818051,0.009473629724248776,0.002786372004756288,-0.025774109678776247,50.324499824808825,0.9321492532629819,1.0026894150825774,3
2024-08-30,META,521.3499755859375,523.5399780273438,515.2000122070312,521.3099975585938,9157500,511.760009765625,518.219970703125,516.780029296875,519.0999755859375,521.1199951171875,528.0,519.3059936523438,524.7629943847656,518.4884994506835,0.007352216177847384,0.008286918537673063,0.005962770696150921,-0.012670459169330073,53.7960249327835,1.0786803525279345,1.0054417756823912,4
2024-09-03,META,519.6400146484375,525.489990234375,508.6199951171875,511.760009765625,12459100,512.739990234375,521.3099975585938,518.219970703125,516.780029296875,519.0999755859375,521.1199951171875,517.4339965820312,523.0109924316406,520.2899993896484,0.009350372654547898,0.009683630767174987,-0.018319210906549643,-0.017961286151489286,37.581432158012035,1.3744848067639246,0.983605316969325,1
2024-09-04,META,506.0700073242188,516.5900268554688,504.0700073242188,512.739990234375,8335200,516.8599853515625,511.760009765625,521.3099975585938,518.219970703125,516.780029296875,519.0999755859375,516.1619995117187,521.6119934082031,521.2224990844727,0.009658578972223874,0.009801128072987733,0.0019149219361607184,-0.012251946928688695,39.49968732743583,0.8796989148353678,0.983725743103958,2
2024-09-05,META,511.7200012207031,521.6300048828125,511.1499938964844,516.8599853515625,8640900,500.2699890136719,512.739990234375,511.760009765625,521.3099975585938,518.219970703125,516.780029296875,516.1779907226562,519.7819946289062,522.619497680664,0.010572550530248272,0.008329838362614932,0.008035252166120666,0.00015471970694425075,33.02932136716326,0.921006350444787,0.9889795303185938,3
2024-09-06,META,521.8800048828125,524.5800170898438,498.25,500.2699890136719,14744500,504.7900085449219,516.8599853515625,512.739990234375,511.760009765625,521.3099975585938,518.219970703125,512.5879943847656,516.6159942626953,522.151496887207,0.017546623218620026,0.012342231078343143,-0.032097660503949244,-0.03463776524300766,29.735773829942403,1.3821966657417337,0.9580935647910975,4
2024-09-09,META,506.1600036621094,511.3299865722656,502.0799865722656,504.7900085449219,11047800,504.7900085449219,500.2699890136719,516.8599853515625,512.739990234375,511.760009765625,521.3099975585938,509.28399658203125,514.2949951171875,521.5024963378906,0.01815303912975047,0.013206538992272992,0.00903516027447826,-0.03168937693702123,32.41920720820194,1.000208229595763,0.9679531969447362,0
2024-09-10,META,508.1600036621094,514.1799926757812,500.0299987792969,504.7900085449219,9899000,511.8299865722656,504.7900085449219,500.2699890136719,516.8599853515625,512.739990234375,511.760009765625,507.88999633789064,512.661996459961,520.9444961547852,0.016924387102003634,0.012900320750456376,0.0,-0.013619667593595786,33.65125943215375,0.9397653956717058,0.9689900023340233,1
2024-09-11,META,507.010009765625,513.1199951171875,495.6000061035156,511.8299865722656,10782500,525.5999755859375,504.7900085449219,504.7900085449219,500.2699890136719,516.8599853515625,512.739990234375,507.70799560546874,511.93499755859375,520.1089965820313,0.018511659923577728,0.01396851424819334,0.013946349785402434,-0.0017747858162836527,32.247730218685746,0.9781873075604149,0.9840821634231048,2
2024-09-12,META,517.0499877929688,526.7100219726562,515.219970703125,525.5999755859375,11993300,524.6199951171875,511.8299865722656,504.7900085449219,504.7900085449219,500.2699890136719,516.8599853515625,509.45599365234375,512.8169921875,520.0509948730469,0.022174942539199025,0.016480050637213122,0.026903443281800943,0.016909783078738805,45.84916247624628,1.0256451919113485,1.0106700703730895,3
2024-09-13,META,520.3400268554688,527.5800170898438,517.1099853515625,524.6199951171875,10321400,533.280029296875,525.5999755859375,511.8299865722656,504.7900085449219,504.7900085449219,500.2699890136719,514.3259948730469,513.4569946289063,519.415493774414,0.011642740189019122,0.016515235027591387,-0.0018644986953386677,0.0486737294626125,47.69439899412546,0.9549071127229665,1.0100199193230726,4
2024-09-16,META,524.5399780273438,534.0999755859375,517.4000244140625,533.280029296875,9527600,536.3200073242188,524.6199951171875,525.5999755859375,511.8299865722656,504.7900085449219,504.7900085449219,520.0239990234375,514.6539978027344,519.70849609375,0.012024736070997757,0.01716614253916562,0.016507251458749872,0.05643935155150315,58.09806285459256,0.906979312235596,1.0261137412706003,0
2024-09-17,META,537.5999755859375,542.0999755859375,530.5700073242188,536.3200073242188,11690800,537.9500122070312,533.280029296875,524.6199951171875,525.5999755859375,511.8299865722656,504.7900085449219,526.3299987792968,517.1099975585937,520.0604949951172,0.010929766629463778,0.015548161605299543,0.005700528540984351,0.06246161422684149,61.31410307823102,1.076191738653352,1.031264655719051,1
2024-09-18,META,537.0700073242188,544.2000122070312,533.9000244140625,537.9500122070312,10323500,559.0999755859375,536.3200073242188,533.280029296875,524.6199951171875,525.5999755859375,511.8299865722656,531.55400390625,519.6309997558594,520.6214965820312,0.011573227011896774,0.015528969344028004,0.0030392393730467315,0.05103262083117066,64.03660494886347,0.9584247798784179,1.0332842876038824,2
2024-09-19,META,550.0,562.0700073242188,546.52001953125,559.0999755859375,15647000,561.3499755859375,537.9500122070312,536.3200073242188,533.280029296875,524.6199951171875,525.5999755859375,538.25400390625,523.8549987792969,521.8184967041016,0.016410497938376845,0.018990730461976926,0.03931585258662773,0.06373668484792883,71.48866337920171,1.3603650128759543,1.0714452996919663,3
2024-09-20,META,560.0,564.5,556.2999877929688,561.3499755859375,22066800,564.4099731445312,559.0999755859375,537.9500122070312,536.3200073242188,533.280029296875,524.6199951171875,545.6,529.9629974365234,523.2894958496094,0.015291444434925902,0.012994980983829844,0.004024324983455729,0.07001254395678425,71.23462952245187,1.5931396260524404,1.0727331238983373,4
2024-09-23,META,569.5,573.97998046875,562.4099731445312,564.4099731445312,12830700,563.3300170898438,561.3499755859375,559.0999755859375,537.9500122070312,536.3200073242188,533.280029296875,551.8259887695312,535.9249938964844,525.109994506836,0.015583759336658504,0.013124222284410791,0.0054511404501260685,0.05837447895564507,79.98633851287934,0.8841587788111159,1.0748414218902924,0
2024-09-24,META,566.6799926757812,567.75,554.1900024414062,563.3300170898438,12993000,568.3099975585938,564.4099731445312,561.3499755859375,559.0999755859375,537.9500122070312,536.3200073242188,557.2279907226563,541.7789947509766,527.2204956054687,0.016629796557521573,0.013319803196886257,-0.0019134248260544995,0.05036174186449238,78.78034400286668,0.8795575472847647,1.0684903598880506,1
2024-09-25,META,564.0499877929688,576.8800048828125,563.719970703125,568.3099975585938,16543400,567.8400268554688,563.3300170898438,564.4099731445312,561.3499755859375,559.0999755859375,537.9500122070312,563.2999877929688,547.4269958496094,529.6809967041015,0.01622155424221124,0.013296885531493708,0.008840254056541319,0.056436443280306836,78.98596223861443,1.0329179617112196,1.0729288026092274,2
2024-09-26,META,575.72998046875,577.4000244140625,562.3499755859375,567.8400268554688,14400800,567.3599853515625,568.3099975585938,563.3300170898438,564.4099731445312,561.3499755859375,559.0999755859375,565.047998046875,551.6510009765625,532.2339965820313,0.004468978568993792,0.01237902770610137,-0.0008269618784535471,0.015632358524737322,96.51671159086277,0.9133541448118658,1.066899203173974,3
2024-09-27,META,570.0999755859375,570.8400268554688,564.510009765625,567.3599853515625,9398400,572.4400024414062,567.8400268554688,568.3099975585938,563.3300170898438,564.4099731445312,561.3499755859375,566.25,555.925,534.6909973144532,0.004743486797950226,0.012294277723318764,-0.0008453815884811311,0.010706350809674081,95.61167189383298,0.7102104847936185,1.0610988181981613,4
2024-09-30,META,567.7000122070312,574.6799926757812,564.7999877929688,572.4400024414062,12792300,576.469970703125,567.3599853515625,567.8400268554688,568.3099975585938,563.3300170898438,564.4099731445312,567.856005859375,559.8409973144531,537.2474975585938,0.005545382050554375,0.011935502289789308,0.0089537810578868,0.014227298734883709,95.91427559480782,0.9672392439499817,1.065505200196813,0
2024-10-01,META,577.97998046875,583.0399780273438,570.0999755859375,576.469970703125,15259300,572.8099975585938,572.4400024414062,567.3599853515625,567.8400268554688,568.3099975585938,563.3300170898438,570.4839965820313,563.8559936523437,540.4829956054688,0.005049444333372344,0.011924640855602728,0.007039983656857096,0.02332549875677148,95.74022958620668,1.115540499048165,1.0665829922314989,1
2024-10-02,META,574.8599853515625,576.0,569.3400268554688,572.8099975585938,6524700,582.77001953125,576.469970703125,572.4400024414062,567.3599853515625,567.8400268554688,568.3099975585938,571.3839965820313,567.3419921875,543.4864959716797,0.006299346111063374,0.012645803845996414,-0.006348939806989695,0.007918213685016218,88.98441508433555,0.5588560269291055,1.0539544253707493,2
2024-10-03,META,570.1500244140625,583.3599853515625,568.72998046875,582.77001953125,11581000,595.9400024414062,572.8099975585938,576.469970703125,572.4400024414062,567.3599853515625,567.8400268554688,574.3699951171875,569.7089965820312,546.7819976806641,0.009164352840147516,0.006888720451597626,0.01738800302911514,0.026292603496902434,91.81655544611992,1.0422872900530458,1.0658178616034173,3
2024-10-04,META,583.72998046875,596.8499755859375,581.4299926757812,595.9400024414062,14169500,584.780029296875,582.77001953125,572.8099975585938,576.469970703125,572.4400024414062,567.3599853515625,580.0859985351562,573.1679992675781,551.5654983520508,0.01107285853430652,0.009018252352608714,0.022598936919832502,0.05037369188476393,92.31502907089374,1.1743951278702003,1.0804519213437682,4
2024-10-07,META,598.219970703125,602.9500122070312,584.0399780273438,584.780029296875,12014200,592.8900146484375,595.9400024414062,582.77001953125,572.8099975585938,576.469970703125,572.4400024414062,582.55400390625,575.2050048828125,555.5649993896484,0.0170091243644731,0.011954737642907803,-0.01872667231401115,0.021556891207531903,79.49130344021685,1.0087709723302103,1.052586159926062,0
2024-10-08,META,589.6900024414062,593.5599975585938,585.969970703125,592.8900146484375,7857400,590.510009765625,584.780029296875,595.9400024414062,582.77001953125,572.8099975585938,576.469970703125,585.8380126953125,578.1610046386719,559.9699996948242,0.017540884198617834,0.012183204832222173,0.013868437609461104,0.02848378021371145,80.99058373930558,0.753392346222587,1.0587888904254767,1
2024-10-09,META,593.989990234375,594.3900146484375,581.6099853515625,590.510009765625,9529700,583.8300170898438,592.8900146484375,584.780029296875,595.9400024414062,582.77001953125,572.8099975585938,589.3780151367188,580.381005859375,563.9040008544922,0.017165143618078544,0.012431370679315063,-0.004014243492064473,0.030900319970795787,72.4775234374727,0.8639518565123895,1.0471818055392697,2
2024-10-10,META,587.5700073242188,590.22998046875,582.52001953125,583.8300170898438,7740400,589.9500122070312,590.510009765625,592.8900146484375,584.780029296875,595.9400024414062,582.77001953125,589.5900146484375,581.9800048828125,566.8155029296875,0.01729630791990815,0.013287869035746264,-0.011312242917664639,0.001818895143999244,65.12791529652213,0.7542602784577246,1.030017729000378,3
2024-10-11,META,584.8300170898438,591.2100219726562,582.7100219726562,589.9500122070312,8587100,590.4199829101562,583.8300170898438,590.510009765625,592.8900146484375,584.780029296875,595.9400024414062,588.3920166015625,584.2390075683594,570.0820037841797,0.01394774951759903,0.01341907391139272,0.01048249479821739,-0.010051331022981502,66.50729330379403,0.9389159566837529,1.034851141223488,4
2024-10-14,META,594.219970703125,600.0999755859375,589.9600219726562,590.4199829101562,8252000,586.27001953125,589.9500122070312,583.8300170898438,590.510009765625,592.8900146484375,584.780029296875,589.5200073242188,586.0370056152344,572.9390014648437,0.010339743309443705,0.013331652725476036,0.0007966280081372901,0.009644572883350078,67.64821427151344,0.9831628008940443,1.030511069067769,0
2024-10-15,META,590.1599731445312,590.6099853515625,580.1400146484375,586.27001953125,9564200,576.7899780273438,590.4199829101562,589.9500122070312,583.8300170898438,590.510009765625,592.8900146484375,588.1960083007813,587.0170104980468,575.4365020751953,0.008358623837157367,0.013617988975412144,-0.007028832863093859,-0.011165637729812161,61.82827640486834,1.0949685620995846,1.0188266080045074,1
2024-10-16,META,581.4000244140625,582.0800170898438,574.030029296875,576.7899780273438,11268400,576.9299926757812,586.27001953125,590.4199829101562,589.9500122070312,583.8300170898438,590.510009765625,585.452001953125,587.4150085449219,577.3785003662109,0.010504939198936445,0.014588191253362534,-0.016170094304815308,-0.023234206891305287,55.26902059084781,1.2406825493645968,0.9989806992492899,2
2024-10-17,META,583.3300170898438,584.969970703125,575.2000122070312,576.9299926757812,8701200,576.469970703125,576.7899780273438,586.27001953125,590.4199829101562,589.9500122070312,583.8300170898438,584.0719970703125,586.831005859375,578.2700012207031,0.009927008014386889,0.01337779012671713,0.00024274806042279273,-0.011818550283619111,55.656707705561864,0.9381772543877998,0.9976827285833726,3
2024-10-18,META,581.0999755859375,583.969970703125,575.25,576.469970703125,7694300,575.1599731445312,576.9299926757812,576.7899780273438,586.27001953125,590.4199829101562,589.9500122070312,581.3759887695312,584.8840026855469,579.0260009765625,0.007190302487574681,0.01055424789508429,-0.0007973618610512823,-0.022849463895215028,52.51967788787745,0.8458974364612215,0.9955856381766508,4
2024-10-21,META,576.030029296875,577.239990234375,569.1099853515625,575.1599731445312,8171900,582.010009765625,576.469970703125,576.9299926757812,576.7899780273438,586.27001953125,590.4199829101562,578.3239868164062,583.9219970703125,579.5635009765625,0.006731730055741975,0.009051746986064339,-0.0022724471788112544,-0.025846025214812385,49.152104470147265,0.899988986784141,0.9924019924915711,0
2024-10-22,META,574.2899780273438,583.530029296875,572.1199951171875,582.010009765625,8544500,563.6900024414062,575.1599731445312,576.469970703125,576.9299926757812,576.7899780273438,586.27001953125,577.4719848632812,582.8339965820312,580.4975006103516,0.009989090618419797,0.008693453320383928,0.011909793693818838,-0.0072662930453634145,55.7185554001771,0.9626455882452349,1.0026055394789524,1
2024-10-23,META,579.969970703125,585.0,562.5,563.6900024414062,14248400,567.780029296875,582.010009765625,575.1599731445312,576.469970703125,576.9299926757812,576.7899780273438,574.8519897460938,580.1519958496094,580.2665008544922,0.016110633612013637,0.012822268896219216,-0.031477134442406296,-0.02271186408394299,39.25674565725869,1.5042556740561188,0.9714329564283384,2
2024-10-24,META,567.1300048828125,568.8800048828125,561.52001953125,567.780029296875,7184700,573.25,563.6900024414062,582.010009765625,575.1599731445312,576.469970703125,576.9299926757812,573.0219970703125,578.5469970703125,580.2635009765625,0.01690992763857991,0.0130781273548022,0.007255808756150284,-0.01585974640782506,32.3382075179174,0.7836065073139661,0.9784865467866267,3
2024-10-25,META,573.9299926757812,581.2899780273438,571.719970703125,573.25,11337900,578.1599731445312,567.780029296875,563.6900024414062,582.010009765625,575.1599731445312,576.469970703125,572.3780029296875,576.8769958496093,580.5580017089844,0.01787719654790126,0.012985475866761657,0.009633961078023168,-0.005585669448137209,42.21259980146886,1.1455340147188982,0.9874121075112704,4
2023-12-11,MSFT,368.4800109863281,371.6000061035156,366.1000061035156,371.2999877929688,27708800,374.3800048828125,374.2300109863281,370.9500122070313,368.7999877929688,372.5199890136719,369.1400146484375,371.5599975585938,374.1910034179688,373.94750213623047,0.009351468808323724,0.00988355795796806,-0.007829471467659443,0.005851365494982774,43.019544276814536,1.202434308051755,0.9929200908466099,0
2023-12-12,MSFT,370.8500061035156,374.4200134277344,370.4599914550781,374.3800048828125,24838300,374.3699951171875,371.2999877929688,374.2300109863281,370.9500122070313,368.7999877929688,372.5199890136719,371.9320007324219,373.3590026855469,374.332502746582,0.009174621549512285,0.009551602269595267,0.008295225400225537,0.004993063255653629,51.53431202944089,1.0615302296122244,1.0001268982412213,1
2023-12-13,MSFT,376.0199890136719,377.6400146484375,370.7699890136719,374.3699951171875,30955500,365.9299926757813,374.3800048828125,371.2999877929688,374.2300109863281,370.9500122070313,368.7999877929688,373.04600219726564,372.91100158691404,374.5375030517578,0.007010956303082802,0.009147307631241249,-2.6736913014691055e-05,0.015103057235851924,45.41138692945638,1.2209672444490374,0.9995527605828376,2
2023-12-14,MSFT,373.30999755859375,373.760009765625,364.1300048828125,365.9299926757813,43277500,370.7300109863281,374.3699951171875,374.3800048828125,371.2999877929688,374.2300109863281,370.9500122070313,372.0419982910156,371.6130004882813,374.3505020141602,0.013051524003177318,0.01134058744088,-0.022544548311795753,-0.013532873341565721,37.48369165198577,1.4727762278551833,0.9775063495492243,3
2023-12-15,MSFT,366.8500061035156,372.3999938964844,366.2799987792969,370.7300109863281,78478200,372.6499938964844,365.9299926757813,374.3699951171875,374.3800048828125,371.2999877929688,374.2300109863281,371.3419982910156,371.23500061035156,374.0785018920899,0.014091442908813253,0.01203128159098614,0.013117313165416533,-0.009352536935173461,42.05008051182735,1.9116937049561455,0.991048694622051,4
2023-12-18,MSFT,369.4500122070313,373.0,368.6799926757813,372.6499938964844,21802900,373.260009765625,370.7300109863281,365.9299926757813,374.3699951171875,374.3800048828125,371.2999877929688,371.61199951171875,371.58599853515625,374.2185012817383,0.013898929272247616,0.011169988854784735,0.005178924967655485,0.003635890514136708,39.39648793819459,0.5468431782110473,0.9958085787317259,0
2023-12-19,MSFT,371.489990234375,373.260009765625,369.8399963378906,373.260009765625,20603700,370.6199951171875,372.6499938964844,370.7300109863281,365.9299926757813,374.3699951171875,374.3800048828125,371.38800048828125,371.6600006103516,374.00950164794926,0.013308177101515087,0.010807369017460699,0.0016369673396803286,-0.0029915997184146725,43.66932119728288,0.5279810452967387,0.9979960619208286,1
2023-12-20,MSFT,375.0,376.0299987792969,370.5299987792969,370.6199951171875,26316700,373.5400085449219,373.260009765625,372.6499938964844,370.7300109863281,365.9299926757813,374.3699951171875,370.63800048828125,371.8420013427734,373.8870010375977,0.013611484574792712,0.010536624362094647,-0.007072856934487004,-0.010016828402143019,41.12989967026954,0.6908031856530116,0.9912620500008191,2
2023-12-21,MSFT,372.55999755859375,374.4100036621094,370.0400085449219,373.5400085449219,17708000,374.5799865722656,370.6199951171875,373.260009765625,372.6499938964844,370.7300109863281,365.9299926757813,372.1600036621094,372.1010009765625,373.671501159668,0.007543915053802532,0.01066993895708069,0.007878726097363176,0.020796370949246468,48.92817761531742,0.5369005424187205,0.9996481063866576,3
2023-12-22,MSFT,373.6799926757813,375.1799926757813,372.7099914550781,374.5799865722656,17091100,374.6600036621094,373.5400085449219,370.6199951171875,373.260009765625,372.6499938964844,370.7300109863281,372.92999877929685,372.13599853515626,373.5290008544922,0.005650119426951482,0.010325715140327393,0.0027841141606086417,0.010384850084552477,56.6470699225652,0.8254783505791983,1.0028136656467614,4
2023-12-26,MSFT,375.0,376.9400024414063,373.5,374.6600036621094,12673100,374.0700073242188,374.5799865722656,373.5400085449219,370.6199951171875,373.260009765625,372.6499938964844,373.3320007324219,372.4720001220703,373.3315017700196,0.005400376346767733,0.00994193670675372,0.00021361816624532182,0.005393827448131772,52.8442424006438,0.6712973262734578,1.003558504668883,1
2023-12-27,MSFT,373.6900024414063,375.05999755859375,372.80999755859375,374.0700073242188,14905400,375.2799987792969,374.6600036621094,374.5799865722656,373.5400085449219,370.6199951171875,373.260009765625,373.49400024414064,372.4410003662109,372.90000152587896,0.00550869407493761,0.0096158541157926,-0.0015747513268661306,0.0021700625231790838,57.63989905961224,0.8402682021279835,1.0031375859306846,2
2023-12-28,MSFT,375.3699951171875,376.4599914550781,374.1600036621094,375.2799987792969,14327000,376.0400085449219,374.0700073242188,374.6600036621094,374.5799865722656,373.5400085449219,370.6199951171875,374.4260009765625,372.53200073242186,372.72150115966804,0.0035840628055045674,0.009671535894481368,0.0032346657881858754,0.012573535490538967,56.45301986867011,0.9339074840361595,1.0068643681989593,3
2023-12-29,MSFT,376.0,377.1600036621094,373.4800109863281,376.0400085449219,18723000,370.8699951171875,375.2799987792969,374.0700073242188,374.6600036621094,374.5799865722656,373.5400085449219,374.9260009765625,373.5430023193359,372.5780014038086,0.0019943137252042835,0.00540893884661954,0.0020251805800926004,0.006692723517725652,52.916519963729165,1.2045224113351072,1.0092920331529747,4
2024-01-02,MSFT,373.8599853515625,375.8999938964844,366.7699890136719,370.8699951171875,25258600,370.6000061035156,376.0400085449219,375.2799987792969,374.0700073242188,374.6600036621094,374.5799865722656,374.1840026855469,373.5570007324219,372.3960006713868,0.006832078755819214,0.006284319812415046,-0.013748572785485358,-0.009904403833818742,49.35378473922981,1.4704536536918815,0.9959021967168067,1
2024-01-03,MSFT,369.010009765625,373.260009765625,368.510009765625,370.6000061035156,23083500,367.9400024414063,370.8699951171875,376.0400085449219,375.2799987792969,374.0700073242188,374.6600036621094,373.37200317382815,373.352001953125,372.46900024414066,0.006769533470614602,0.0060213554026752065,-0.0007279882903079571,-0.010836485130276352,43.795153865035545,1.1985513642617929,0.9949821484757121,2
2024-01-04,MSFT,370.6700134277344,373.1000061035156,367.1700134277344,367.9400024414063,20901500,367.75,370.6000061035156,370.8699951171875,376.0400085449219,375.2799987792969,374.0700073242188,372.14600219726566,372.82000122070315,372.2400009155274,0.007104233881496005,0.006306482331941925,-0.007177559682409518,-0.01638731992083886,40.289967279598145,1.021642605206973,0.9884483170439899,3
2024-01-05,MSFT,368.9700012207031,372.05999755859375,366.5,367.75,20987000,374.6900024414063,367.9400024414063,370.6000061035156,370.8699951171875,376.0400085449219,375.2799987792969,370.64000244140624,372.5330017089844,372.18750152587893,0.006408426028566664,0.00598575277693802,-0.0005163951735217553,-0.020065014932291403,53.66050669396785,0.9631164091870301,0.9880772419608765,4
2024-01-08,MSFT,369.2999877929688,375.2000122070313,369.010009765625,374.6900024414063,23134000,375.7900085449219,367.75,367.9400024414063,370.6000061035156,370.8699951171875,376.0400085449219,370.3700012207031,372.6480010986328,372.3745010375977,0.012199333403494756,0.008307745818858089,0.018871522614293257,-0.0035900597618305774,57.33330922070639,1.0203361543197789,1.00621820612678,0
2024-01-09,MSFT,372.010009765625,375.989990234375,371.1900024414063,375.7900085449219,20830000,382.7699890136719,374.6900024414063,367.75,367.9400024414063,370.6000061035156,370.8699951171875,371.35400390625,372.7690032958984,372.45250091552737,0.009762602015874656,0.008312843591062663,0.0029357764988340307,0.013266140406370086,55.99695990525351,0.9560659469780421,1.008960894667617,1
2024-01-10,MSFT,376.3699951171875,384.1700134277344,376.3200073242188,382.7699890136719,25514200,384.6300048828125,375.7900085449219,374.6900024414063,367.75,367.9400024414063,370.6000061035156,373.7880004882812,373.5800018310547,373.0260009765625,0.011703010289127935,0.010111545342358894,0.018574151281394835,0.032838593388357706,64.60825483616622,1.1455039971553436,1.0261214714566815,2
2024-01-11,MSFT,386.0,390.6799926757813,380.3800048828125,384.6300048828125,27850800,388.4700012207031,382.7699890136719,375.7900085449219,374.6900024414063,367.75,367.9400024414063,377.1260009765625,374.63600158691406,373.5385009765625,0.009132054168159875,0.010049917577350301,0.0048593565914965,0.045360662963152665,72.0491047414125,1.1769667669630481,1.0296930674542326,3
2024-01-12,MSFT,385.489990234375,388.6799926757813,384.6499938964844,388.4700012207031,21645700,390.2699890136719,384.6300048828125,382.7699890136719,375.7900085449219,374.6900024414063,367.75,381.27000122070314,375.9550018310547,374.2435012817383,0.007468112412363364,0.01030330303081641,0.00998361097455347,0.056342627384644794,72.83571667292149,0.9096765951080356,1.0380140199903025,4
2024-01-16,MSFT,393.6600036621094,394.0299987792969,387.6199951171875,390.2699890136719,27202300,389.4700012207031,388.4700012207031,384.6300048828125,382.7699890136719,375.7900085449219,374.6900024414063,384.38599853515626,377.3779998779297,375.4605010986328,0.006371732391090536,0.010294608492293451,0.004633530999337276,0.041581004218819384,73.45290988878658,1.1053981128548556,1.0394435310018102,1
2024-01-17,MSFT,387.9800109863281,390.1099853515625,384.80999755859375,389.4700012207031,22234100,393.8699951171875,390.2699890136719,388.4700012207031,384.6300048828125,382.7699890136719,375.7900085449219,387.1219970703125,379.2380004882813,376.3975006103516,0.007660688095288265,0.008609581702573648,-0.0020498316946956363,0.03640329004156029,71.67106374845723,0.8933153122893182,1.0347305723049534,2
2024-01-18,MSFT,391.7200012207031,393.989990234375,390.1199951171875,393.8699951171875,23392100,398.6700134277344,389.4700012207031,390.2699890136719,388.4700012207031,384.6300048828125,382.7699890136719,389.3419982910156,381.56499938964845,377.45850067138673,0.005281429000221045,0.008569886906274875,0.011297388457887969,0.028999154641455416,76.06634804520264,0.9561455139995912,1.0434789371986843,3
2024-01-19,MSFT,395.760009765625,398.6700134277344,393.5,398.6700134277344,29272000,396.510009765625,393.8699951171875,389.4700012207031,390.2699890136719,388.4700012207031,384.6300048828125,392.15,384.63800048828125,378.7290008544922,0.005948759594302208,0.007323103038966969,0.012186808769524937,0.03650263465326775,78.1332818467059,1.182743389291954,1.0526524573725569,4
2024-01-22,MSFT,400.0199890136719,400.6199951171875,393.5899963378906,396.510009765625,27016900,398.8999938964844,398.6700134277344,393.8699951171875,389.4700012207031,390.2699890136719,388.4700012207031,393.75800170898435,387.5140014648438,380.02350158691405,0.007840475887080617,0.008086497518467146,-0.00541802390287105,0.020696600817714295,73.8189441926762,1.0462145303421537,1.0433828647698526,0
2024-01-23,MSFT,395.75,399.3800048828125,393.9299926757813,398.8999938964844,20525900,402.55999755859375,396.510009765625,398.6700134277344,393.8699951171875,389.4700012207031,390.2699890136719,395.4840026855469,389.93500061035155,381.2915008544922,0.007887503028769815,0.007048472417636145,0.006027550558615369,0.022112909333928288,84.87188151365471,0.8381955390759631,1.0461811842187165,1
2024-01-24,MSFT,401.5400085449219,405.6300048828125,400.4500122070313,402.55999755859375,24867000,404.8699951171875,398.8999938964844,396.510009765625,398.6700134277344,393.8699951171875,389.4700012207031,398.102001953125,392.61199951171875,382.6905014038086,0.007152899521921458,0.006993224949670972,0.009175241208600138,0.03360976788164183,86.66819791474823,0.9940922926365933,1.0519205365220685,2
2024-01-25,MSFT,404.3200073242188,407.010009765625,402.5299987792969,404.8699951171875,21021200,403.9299926757813,402.55999755859375,398.8999938964844,396.510009765625,398.6700134277344,393.8699951171875,400.302001953125,394.82200012207034,384.2010009765625,0.006666152002455439,0.005670852976653252,0.005738269009845087,0.027927996893307938,92.71340430338272,0.8565886734635665,1.0537973458894916,3
2024-01-26,MSFT,404.3699951171875,406.1700134277344,402.4299926757813,403.9299926757813,17803300,409.7200012207031,404.8699951171875,402.55999755859375,398.8999938964844,396.510009765625,398.6700134277344,401.3539978027344,396.75199890136724,385.6940002441406,0.006191420468858907,0.006210196994315623,-0.002321738960018749,0.013193817119130813,91.13234281844335,0.800261250351735,1.047280985496527,4
2024-01-29,MSFT,406.05999755859375,409.9800109863281,404.3299865722656,409.7200012207031,24510200,408.5899963378906,403.9299926757813,404.8699951171875,402.55999755859375,398.8999938964844,396.510009765625,403.99599609375,398.8769989013672,387.41600036621094,0.006064585873311531,0.0067342161563373965,0.01433418822545618,0.03331565693104821,90.89424441003735,1.127137911625015,1.0575711917768214,0
2024-01-30,MSFT,412.260009765625,413.0499877929688,406.4500122070313,408.5899963378906,33477600,397.5799865722656,409.7200012207031,403.9299926757813,404.8699951171875,402.55999755859375,398.8999938964844,405.9339965820312,400.70899963378906,389.0434997558594,0.007395279076507343,0.007211584783198513,-0.0027579929694567795,0.024291808948788463,88.26411456271424,1.3756489394662856,1.0502424448533325,1
2024-01-31,MSFT,406.9599914550781,415.3200073242188,397.2099914550781,397.5799865722656,47871100,403.7799987792969,408.5899963378906,409.7200012207031,403.9299926757813,404.8699951171875,402.55999755859375,404.9379943847656,401.51999816894534,390.3789993286133,0.015402286488252787,0.012284072257881242,-0.026946351756786724,-0.012370854075244408,65.79227226695619,1.6543397514849665,1.0184461440191117,2
2024-02-01,MSFT,401.8299865722656,408.0,401.7999877929688,403.7799987792969,30657700,411.2200012207031,397.5799865722656,408.5899963378906,409.7200012207031,403.9299926757813,404.8699951171875,404.7199951171875,402.51099853515626,392.03799896240236,0.0172255370024212,0.012708154536538776,0.015594377022054351,-0.0026922131820984463,68.69021060877287,0.9933164808945574,1.0299511778143235,3
2024-02-02,MSFT,403.80999755859375,412.6499938964844,403.55999755859375,411.2200012207031,28245000,405.6499938964844,403.7799987792969,397.5799865722656,408.5899963378906,409.7200012207031,403.9299926757813,406.17799682617186,403.7659973144531,394.2019989013672,0.01905461751975757,0.013369191331363654,0.018425881578826964,0.01804770301068781,70.74593553629775,0.8571475392324425,1.0431707661725835,4
2024-02-05,MSFT,409.8999938964844,411.1600036621094,403.989990234375,405.6499938964844,25352300,405.489990234375,411.2200012207031,403.7799987792969,397.5799865722656,408.5899963378906,409.7200012207031,405.36399536132814,404.67999572753905,396.0969985961914,0.019253855248619594,0.014173129434937684,-0.013545078808628541,-0.009933631045818458,63.12286285950572,0.7654508927034843,1.0241178179439627,0
2024-02-06,MSFT,405.8800048828125,407.9700012207031,402.9100036621094,405.489990234375,18382600,414.0499877929688,405.6499938964844,411.2200012207031,403.7799987792969,397.5799865722656,408.5899963378906,404.743994140625,405.3389953613281,397.63699798583986,0.019254876015089385,0.014134551429919035,-0.00039443772837877145,-0.00758708272669506,63.8198537832338,0.6106823060726723,1.0197491488174217,1
2024-02-07,MSFT,407.4400024414063,414.2999877929688,407.3999938964844,414.0499877929688,22340500,414.1099853515625,405.489990234375,405.6499938964844,411.2200012207031,403.7799987792969,397.5799865722656,408.0379943847656,406.4879943847656,399.5499969482422,0.014770119291730697,0.015289729758783214,0.02111025614626416,0.04142562950086903,66.24273537864465,0.8937765896585081,1.036290804543805,2
2024-02-08,MSFT,414.0499877929688,415.55999755859375,412.5299987792969,414.1099853515625,21225300,420.5499877929688,414.0499877929688,405.489990234375,405.6499938964844,411.2200012207031,403.7799987792969,410.10399169921874,407.4119934082031,401.1169967651367,0.014459223176825452,0.015277631707817397,0.00014490414288736986,0.025583205219414262,63.45413244876026,0.9184807396553918,1.032392017020494,3
2024-02-09,MSFT,415.25,420.8200073242188,415.0899963378906,420.5499877929688,22032800,415.260009765625,414.1099853515625,414.0499877929688,405.489990234375,405.6499938964844,411.2200012207031,411.96998901367186,409.07399291992186,402.91299591064455,0.013843364972468146,0.015707914124612418,0.015551429980465326,0.02268855246478707,69.49397072768997,1.0075960250060594,1.0437736981962122,4
2024-02-12,MSFT,420.55999755859375,420.739990234375,414.75,415.260009765625,21202900,406.3200073242188,420.5499877929688,414.1099853515625,414.0499877929688,405.489990234375,405.6499938964844,413.8919921875,409.62799377441405,404.25249633789065,0.013530372827089748,0.016070819995073832,-0.01257871401948063,0.023690412951399953,62.67039091885003,1.0078947293364682,1.027229302298566,0
2024-02-13,MSFT,404.9400024414063,410.0700073242188,403.3900146484375,406.3200073242188,27824900,409.489990234375,415.260009765625,420.5499877929688,414.1099853515625,414.0499877929688,405.489990234375,414.05799560546876,409.4009948730469,405.054997253418,0.01808149701130402,0.017638063881902442,-0.02152868619940551,0.002046948407688376,52.691873081181846,1.2137212718885004,1.0031230575585501,1
2024-02-14,MSFT,408.0700073242188,409.8399963378906,404.5700073242188,409.489990234375,20401200,406.55999755859375,406.3200073242188,415.260009765625,420.5499877929688,414.1099853515625,414.0499877929688,413.14599609375,410.5919952392578,406.0559967041016,0.015016082632839997,0.015066093350237687,0.0078016904238404905,-0.011013157089800218,53.26732271534745,0.9052145276611077,1.00845694573691,2
2024-02-15,MSFT,408.1400146484375,409.1300048828125,404.2900085449219,406.55999755859375,21825500,404.05999755859375,409.489990234375,406.3200073242188,415.260009765625,420.5499877929688,414.1099853515625,411.63599853515626,410.8699951171875,406.69049682617185,0.0150952715286631,0.014675325722836061,-0.0071552241706915876,-0.01823184192614702,51.809055437116285,0.9632809679460981,0.9996791189649217,3
2024-02-16,MSFT,407.9599914550781,408.2900085449219,403.4400024414063,404.05999755859375,22281100,402.7900085449219,406.55999755859375,409.489990234375,406.3200073242188,415.260009765625,420.5499877929688,408.33800048828124,410.15399475097655,406.95999603271486,0.010698040284917859,0.013394388755081038,-0.0061491539133524675,-0.03921053552019804,45.92218720469074,0.9812384837883448,0.9928739962099666,4
2024-02-20,MSFT,403.239990234375,404.489990234375,398.010009765625,402.7900085449219,24307900,402.1799926757813,404.05999755859375,406.55999755859375,409.489990234375,406.3200073242188,415.260009765625,405.8440002441406,409.8679962158203,407.2739959716797,0.010501660631217763,0.012758912351529586,-0.003143070388915925,-0.030029381417539525,45.82974573943053,1.0419999554186106,0.9889902437398197,1
2024-02-21,MSFT,400.1700134277344,402.2900085449219,397.2200012207031,402.1799926757813,18631100,411.6499938964844,402.7900085449219,404.05999755859375,406.55999755859375,409.489990234375,406.3200073242188,405.0159973144531,409.53699645996096,407.43799591064453,0.0059456319663031875,0.012761490568839786,-0.0015144761692184039,-0.010189049453166676,53.88908297078439,0.8669918508508396,0.9870949609814584,2
2024-02-22,MSFT,410.1900024414063,412.8299865722656,408.5700073242188,411.6499938964844,27009900,410.3399963378906,402.1799926757813,402.7900085449219,404.05999755859375,406.55999755859375,409.489990234375,405.447998046875,409.2969970703125,407.8924957275391,0.0127415641955226,0.01323944339229414,0.023546674109016008,0.005274863155685594,56.30507811544952,1.1840682825466549,1.0092119816086422,3
2024-02-23,MSFT,415.6700134277344,415.8599853515625,408.9700012207031,410.3399963378906,16295900,407.5400085449219,411.6499938964844,402.1799926757813,402.7900085449219,404.05999755859375,406.55999755859375,406.20399780273436,408.9199981689453,408.1659957885742,0.012209502311974148,0.013263153685190675,-0.003182309189887045,0.009297517714472292,49.218189961728285,0.7507839142545697,1.0053262657148012,4
2024-02-26,MSFT,411.4599914550781,412.1600036621094,407.3599853515625,407.5400085449219,16193500,407.4800109863281,410.3399963378906,411.6499938964844,402.1799926757813,402.7900085449219,404.05999755859375,406.9,407.61900024414064,408.34649658203125,0.012324004444635234,0.012020708404532943,-0.006823580001845908,0.008612609531641446,51.766040421714436,0.7904026130851449,0.998024990923493,0
2024-02-27,MSFT,407.989990234375,408.3200073242188,403.8500061035156,407.4800109863281,14835800,407.7200012207031,407.5400085449219,410.3399963378906,411.6499938964844,402.1799926757813,402.7900085449219,407.83800048828124,406.84100036621095,408.2344970703125,0.012095732236569004,0.011562470089302028,-0.00014721881860868535,0.011643790416621558,51.86296844189911,0.7979136503374344,0.9981518316325569,1
2024-02-28,MSFT,408.1799926757813,409.2999877929688,405.3200073242188,407.7200012207031,13183100,413.6400146484375,407.4800109863281,407.5400085449219,410.3399963378906,411.6499938964844,402.1799926757813,408.9460021972656,406.9809997558594,408.1909973144531,0.011962446747163638,0.009262169075007922,0.0005889619807217805,0.013774948147129429,42.98071007446995,0.7531633420248588,0.9988461379676457,2
2024-02-29,MSFT,408.6400146484375,414.2000122070313,405.9200134277344,413.6400146484375,31947300,415.5,407.7200012207031,407.4800109863281,407.5400085449219,410.3399963378906,411.6499938964844,409.34400634765626,407.3960021972656,408.9939987182617,0.00810817200371957,0.01006864893013901,0.014519801358800155,0.004834254297240603,49.53879180223392,1.727710382064472,1.0113596188323932,3
2024-03-01,MSFT,411.2699890136719,415.8699951171875,410.8800048828125,415.5,17800300,414.9200134277344,413.6400146484375,407.7200012207031,407.4800109863281,407.5400085449219,410.3399963378906,410.3760070800781,408.2900024414063,409.5799987792969,0.007842950714518314,0.009679772949702996,0.004496628192858232,0.012574946893211036,44.55467438875901,0.9472275436355896,1.0144538337769105,4
2024-03-04,MSFT,413.4400024414063,417.3500061035156,412.3200073242188,414.9200134277344,17596000,402.6499938964844,415.5,413.6400146484375,407.7200012207031,407.4800109863281,407.5400085449219,411.8520080566406,409.3760040283203,409.76499938964844,0.006482900696519503,0.009333701533097682,-0.001395876226872761,0.018108663512969025,49.59193854281661,0.9225848735089789,1.0125804157157503,0
2024-03-05,MSFT,413.9599914550781,414.25,400.6400146484375,402.6499938964844,26919200,402.0899963378906,414.9200134277344,415.5,413.6400146484375,407.7200012207031,407.4800109863281,410.88600463867186,409.36200256347655,409.61499938964846,0.016447053380410758,0.01382938235495724,-0.02957201179544222,-0.011853384116075838,45.92129727295104,1.2526862355846058,0.9829962147295818,1
2024-03-06,MSFT,402.9700012207031,405.1600036621094,398.3900146484375,402.0899963378906,22344100,409.1400146484375,402.6499938964844,414.9200134277344,415.5,413.6400146484375,407.7200012207031,409.7600036621094,409.3530029296875,409.4449996948242,0.01638465632993753,0.013827881124815098,-0.00139078000020465,-0.013808507961239114,41.26946864961433,0.9580951041490684,0.9820366511682508,2
2024-03-07,MSFT,406.1199951171875,409.7799987792969,402.239990234375,409.1400146484375,18718500,406.2200012207031,402.0899963378906,402.6499938964844,414.9200134277344,415.5,413.6400146484375,408.86000366210936,409.1020050048828,409.19950103759766,0.017209674345891345,0.012784635926807068,0.017533433745569926,-0.010879024854074326,52.774211924563176,0.9053416535997469,0.9998546274152111,3
2024-03-08,MSFT,407.9599914550781,410.4200134277344,404.3299865722656,406.2200012207031,17971700,404.5199890136719,409.1400146484375,402.0899963378906,402.6499938964844,414.9200134277344,415.5,407.00400390625,408.69000549316405,408.8050018310547,0.016883990117249444,0.012935814700208102,-0.007136953911104138,-0.02233453376485406,52.30179352509797,0.8677830409610863,0.9936766903565923,4
2024-03-11,MSFT,403.760009765625,405.6799926757813,401.260009765625,404.5199890136719,16120800,415.2799987792969,406.2200012207031,409.1400146484375,402.0899963378906,402.6499938964844,414.9200134277344,404.9239990234375,408.38800354003905,408.00350189208984,0.01680613256088103,0.012828771870260445,-0.004184954462908452,-0.025065130814360792,51.82679950450061,0.78966008094104,0.9914620515209712,0
2024-03-12,MSFT,407.6199951171875,415.5700073242188,406.7900085449219,415.2799987792969,22457000,415.1000061035156,404.5199890136719,406.2200012207031,409.1400146484375,402.0899963378906,402.6499938964844,407.45,409.1680023193359,408.00450134277344,0.014898746443902227,0.015466626170150556,0.02659945134444608,0.031367204952844174,61.39130360940489,1.1503184543719478,1.0178319048259987,1
2024-03-13,MSFT,418.1000061035156,418.1799926757813,411.4500122070313,415.1000061035156,17115900,425.2200012207031,415.2799987792969,404.5199890136719,406.2200012207031,409.1400146484375,402.0899963378906,410.052001953125,409.9060028076172,408.4435012817383,0.014781142970084139,0.01548040526655936,-0.00043342486108244316,0.03235596479424019,53.57810686021677,0.9263464737903466,1.0162972474794887,2
2024-03-14,MSFT,420.239990234375,427.8200073242188,417.989990234375,425.2200012207031,34157300,416.4200134277344,415.1000061035156,415.2799987792969,404.5199890136719,406.2200012207031,409.1400146484375,413.26799926757815,411.0640014648437,409.23000183105466,0.016300577755293682,0.016643553098262355,0.024379655428537372,0.03930191620607615,63.048053126899994,1.5839568105788484,1.03907338005059,3
2024-03-15,MSFT,419.2900085449219,422.6000061035156,412.7900085449219,416.4200134277344,45049800,417.3200073242188,425.2200012207031,415.1000061035156,415.2799987792969,404.5199890136719,406.2200012207031,415.30800170898436,411.1560028076172,409.7230026245117,0.020100649842317242,0.018206413641343813,-0.020695140792310163,0.02510957652597101,57.04538410878239,1.6697380593739992,1.016345215573264,4
2024-03-18,MSFT,414.25,420.7300109863281,413.7799987792969,417.3200073242188,20106000,421.4100036621094,416.4200134277344,425.2200012207031,415.1000061035156,415.2799987792969,404.5199890136719,417.8680053710938,411.3960021972656,410.386003112793,0.01955821465823989,0.018202820436880596,0.00216126475064482,0.03164248654746782,57.70434849096686,0.7238310556859583,1.0168962980190142,0
2024-03-19,MSFT,417.8299865722656,421.6700134277344,415.5499877929688,421.4100036621094,19837900,425.2300109863281,417.3200073242188,416.4200134277344,425.2200012207031,415.1000061035156,415.2799987792969,419.09400634765626,413.2720031738281,411.31700286865237,0.016410976941816303,0.014875179298204352,0.009800623660760621,0.014761136825350185,60.10928813974892,0.7279060432137224,1.0245382532768286,1
2024-03-20,MSFT,422.0,425.9599914550781,420.6600036621094,425.2300109863281,17860100,429.3699951171875,421.4100036621094,417.3200073242188,416.4200134277344,425.2200012207031,415.1000061035156,421.12000732421876,415.58600463867185,412.46950378417966,0.016457686826127537,0.01476944227855157,0.009064823547192402,0.024403769534723452,58.83249011934924,0.6517756590524417,1.0309368500824372,2
2024-03-21,MSFT,429.8299865722656,430.8200073242188,427.1600036621094,429.3699951171875,21296200,428.739990234375,425.2300109863281,421.4100036621094,417.3200073242188,416.4200134277344,425.2200012207031,421.95000610351565,417.6090026855469,413.35550384521486,0.013092933771804597,0.014273301304054546,0.00973587005596488,0.009759639444454127,60.215047963247656,0.8576802255336287,1.0387426588565987,3
2024-03-22,MSFT,429.7000122070313,429.8599853515625,426.0700073242188,428.739990234375,17636500,422.8599853515625,429.3699951171875,425.2300109863281,421.4100036621094,417.3200073242188,416.4200134277344,424.41400146484375,419.8610015869141,414.27550354003904,0.005200754978350818,0.01384699482427228,-0.0014672773830890495,0.029585457973620333,60.17071688424393,0.911572340176996,1.0349151387681266,4
2024-03-25,MSFT,425.239990234375,427.4100036621094,421.6099853515625,422.8599853515625,18060500,421.6499938964844,428.739990234375,429.3699951171875,425.2300109863281,421.4100036621094,417.3200073242188,425.5219970703125,421.69500122070315,415.04150238037107,0.010334866540152338,0.01487690447073196,-0.01371461728960277,0.013275131625883452,66.41753488448195,0.9536525041397722,1.018837834111409,0
2024-03-26,MSFT,425.6099853515625,425.989990234375,421.3500061035156,421.6499938964844,16725600,421.4299926757813,422.8599853515625,428.739990234375,429.3699951171875,425.2300109863281,421.4100036621094,425.5699951171875,422.3320007324219,415.75000152587893,0.00968600775367148,0.012795190740311572,-0.0028614470439243256,0.0005694934441267119,65.72346762046345,0.913179782679198,1.0141912022825048,1
2024-03-27,MSFT,424.4400024414063,424.4500122070313,419.010009765625,421.4299926757813,16705000,420.7200012207031,421.6499938964844,422.8599853515625,428.739990234375,429.3699951171875,425.2300109863281,424.80999145507815,422.9649993896484,416.4355010986328,0.00833516400253511,0.012796778719138617,-0.0005217626559650412,-0.00893638316292078,61.09804868262383,0.9237059269794015,1.0119934337105556,2
2024-03-28,MSFT,420.9599914550781,421.8699951171875,419.1199951171875,420.7200012207031,21871200,424.5700073242188,421.4299926757813,421.6499938964844,422.8599853515625,428.739990234375,429.3699951171875,423.0799926757812,422.51499938964844,416.7895004272461,0.005466510558627608,0.00998412221643355,-0.001684719804991186,-0.02014578101602915,63.63808062936509,1.2017301327050467,1.0094304218062786,3
2024-04-01,MSFT,423.9500122070313,427.8900146484375,422.2200012207031,424.5700073242188,16316000,421.4400024414063,420.7200012207031,421.4299926757813,421.6499938964844,422.8599853515625,428.739990234375,422.24599609375,423.3299987792969,417.24300079345704,0.008132903042209164,0.0076325172909768434,0.00915099375438544,-0.009726134732327196,68.12514035280353,0.9096961026246038,1.017560525920934,0
2024-04-02,MSFT,420.1099853515625,422.3800048828125,417.8399963378906,421.4400024414063,17912000,420.4500122070313,424.5700073242188,420.7200012207031,421.4299926757813,421.6499938964844,422.8599853515625,421.96199951171883,423.74199829101565,417.5690002441406,0.006066803374965591,0.008181142210837409,-0.007372176151911547,-0.0033580451197708916,56.45974051077307,1.0003373178539436,1.009270329442565,1
2024-04-03,MSFT,419.7300109863281,423.260009765625,419.0899963378906,420.4500122070313,16502300,417.8800048828125,421.4400024414063,424.5700073242188,420.7200012207031,421.4299926757813,421.6499938964844,421.7220031738282,423.6459991455078,418.459001159668,0.006024455327499798,0.007613585858539938,-0.0023490656526194975,-0.00284591890625685,55.51661223762827,0.9239137128876398,1.0047579596611511,2
2024-04-04,MSFT,424.989990234375,428.6700134277344,417.5700073242188,417.8800048828125,19370900,425.5199890136719,420.4500122070313,421.4400024414063,424.5700073242188,420.7200012207031,421.4299926757813,421.0120056152344,422.91099853515624,419.2485015869141,0.0065154806161926765,0.007053187678142912,-0.00611251575598315,-0.008423671439303337,41.03566026920193,1.0530822290165311,0.9967358340007857,3
2024-04-05,MSFT,420.010009765625,426.510009765625,418.3200073242188,425.5199890136719,16544300,424.5899963378906,417.8800048828125,420.4500122070313,421.4400024414063,424.5700073242188,420.7200012207031,421.9720031738281,422.5259979248047,420.06750030517577,0.011048945165517448,0.00887749072510539,0.018282722412147567,0.011408984072641681,61.437886936041885,0.9547120162039575,1.0129800298869465,4
2024-04-08,MSFT,425.1700134277344,427.2799987792969,423.2999877929688,424.5899963378906,14272400,426.2799987792969,425.5199890136719,417.8800048828125,420.4500122070313,421.4400024414063,424.5700073242188,421.9760009765625,422.1109985351562,420.98600006103516,0.010443306504248935,0.008885807043293528,-0.0021855440397451353,4.708060703051409e-05,59.13086540134742,0.8435035146964784,1.008560845910156,0
2024-04-09,MSFT,426.4400024414063,427.739990234375,421.6199951171875,426.2799987792969,12512300,423.260009765625,424.5899963378906,425.5199890136719,417.8800048828125,420.4500122070313,421.4400024414063,422.9440002441406,422.4529998779297,422.0740005493164,0.009627727265401696,0.007747493638996521,0.003980316201471101,0.01148442556438023,56.50895297140758,0.7898959877377144,1.0099650730073553,1
2024-04-10,MSFT,422.1900024414063,424.0299987792969,419.7000122070313,423.260009765625,16216600,427.9299926757813,426.2799987792969,424.5899963378906,425.5199890136719,417.8800048828125,420.4500122070313,423.50599975585936,422.61400146484374,422.47300109863284,0.010403876464090087,0.008079225493722657,-0.0070845196169653235,0.0066833094946137095,47.30947329812819,1.0274530674827191,1.0018628614490053,2
2024-04-11,MSFT,425.8200073242188,429.3699951171875,422.3599853515625,427.9299926757813,17966400,421.8999938964844,423.260009765625,426.2799987792969,424.5899963378906,425.5199890136719,417.8800048828125,425.5159973144531,423.2640014648438,423.11450042724607,0.01014088308841414,0.008731119195406093,0.011033366730635041,0.024049937004732236,48.06138362960793,1.158943131386108,1.0113810617307437,3
2024-04-12,MSFT,424.0499877929688,425.1799926757813,419.7699890136719,421.8999938964844,19232100,413.6400146484375,427.9299926757813,423.260009765625,426.2799987792969,424.5899963378906,425.5199890136719,424.7919982910156,423.3820007324219,422.94850006103513,0.009710404344049553,0.010029260242545792,-0.01409108705279638,-0.008507226947383595,41.960502141757026,1.1990117182337112,0.997520960201066,4
2024-04-15,MSFT,426.6000061035156,426.8200073242188,413.4299926757813,413.6400146484375,20273500,414.5799865722656,421.8999938964844,427.9299926757813,423.260009765625,426.2799987792969,424.5899963378906,422.602001953125,422.28900146484375,422.8095001220703,0.012620598719659855,0.011259496262866825,-0.01957805017194081,-0.02578954234413733,39.737325535892914,1.175944798720199,0.9783129625257109,0
2024-04-16,MSFT,414.5700073242188,418.3999938964844,413.7300109863281,414.5799865722656,16765600,411.8399963378906,413.6400146484375,421.8999938964844,427.9299926757813,423.260009765625,426.2799987792969,420.2619995117187,421.6029998779297,422.67249908447263,0.012331580025685313,0.011213294474006388,0.002272439538101745,-0.027446777330711325,42.082841223494455,0.9267452478712984,0.9808539412198907,1
2024-04-17,MSFT,417.25,418.8800048828125,410.3299865722656,411.8399963378906,15855500,404.2699890136719,414.5799865722656,413.6400146484375,421.8999938964844,427.9299926757813,423.260009765625,417.9779968261719,420.74199829101565,422.1939987182617,0.012318032325948644,0.011325977571460602,-0.0066090750232039586,-0.026981082937785894,39.83462113022049,0.8799508508420734,0.9754757234546091,2
2024-04-18,MSFT,410.6300048828125,411.8900146484375,403.9500122070313,404.2699890136719,21029900,399.1199951171875,411.8399963378906,414.5799865722656,413.6400146484375,421.8999938964844,427.9299926757813,413.24599609375,419.38099670410156,421.14599761962893,0.009119612859843989,0.01243045260338948,-0.018380942578505644,-0.05528942599738573,34.77693831857634,1.1287391338885275,0.9599283652193243,3
2024-04-19,MSFT,404.0299987792969,405.4800109863281,397.7699890136719,399.1199951171875,30276500,400.9599914550781,404.2699890136719,411.8399963378906,414.5799865722656,413.6400146484375,421.8999938964844,408.68999633789065,416.7409973144531,419.6334976196289,0.009034973712231373,0.010119617201204788,-0.012738996305536321,-0.05399383528999546,27.001571936791606,1.4527931593746701,0.9511156697003356,4
2024-04-22,MSFT,400.0799865722656,402.8500061035156,395.75,400.9599914550781,20286900,407.5700073242188,399.1199951171875,404.2699890136719,411.8399963378906,414.5799865722656,413.6400146484375,406.15399169921875,414.37799682617185,418.24449768066404,0.009745994978658964,0.010644055834441042,0.004610133194029364,-0.030654730549065534,31.05102330669159,0.9733251834679276,0.9586736793396314,0
2024-04-23,MSFT,404.239990234375,408.2000122070313,403.05999755859375,407.5700073242188,15734500,409.05999755859375,400.9599914550781,399.1199951171875,404.2699890136719,411.8399963378906,414.5799865722656,404.7519958496094,412.5069976806641,417.47999877929686,0.013977760210261094,0.012478772229564356,0.016485474885294726,-0.016908629155027777,39.20547782638412,0.7624538079320975,0.9762623563187346,1
2024-04-24,MSFT,409.55999755859375,412.4700012207031,406.7799987792969,409.05999755859375,15065300,399.0400085449219,407.5700073242188,400.9599914550781,399.1199951171875,404.2699890136719,411.8399963378906,404.19599609375,411.0869964599609,416.85049896240236,0.014128149404353132,0.012683348789616616,0.003655789698945311,-0.0067501913461947005,42.471813647602104,0.7356599223971146,0.9813110421525217,2
2024-04-25,MSFT,394.0299987792969,399.8900146484375,388.0299987792969,399.0400085449219,40586500,406.3200073242188,409.05999755859375,407.5700073242188,400.9599914550781,399.1199951171875,404.2699890136719,403.15,408.197998046875,415.7309997558594,0.016105278102586825,0.013178033283242036,-0.024495157369272214,-0.012936850646544373,28.28082025136999,1.6640672342777392,0.9598514635166986,3
2024-04-26,MSFT,412.1700134277344,413.0,405.760009765625,406.3200073242188,29694700,402.25,399.0400085449219,409.05999755859375,407.5700073242188,400.9599914550781,399.1199951171875,404.5900024414062,406.63999938964844,415.01100006103513,0.017108383532147158,0.015048235677632048,0.01824378163443585,0.018039718117648595,36.428454518951966,1.223334176499717,0.9790584039084792,4
2024-04-29,MSFT,405.25,406.3200073242188,399.1900024414063,402.25,19582100,389.3299865722656,406.3200073242188,399.0400085449219,409.05999755859375,407.5700073242188,400.9599914550781,404.84800415039064,405.50099792480466,413.8949996948242,0.018133664114837675,0.014204074804058914,-0.010016753423050528,0.0032172999112465295,32.75934172330612,0.8114369678882773,0.9718648456651798,0
2024-04-30,MSFT,401.489990234375,402.1600036621094,389.1700134277344,389.3299865722656,28781400,394.9400024414063,402.25,406.3200073242188,399.0400085449219,409.05999755859375,407.5700073242188,401.2,402.9759979248047,412.2894989013672,0.02048180198262498,0.016794441522335484,-0.03211936215720168,-0.044753098668134816,28.684476206507497,1.0762620596814,0.9443121583492132,1
2024-05-01,MSFT,392.6099853515625,401.7200012207031,390.30999755859375,394.9400024414063,23562500,397.8399963378906,389.3299865722656,402.25,406.3200073242188,399.0400085449219,409.05999755859375,398.3760009765625,401.28599853515624,411.0139984130859,0.02259184710729448,0.018000658351149338,0.01440941120033501,-0.03451815186393259,29.516948195509684,0.8284566463582715,0.9608918527501719,2
2024-05-02,MSFT,397.6600036621094,399.9299926757813,394.6499938964844,397.8399963378906,17709400,406.6600036621094,394.9400024414063,389.3299865722656,402.25,406.3200073242188,399.0400085449219,398.13599853515626,400.64299926757815,410.01199798583986,0.02076931197817334,0.017555228300912946,0.0073428720275419135,-0.0030072478481719678,34.45735856436414,0.7420340718728972,0.9703130598427766,3
2024-05-03,MSFT,402.2799987792969,407.1499938964844,401.8599853515625,406.6600036621094,17446700,413.5400085449219,397.8399963378906,394.9400024414063,389.3299865722656,402.25,406.3200073242188,398.20399780273436,401.3970001220703,409.06899871826175,0.021704820542987023,0.018508617410353784,0.022169735082964825,0.0008367698655293854,45.52333776848211,0.8146412892537594,0.9941110300127839,4
2024-05-06,MSFT,408.760009765625,413.9299926757813,406.3699951171875,413.5400085449219,16996600,409.3399963378906,406.6600036621094,397.8399963378906,394.9400024414063,389.3299865722656,402.25,400.4619995117188,402.6550018310547,408.51649932861335,0.0218285946733949,0.019099187904072678,0.016918321990989416,0.028067143679109785,49.38022781601871,0.8132609099243421,1.012296955507463,0
2024-05-07,MSFT,414.6600036621094,414.6700134277344,409.0899963378906,409.3399963378906,20018200,410.5400085449219,413.5400085449219,406.6600036621094,397.8399963378906,394.9400024414063,389.3299865722656,404.46400146484376,402.8320007324219,407.66949920654304,0.012536440299611588,0.018906447130330996,-0.010156241524996279,0.05139601483511935,48.53561466644835,1.045518074151759,1.0040976750397048,1
2024-05-08,MSFT,408.1700134277344,412.2300109863281,406.7099914550781,410.5400085449219,11792300,412.3200073242188,409.3399963378906,413.5400085449219,406.6600036621094,397.8399963378906,394.9400024414063,407.58400268554686,402.98000183105466,407.03349914550785,0.012609140332955219,0.01889480455010923,0.0029315781935970175,0.039499686046186255,53.96886660438751,0.7022302627817901,1.0086147931479235,2
2024-05-09,MSFT,410.5700073242188,412.7200012207031,409.1000061035156,412.3200073242188,14689700,414.739990234375,410.5400085449219,409.3399963378906,413.5400085449219,406.6600036621094,397.8399963378906,410.4800048828125,404.30800170898436,406.2529998779297,0.012710166134538958,0.01672868446336353,0.004335749847148351,0.03639656927311585,58.727851365541575,0.9074045476165473,1.014934061897665,3
2024-05-10,MSFT,412.9400024414063,415.3800048828125,411.7999877929688,414.739990234375,13402300,413.7200012207031,412.3200073242188,410.5400085449219,409.3399963378906,413.5400085449219,406.6600036621094,412.09600219726565,405.15,405.89499969482426,0.00964401719795202,0.0159486403852728,0.005869186231977519,0.019869144984760334,59.04198887991339,0.8714211219637161,1.0217913266884315,4
2024-05-13,MSFT,418.010009765625,418.3500061035156,410.8200073242188,413.7200012207031,15440200,416.55999755859375,414.739990234375,412.3200073242188,410.5400085449219,409.3399963378906,413.5400085449219,412.1320007324219,406.2970001220703,405.89899902343757,0.006538034388901058,0.015479226382327974,-0.0024593457049932876,0.00043524851782672513,54.35490193620825,1.0246646324063247,1.019268345613274,0
2024-05-14,MSFT,412.0199890136719,417.489990234375,411.5499877929688,416.55999755859375,15109300,423.0799865722656,413.7200012207031,414.739990234375,412.3200073242188,410.5400085449219,409.3399963378906,413.5760009765625,409.02000122070314,405.99799957275394,0.003656097252269953,0.009380590786098427,0.0068645371978899306,0.017638152355733627,55.21122686903144,1.072588728706956,1.026014901543738,1
2024-05-15,MSFT,417.8999938964844,423.80999755859375,417.2699890136719,423.0799865722656,22239500,420.989990234375,416.55999755859375,413.7200012207031,414.739990234375,412.3200073242188,410.5400085449219,416.08399658203126,411.83399963378906,406.5599990844727,0.006485402553163541,0.009499726664538003,0.01565198063156492,0.030545081517850736,67.55767624274614,1.374828451675919,1.0406335781311347,2
2024-05-16,MSFT,421.7999877929688,425.4200134277344,420.3500061035156,420.989990234375,17530100,420.2099914550781,423.0799865722656,416.55999755859375,413.7200012207031,414.739990234375,412.3200073242188,417.8179931640625,414.1489990234375,407.39599914550786,0.008199381648591964,0.010210318738272753,-0.004939955573941224,0.02102731557078852,61.59315503522996,1.0469306533335563,1.0333680034103914,3
2024-05-17,MSFT,422.5400085449219,422.9200134277344,418.0299987792969,420.2099914550781,15352200,425.3399963378906,420.989990234375,423.0799865722656,416.55999755859375,413.7200012207031,414.739990234375,418.9119934082031,415.5039978027344,408.4504989624024,0.008526452719927668,0.008610271970520684,-0.0018527727437477326,0.01318898912451627,64.9716473536258,0.8959943411620928,1.0287904960883845,4
2024-05-20,MSFT,420.2099914550781,426.7699890136719,419.989990234375,425.3399963378906,16272100,429.0400085449219,420.2099914550781,420.989990234375,423.0799865722656,416.55999755859375,413.7200012207031,421.2359924316406,416.6839965820312,409.669499206543,0.00884509963162743,0.007881506649136874,0.012208193491660246,0.02808661675263968,84.49895390027378,0.9405490201518557,1.0382515592732644,0
2024-05-21,MSFT,426.8299865722656,432.9700012207031,424.8500061035156,429.0400085449219,21453300,430.5199890136719,425.3399963378906,420.2099914550781,420.989990234375,423.0799865722656,416.55999755859375,423.73199462890625,418.65399780273435,410.7429992675781,0.008948805675984562,0.0065721380767422895,0.008698951988733272,0.029959696224966192,83.91011031364276,1.1553013984266622,1.044546125703835,1
2024-05-22,MSFT,430.0899963378906,432.4100036621094,427.1300048828125,430.5199890136719,18073700,427.0,429.0400085449219,425.3399963378906,420.2099914550781,420.989990234375,423.0799865722656,425.2199951171875,420.65199584960936,411.81599884033204,0.007119488972569286,0.006558409719209397,0.00344951622057188,0.017585332980848634,83.44249127444343,1.0190242824312652,1.0454183184383559,2
2024-05-23,MSFT,432.9700012207031,433.6000061035156,425.4200134277344,427.0,17211700,430.1600036621094,430.5199890136719,429.0400085449219,425.3399963378906,420.2099914550781,420.989990234375,426.4219970703125,422.1199951171875,413.21399841308596,0.008152237918887896,0.007740148783951398,-0.008176133753362347,0.014275897064153664,73.34712089972278,0.9739200796713556,1.0333628619549629,3
2024-05-24,MSFT,427.1900024414063,431.05999755859375,424.4100036621094,430.1600036621094,11845800,430.3200073242188,427.0,430.5199890136719,429.0400085449219,425.3399963378906,420.2099914550781,428.41199951171876,423.66199645996096,414.40599822998047,0.007858345565199338,0.0078064012716390725,0.007400476960443436,0.023678666403378346,70.85844550187058,0.6979893137363505,1.0380158721143462,4
2024-05-28,MSFT,429.6300048828125,430.8200073242188,426.6000061035156,430.3200073242188,15718000,429.1700134277344,430.1600036621094,427.0,430.5199890136719,429.0400085449219,425.3399963378906,429.4080017089844,425.3219970703125,415.8094985961914,0.006740503708687663,0.007607622513115388,0.00037196313173537554,0.011708306364802912,79.30172629109545,0.9322380712315768,1.0348970111962716,1
2024-05-29,MSFT,425.6900024414063,430.9400024414063,425.6900024414063,429.1700134277344,15517100,414.6700134277344,430.3200073242188,430.1600036621094,427.0,430.5199890136719,429.0400085449219,429.4340026855469,426.58299865722654,417.80149993896487,0.005932277380101139,0.007799479631717357,-0.0026724155905165636,0.00030301342584215796,76.05599536985652,0.9900365335609822,1.027210322343099,2
2024-05-30,MSFT,424.2999877929688,424.2999877929688,414.239990234375,414.6700134277344,28424800,415.1300048828125,429.1700134277344,430.3200073242188,430.1600036621094,427.0,430.5199890136719,426.2640075683594,425.74200134277345,418.7880004882812,0.015800591626391143,0.012899630736543322,-0.03378614429323723,-0.0368158877413568,52.42418919284773,1.6019856307781788,0.9901668933786414,3
2024-05-31,MSFT,416.75,416.75,404.510009765625,415.1300048828125,47995300,413.5199890136719,414.6700134277344,429.1700134277344,430.3200073242188,430.1600036621094,427.0,423.8900085449219,425.1560028076172,419.65250091552736,0.01622255414555868,0.012884617724498788,0.0011092951990325783,-0.027798583412617095,50.41928088407245,2.00815474347495,0.9892232358371547,4
2024-06-03,MSFT,415.5299987792969,416.4299926757813,408.9200134277344,413.5199890136719,17484700,416.0700073242188,415.1300048828125,414.6700134277344,429.1700134277344,430.3200073242188,430.1600036621094,420.5620056152344,424.48700256347655,419.9955001831055,0.014689312255373684,0.012909735591523835,-0.003878341363436566,-0.03868331436389938,49.787672706256174,0.6986061200304619,0.9845819510765937,0
2024-06-04,MSFT,412.4299926757813,416.4400024414063,409.6799926757813,416.0700073242188,14348900,424.010009765625,413.5199890136719,415.1300048828125,414.6700134277344,429.1700134277344,430.3200073242188,417.7120056152344,423.56000366210935,420.1220001220703,0.01568708639095775,0.012323563460849462,0.006166614379704338,-0.033114890680096876,49.476617966320546,0.5796561062867817,0.9903551996880093,1
2024-06-05,MSFT,417.80999755859375,424.0799865722656,416.2999877929688,424.010009765625,16988000,424.5199890136719,416.0700073242188,413.5199890136719,415.1300048828125,414.6700134277344,429.1700134277344,416.6800048828125,423.0570037841797,420.85550079345705,0.019585802477416012,0.013698424002708577,0.019083332856576263,-0.012023215743562798,50.964154034324196,0.6782086158204496,1.0074954680792354,2
2024-06-06,MSFT,424.010009765625,425.30999755859375,420.5799865722656,424.5199890136719,14861300,423.8500061035156,424.010009765625,416.0700073242188,413.5199890136719,415.1300048828125,414.6700134277344,418.65,422.4570037841797,421.5544998168945,0.008771207373938375,0.013633911109481135,0.0012027528508791185,0.023753768700359723,53.783493291692466,0.6653626222485678,1.0070346519799112,3
2024-06-07,MSFT,426.2000122070313,426.2799987792969,423.0,423.8500061035156,13621700,427.8699951171875,424.5199890136719,424.010009765625,416.0700073242188,413.5199890136719,415.1300048828125,420.3940002441406,422.1420043945312,422.13099975585936,0.009124308188751408,0.013423157425859845,-0.0015782128698177411,0.021005470860061548,53.91063210891383,0.8810407142653865,1.0040722106375757,4
2024-06-10,MSFT,424.7000122070313,428.0799865722656,423.8900146484375,427.8699951171875,14003000,432.6799926757813,423.8500061035156,424.5199890136719,424.010009765625,416.0700073242188,413.5199890136719,423.2640014648438,421.9130035400391,422.7875,0.00806203501030866,0.013577460297703837,0.009484461379694054,0.03470208571475175,52.78450460786927,0.9484184446831538,1.012021394003341,0
2024-06-11,MSFT,425.4800109863281,432.8200073242188,425.25,432.6799926757813,14551100,441.05999755859375,427.8699951171875,423.8500061035156,424.5199890136719,424.010009765625,416.0700073242188,426.58599853515625,422.1490020751953,423.7354995727539,0.008267910227712887,0.014076478967791437,0.01124172672420376,0.03992113120189256,53.91060188679374,0.982849060656453,1.0211086706496058,1
2024-06-12,MSFT,435.3200073242188,443.3999938964844,433.25,441.05999755859375,22366200,441.5799865722656,432.6799926757813,427.8699951171875,423.8500061035156,424.5199890136719,424.010009765625,429.99599609375,423.33800048828124,424.9604995727539,0.008364587444770283,0.015182669804177536,0.019367673626387916,0.040211286055235496,59.86154012201325,1.408392346413814,1.0378846928173935,2
2024-06-13,MSFT,440.8500061035156,443.3900146484375,439.3699951171875,441.5799865722656,15960600,442.5700073242188,441.05999755859375,432.6799926757813,427.8699951171875,423.8500061035156,424.5199890136719,433.4079956054687,426.02899780273435,425.88549957275393,0.008369387844610473,0.008256700795200899,0.0011789530144428184,0.04018655893737977,64.4528099602073,0.9913095974539953,1.0368514237166007,3
2024-06-14,MSFT,438.2799987792969,443.1400146484375,436.7200012207031,442.5700073242188,13582000,448.3699951171875,441.5799865722656,441.05999755859375,432.6799926757813,427.8699951171875,423.8500061035156,437.15199584960936,428.772998046875,426.9645004272461,0.007401806013310838,0.008184456525062991,0.002241996426600279,0.044166570605477906,62.85478194183389,0.8439914544467078,1.0365498932144404,4
2024-06-17,MSFT,442.5899963378906,450.9400024414063,440.7200012207031,448.3699951171875,20790000,446.3399963378906,442.5700073242188,441.5799865722656,441.05999755859375,432.6799926757813,427.8699951171875,441.2519958496094,432.25799865722655,428.37250061035155,0.007669652162582108,0.007539556107208764,0.013105243683446677,0.04791174944245702,66.74086142148238,1.1914053769689135,1.0466824889047341,0
2024-06-18,MSFT,449.7099914550781,450.1400146484375,444.8900146484375,446.3399963378906,17112500,445.7000122070313,448.3699951171875,442.5700073242188,441.5799865722656,441.05999755859375,432.6799926757813,443.98399658203124,435.2849975585938,429.42250061035156,0.00970823503810797,0.008543623030335597,-0.004527508087971643,0.03157068478630842,65.66890837370596,0.9526919218405702,1.039395922904584,1
2024-06-20,MSFT,446.2999877929688,446.5299987792969,441.2699890136719,445.7000122070313,19877400,449.7799987792969,446.3399963378906,448.3699951171875,442.5700073242188,441.5799865722656,441.05999755859375,444.91199951171876,437.45399780273436,430.25550079345703,0.006678229370751367,0.007769265097571803,-0.0014338489405166799,0.010520143912668312,87.90621484007161,1.138160267972172,1.035896139352297,3
2024-06-21,MSFT,447.3800048828125,450.5799865722656,446.510009765625,449.7799987792969,34486200,447.6700134277344,445.7000122070313,446.3399963378906,448.3699951171875,442.5700073242188,441.5799865722656,446.552001953125,439.97999877929686,431.21850128173827,0.007320854876538422,0.0077410739053030446,0.009154109177745173,0.018569709806559143,88.8889193341888,1.62904199508541,1.0430442975948089,4
2024-06-24,MSFT,449.7999877929688,452.75,446.4100036621094,447.6700134277344,15913700,450.9500122070313,449.7799987792969,445.7000122070313,446.3399963378906,448.3699951171875,442.5700073242188,447.57200317382814,442.36199951171875,432.252001953125,0.008263814049816359,0.008124867476298763,-0.004691149800544747,0.01152361438668259,87.90241946191436,0.7355208643388137,1.035669034278484,0
2024-06-25,MSFT,448.25,451.4200134277344,446.75,450.9500122070313,16747500,452.1600036621094,447.6700134277344,449.7799987792969,445.7000122070313,446.3399963378906,448.3699951171875,448.0880065917969,444.6700012207031,433.29150238037107,0.006619045922635788,0.00803581946253906,0.007326822616914974,0.005754214416532122,88.09532062853816,0.8041066937591046,1.0407543414298452,1
2024-06-26,MSFT,449.0,453.6000061035156,448.1900024414063,452.1600036621094,16507000,452.8500061035156,450.9500122070313,447.6700134277344,449.7799987792969,445.7000122070313,446.3399963378906,449.25200805664065,446.6180023193359,434.3835021972656,0.005803848262396654,0.007784076547824725,0.002683205282900669,0.013039403530874294,86.0436218873747,0.7971946783500335,1.0409235189065051,2
2024-06-27,MSFT,452.1799926757813,456.1700134277344,451.7699890136719,452.8500061035156,14806300,446.9500122070313,452.1600036621094,450.9500122070313,447.6700134277344,449.7799987792969,445.7000122070313,450.6820068359375,447.7970031738281,435.5675018310547,0.005427283673668403,0.005765506987459314,0.0015260138796395761,0.016042166705535266,86.1076666723715,0.7518888246782727,1.039678130714087,3
2024-06-28,MSFT,453.0700073242188,455.3800048828125,446.4100036621094,446.9500122070313,28362300,456.7300109863281,452.8500061035156,452.1600036621094,450.9500122070313,447.6700134277344,449.7799987792969,450.1160095214844,448.33400573730466,437.1815017700195,0.007863108377145048,0.007621749649306248,-0.013028583011955752,-0.006291935123718617,75.97845507779402,1.5358069588723022,1.0223442904090452,4
2024-07-01,MSFT,448.6600036621094,457.3699951171875,445.6600036621094,456.7300109863281,17662800,459.2799987792969,446.9500122070313,452.8500061035156,452.1600036621094,450.9500122070313,447.6700134277344,451.9280090332031,449.7500061035156,439.2615020751953,0.012536124546543901,0.01005260032466545,0.021881638913048285,0.020238115770191634,78.73362230471808,0.9386528693459912,1.0397679032389742,0
2024-07-02,MSFT,453.2000122070313,459.5899963378906,453.1099853515625,459.2799987792969,13979800,460.7699890136719,456.7300109863281,446.9500122070313,452.8500061035156,452.1600036621094,450.9500122070313,453.59400634765626,450.84100646972655,441.54950256347655,0.012447083584832264,0.009494993765205325,0.005583140436648648,0.01847208414852264,77.73148946486634,0.7654443473480642,1.040155171986116,1
2024-07-03,MSFT,458.1900024414063,461.0199890136719,457.8800048828125,460.7699890136719,9932800,467.55999755859375,459.2799987792969,456.7300109863281,446.9500122070313,452.8500061035156,452.1600036621094,455.3160034179688,452.2840057373047,443.78450164794924,0.012437824193840248,0.00917327040687084,0.003244187071797633,0.01904189950864521,73.9956560475384,0.5860473897857076,1.0382741788022085,2
2024-07-05,MSFT,459.6099853515625,468.3500061035156,458.9700012207031,467.55999755859375,16000300,466.239990234375,460.7699890136719,459.2799987792969,456.7300109863281,446.9500122070313,452.8500061035156,458.25800170898435,454.4700042724609,445.96200103759764,0.01320260646989877,0.009672473390831755,0.014736221339971767,0.03248314288796905,77.43984631599996,0.9309211291861574,1.048430127389206,4
2024-07-08,MSFT,466.5499877929688,467.7000122070313,464.4599914550781,466.239990234375,12962300,459.5400085449219,467.55999755859375,460.7699890136719,459.2799987792969,456.7300109863281,446.9500122070313,462.1159973144531,456.1160034179687,448.0480010986328,0.009776270334510177,0.009819568538615726,-0.0028231827596699732,0.04315913972591723,74.82695794239366,0.9188168079616661,1.040602768210403,0
2024-07-09,MSFT,467.0,467.3299865722656,458.0,459.5400085449219,17207200,466.25,466.239990234375,467.55999755859375,460.7699890136719,459.2799987792969,456.7300109863281,462.67799682617186,457.3030029296875,449.83250122070314,0.010784374802540306,0.011122958226470315,-0.014370242428336288,0.006152425921225113,61.49890137784879,1.2276406059153224,1.0215802710961872,1
2024-07-10,MSFT,461.2200012207031,466.4599914550781,458.8599853515625,466.25,18196100,454.7000122070313,459.5400085449219,466.239990234375,467.55999755859375,460.7699890136719,459.2799987792969,464.0719970703125,458.8330017089844,451.7515014648437,0.012328816045457755,0.011684648592844418,0.014601539213798809,0.015175930236954516,68.69487126144705,1.2245234438825983,1.032093968671147,2
2024-07-11,MSFT,462.9800109863281,464.7799987792969,451.5499877929688,454.7000122070313,23111200,453.5499877929688,466.25,459.5400085449219,466.239990234375,467.55999755859375,460.7699890136719,462.8580017089844,459.0870025634766,452.8525024414063,0.017511423985027395,0.01470728880842484,-0.024772091781166128,-0.01317355068986592,57.013725318589515,1.320985720834367,1.004079716366068,3
2024-07-12,MSFT,454.3299865722656,456.3599853515625,450.6499938964844,453.5499877929688,16324300,453.9599914550781,454.7000122070313,466.25,459.5400085449219,466.239990234375,467.55999755859375,460.0559997558594,459.15700073242186,453.477001953125,0.014739506332404763,0.014736569325517548,-0.0025291937171509904,-0.02996408982543297,53.07854980828691,0.9296181938495076,1.000160947169381,4
2024-07-15,MSFT,453.2999877929688,457.260009765625,451.4299926757813,453.9599914550781,14429400,449.5199890136719,453.5499877929688,454.7000122070313,466.25,459.5400085449219,466.239990234375,457.6,459.8579986572266,454.09600219726565,0.015030364602177609,0.013980654342049847,0.0009039878142307334,-0.026338364440004036,55.28303492426738,0.8082049374805362,0.9997004802034605,0
2024-07-16,MSFT,454.2200012207031,454.2999877929688,446.6600036621094,449.5199890136719,17175700,443.5199890136719,453.9599914550781,453.5499877929688,454.7000122070313,466.25,459.5400085449219,455.59599609375,459.1369964599609,454.4435012817383,0.014462259620538966,0.012382511752967363,-0.009780602971585006,-0.02180445520505858,48.82186204077153,0.9623675012634936,0.9891658429393756,1
2024-07-17,MSFT,442.5899963378906,444.8500061035156,439.1799926757813,443.5199890136719,21778000,440.3699951171875,449.5199890136719,453.9599914550781,453.5499877929688,454.7000122070313,466.25,451.04999389648435,457.5609954833984,454.2010009765625,0.010051541225810517,0.01262059783840385,-0.01334757106834128,-0.04875069380445707,43.40255251560366,1.1731484853251395,0.9764839532719528,2
2024-07-18,MSFT,444.3399963378906,444.6499938964844,434.3999938964844,440.3699951171875,20794800,437.1099853515625,443.5199890136719,449.5199890136719,453.9599914550781,453.5499877929688,454.7000122070313,448.1839904785156,455.52099609375,453.90250091552736,0.005668280148294235,0.012436901304341897,-0.007102259141666956,-0.03151532154197334,40.815413494488695,1.148856049908179,0.9701863158474681,3
2024-07-19,MSFT,433.1000061035156,441.1400146484375,432.0,437.1099853515625,20940400,442.9400024414063,440.3699951171875,443.5199890136719,449.5199890136719,453.9599914550781,453.5499877929688,444.8959899902344,452.4759948730469,453.4729995727539,0.005245738547089019,0.010454964744591852,-0.007402888030001886,-0.03624738812452721,42.46552167309259,1.100755585413112,0.9639162326387501,4
2024-07-22,MSFT,441.7900085449219,444.6000061035156,438.9100036621094,442.9400024414063,15808800,444.8500061035156,437.1099853515625,440.3699951171875,443.5199890136719,449.5199890136719,453.9599914550781,442.6919921875,450.14599609375,453.13099975585936,0.010474963265269269,0.01221518487038549,0.013337643351146067,-0.024275242799149388,38.761200348004856,0.8191283315560889,0.9775098209569775,0
2024-07-23,MSFT,443.8999938964844,448.3900146484375,443.1000061035156,444.8500061035156,13107100,428.8999938964844,442.9400024414063,437.1099853515625,440.3699951171875,443.5199890136719,449.5199890136719,441.75799560546875,448.6769958496094,452.98999938964846,0.010712951815141867,0.012058342260025908,0.0043121046904359694,-0.010388821463541698,38.115642025067515,0.7090353579121726,0.9820305231967581,1
2024-07-24,MSFT,440.4500122070313,441.4800109863281,427.5899963378906,428.8999938964844,26805800,418.3999938964844,444.8500061035156,442.9400024414063,437.1099853515625,440.3699951171875,443.5199890136719,438.83399658203126,444.94199523925784,451.8874984741211,0.018529082716930528,0.0141645757547446,-0.035854809459797354,-0.03296355402086926,28.8013991714748,1.375264347624437,0.9491300275947926,2
2024-07-25,MSFT,428.7999877929688,429.7999877929688,417.510009765625,418.3999938964844,29943800,425.2699890136719,428.8999938964844,444.8500061035156,442.9400024414063,437.1099853515625,440.3699951171875,434.43999633789065,441.31199340820314,450.19949798583986,0.020213872544556675,0.014127067702700164,-0.024481231404573478,-0.049889868665681125,18.838754056982836,1.404415703070843,0.9293657495585309,3
2024-07-26,MSFT,418.2000122070313,428.9200134277344,417.2699890136719,425.2699890136719,23583800,426.7300109863281,418.3999938964844,428.8999938964844,444.8500061035156,442.9400024414063,437.1099853515625,432.0719970703125,438.48399353027344,448.8204971313477,0.02352128847178451,0.016103905650562276,0.016419682641982014,-0.027086995801223424,25.737303111433008,1.0793570302052278,0.9475280022454418,4
2024-07-29,MSFT,431.5799865722656,432.1499938964844,424.7000122070313,426.7300109863281,15125800,422.9200134277344,425.2699890136719,418.3999938964844,428.8999938964844,444.8500061035156,442.9400024414063,428.8299987792969,435.76099548339846,447.8094970703125,0.021927239718765874,0.01624881987721599,0.0034331648373364665,-0.03659635924895377,29.284018651971138,0.6966158006674262,0.9529275591029401,0
2024-07-30,MSFT,427.7200012207031,429.0499877929688,417.3599853515625,422.9200134277344,32687600,418.3500061035156,426.7300109863281,425.2699890136719,418.3999938964844,428.8999938964844,444.8500061035156,424.4440002441406,433.1009979248047,446.11899719238284,0.020962501933303703,0.01622928274479748,-0.00892835624517585,-0.049297498875785495,21.601817372322486,1.275396654461914,0.9479982159229946,1
2024-07-31,MSFT,420.5,421.7799987792969,412.2099914550781,418.3500061035156,42891400,417.1099853515625,422.9200134277344,426.7300109863281,425.2699890136719,418.3999938964844,428.8999938964844,422.33400268554686,430.58399963378906,444.07249755859374,0.015479809333429143,0.016120290520224012,-0.010805843136103221,-0.024597780235723232,23.777262033865554,1.4868850549529786,0.9420759186923434,2
2024-08-01,MSFT,420.7900085449219,427.4599914550781,413.0899963378906,417.1099853515625,30296400,408.489990234375,418.3500061035156,422.9200134277344,426.7300109863281,425.2699890136719,418.3999938964844,422.0760009765625,428.25799865722655,441.8894973754883,0.011011821366785579,0.016133611023575516,-0.002964074898677782,-0.003083194464006178,23.746428260473735,1.0477020437804752,0.9439237362030585,3
2024-08-02,MSFT,412.489990234375,415.0,404.3399963378906,408.489990234375,29437900,395.1499938964844,417.1099853515625,418.3500061035156,422.9200134277344,426.7300109863281,425.2699890136719,418.7200012207031,425.3959991455078,438.93599700927734,0.009017192154251858,0.01685531540933591,-0.020666000383381178,-0.03945728410841942,20.70612281651684,0.9783992326463,0.9306367967486183,4
2024-08-05,MSFT,389.1700134277344,401.0400085449219,385.5799865722656,395.1499938964844,40709200,399.6099853515625,408.489990234375,417.1099853515625,418.3500061035156,422.9200134277344,426.7300109863281,412.40399780273435,420.61699829101565,435.3814971923828,0.011650951419374939,0.017078240149123583,-0.03265685000074703,-0.07400467807935718,18.57591572061429,1.1563635330710562,0.9075948253305738,0
2024-08-06,MSFT,400.0,405.6700134277344,398.5,399.6099853515625,24946500,398.4299926757813,395.1499938964844,408.489990234375,417.1099853515625,418.3500061035156,422.9200134277344,407.7419921875,416.09299621582034,432.38499603271487,0.01676035099857045,0.017905406478033056,0.011286831643597228,-0.055116871597647665,24.161485530110085,0.7412138239876778,0.9241994727340803,1
2024-08-07,MSFT,408.6400146484375,410.0799865722656,397.4700012207031,398.4299926757813,20650900,402.6900024414063,399.6099853515625,395.1499938964844,408.489990234375,417.1099853515625,418.3500061035156,403.75798950195315,413.04599609375,428.9939956665039,0.017165036781911856,0.015608767123662997,-0.002952860836905935,-0.04761566424551544,24.734956867295708,0.7070245390161249,0.9287542406199951,2
2024-08-08,MSFT,402.4400024414063,405.8599853515625,399.9400024414063,402.6900024414063,20203000,406.0199890136719,398.4299926757813,399.6099853515625,395.1499938964844,408.489990234375,417.1099853515625,400.87399291992193,411.47499694824216,426.3934951782227,0.01942117868684352,0.015248639328901938,0.010691990673231233,-0.03457117646800578,29.511929821247065,0.7430441898527005,0.9444093472230178,3
2024-08-09,MSFT,404.0299987792969,408.0499877929688,402.260009765625,406.0199890136719,19276700,406.80999755859375,402.6900024414063,398.4299926757813,399.6099853515625,395.1499938964844,408.489990234375,400.3799926757813,409.5499969482422,424.0169952392578,0.01857103588508569,0.014237189458668862,0.008269354968031717,-0.0060466627818369645,27.349693495040157,0.7662479936209269,0.9575559318903458,4
2024-08-12,MSFT,407.05999755859375,408.760009765625,404.239990234375,406.80999755859375,16762900,414.010009765625,406.0199890136719,402.6900024414063,398.4299926757813,399.6099853515625,395.1499938964844,402.71199340820317,407.55799560546876,421.6594955444336,0.006156112707775391,0.014152275855265828,0.0019457380579734895,0.029507791578414988,26.337402468513304,0.8230017674783975,0.9647832003245495,0
2024-08-13,MSFT,409.5899963378906,414.9500122070313,409.5700073242188,414.010009765625,19414300,416.8599853515625,406.80999755859375,406.0199890136719,402.6900024414063,398.4299926757813,399.6099853515625,405.59199829101567,406.6669952392578,419.8839965820313,0.007972204729697965,0.0156855706534155,0.017698710086381908,0.0360351966715593,39.606326419058135,1.0079297834650984,0.9860104532103579,1
2024-08-14,MSFT,414.7999877929688,417.7200012207031,412.4500122070313,416.8599853515625,18267000,421.0299987792969,414.010009765625,406.80999755859375,406.0199890136719,402.6900024414063,398.4299926757813,409.2779968261719,406.5179931640625,418.5509963989258,0.005771851114488511,0.015581194516810387,0.00688383256132119,0.04625653945379171,48.79649243476141,0.9724361956860821,0.9959598446499657,2
2024-08-15,MSFT,419.7999877929688,421.1099853515625,417.6600036621094,421.0299987792969,20752100,418.4700012207031,416.8599853515625,414.010009765625,406.80999755859375,406.0199890136719,402.6900024414063,412.94599609375,406.9099945068359,417.58399658203126,0.005732387175883386,0.015866869054155474,0.010003391004818063,0.04554370912289829,46.5404795958614,1.0983085114265452,1.0082522372156775,3
2024-08-16,MSFT,420.6000061035156,421.3399963378906,417.2999877929688,418.4700012207031,22775600,421.5299987792969,421.0299987792969,416.8599853515625,414.010009765625,406.80999755859375,406.0199890136719,415.4359985351563,407.9079956054687,416.6519973754883,0.008888174305973573,0.014235278294192024,-0.006080321036543768,0.03066354500741597,43.37928092411797,1.162353695294263,1.004363362846372,4
2024-08-19,MSFT,418.9599914550781,421.75,416.4599914550781,421.5299987792969,15234000,424.7999877929688,418.4700012207031,421.0299987792969,416.8599853515625,414.010009765625,406.80999755859375,418.3799987792969,410.54599609375,415.5814971923828,0.008581299394351549,0.007074769403441195,0.007312346284482851,0.03618397116354788,48.8722906552737,0.7897929346868098,1.0143136824596413,0
2024-08-20,MSFT,421.7000122070313,425.8599853515625,421.6400146484375,424.7999877929688,16387600,424.1400146484375,421.5299987792969,418.4700012207031,421.0299987792969,416.8599853515625,414.010009765625,420.5379943847656,413.06499633789065,414.5789962768555,0.006406108566945152,0.0068955268709207955,0.007757428944894729,0.02606211872377706,55.345585218825754,0.8771274392156401,1.0246539057885309,1
2024-08-21,MSFT,424.0799865722656,426.3999938964844,421.7200012207031,424.1400146484375,16067300,415.5499877929688,424.7999877929688,421.5299987792969,418.4700012207031,421.0299987792969,416.8599853515625,421.99400024414064,415.63599853515626,414.34099731445315,0.006933155090695496,0.006701691815810044,-0.0015536091419403597,0.017463967645480194,55.88287571390775,0.880722368516257,1.023649644610349,2
2024-08-22,MSFT,424.3599853515625,426.7900085449219,414.6099853515625,415.5499877929688,19361900,416.7900085449219,424.1400146484375,424.7999877929688,421.5299987792969,418.4700012207031,421.0299987792969,420.897998046875,416.9219970703125,414.19849700927733,0.01151470244059631,0.010508080639722714,-0.02025280935256446,-0.013015725725521676,55.910918471217855,1.077739951729113,1.0032629060545848,3
2024-08-23,MSFT,416.9800109863281,419.260009765625,412.0899963378906,416.7900085449219,18493800,413.489990234375,415.5499877929688,424.1400146484375,424.7999877929688,421.5299987792969,418.4700012207031,420.56199951171874,417.9989990234375,413.77449798583984,0.01153609814715273,0.010356510617269346,0.0029840471384416922,-0.004014607190194308,72.72156327944164,1.0809449106080338,1.007287811534449,4
2024-08-26,MSFT,416.3699951171875,417.2799987792969,411.3399963378906,413.489990234375,13152800,413.8399963378906,416.7900085449219,415.5499877929688,424.1400146484375,424.7999877929688,421.5299987792969,418.95399780273436,418.6669982910156,413.1124969482422,0.010866163779010323,0.010889135514394464,-0.007917700143695305,-0.019073395886899713,64.93757890491477,0.7879381860791677,1.0009137784233626,0
2024-08-27,MSFT,412.8599853515625,414.3599853515625,410.25,413.8399963378906,13492900,410.6000061035156,413.489990234375,416.7900085449219,415.5499877929688,424.1400146484375,424.7999877929688,416.7619995117187,418.6499969482422,412.65849609375,0.009364898161023977,0.009327226447629577,0.0008464681413864472,-0.02580035727406771,66.88581164455707,0.837353711801233,1.0028631429022419,1
2024-08-28,MSFT,414.8800048828125,415.0,407.30999755859375,410.6000061035156,14882700,413.1199951171875,413.8399963378906,413.489990234375,416.7900085449219,415.5499877929688,424.1400146484375,414.0539978027344,418.0239990234375,412.27099609375,0.009176218719182267,0.009280715093289926,-0.007829089172254888,-0.03192344055569707,58.86572612450149,0.9373854462039628,0.9959468650327893,2
2024-08-29,MSFT,414.9400024414063,422.0499877929688,410.6000061035156,413.1199951171875,17045200,417.1400146484375,410.6000061035156,413.8399963378906,413.489990234375,416.7900085449219,415.5499877929688,413.5679992675781,417.2329986572266,412.0714965820313,0.006414695717126382,0.008818542025269046,0.006137333113035881,-0.005847654306735173,58.10502641023551,1.1058631795026173,1.0025444578036897,3
2024-08-30,MSFT,415.6000061035156,417.489990234375,412.1300048828125,417.1400146484375,24308300,409.4400024414063,413.1199951171875,410.6000061035156,413.8399963378906,413.489990234375,416.7900085449219,413.63800048828125,417.1,412.5039978027344,0.008013591098202922,0.0093774262530138,0.00973087620731028,0.0008397660604617663,60.98236301814312,1.4664420096547015,1.0112387197951962,4
2024-09-03,MSFT,417.9100036621094,419.8800048828125,407.0299987792969,409.4400024414063,20313600,408.8999938964844,417.1400146484375,413.1199951171875,410.6000061035156,413.8399963378906,413.489990234375,412.8280029296875,415.89100036621096,413.21849822998047,0.01136633792329368,0.01052996709618068,-0.018459059156721525,-0.009794645308519034,45.192505252127866,1.1279981608725638,0.9908559374646602,1
2024-09-04,MSFT,405.9100036621094,411.239990234375,404.3699951171875,408.8999938964844,15135800,408.3900146484375,409.4400024414063,417.1400146484375,413.1199951171875,410.6000061035156,413.8399963378906,411.8400024414062,414.3010009765625,413.68299865722656,0.011275723370325907,0.009884942357505255,-0.0013188954222889127,-0.011936986480574174,41.19860626237118,0.8254186044482449,0.9884379953339457,2
2024-09-05,MSFT,407.6199951171875,413.1000061035156,406.1300048828125,408.3900146484375,14195500,401.7000122070313,408.8999938964844,409.4400024414063,417.1400146484375,413.1199951171875,410.6000061035156,411.39800415039065,412.7260009765625,414.1809997558594,0.010852071803097397,0.009893024372614068,-0.001247197984003856,-0.005382346376587632,34.79309962484551,0.7799862415163343,0.9860182260633988,3
2024-09-06,MSFT,409.05999755859375,410.6499938964844,400.7999877929688,401.7000122070313,19609500,405.7200012207031,408.3900146484375,408.8999938964844,409.4400024414063,417.1400146484375,413.1199951171875,409.1140075683594,411.34100341796875,414.1315002441406,0.011767365657543402,0.009228118798862905,-0.016381405522770343,-0.027643258726600117,31.648088294523504,1.0479336316715957,0.9699817859066971,4
2024-09-09,MSFT,407.239990234375,408.6499938964844,402.1499938964844,405.7200012207031,15295100,414.2000122070313,401.7000122070313,408.3900146484375,408.8999938964844,409.4400024414063,417.1400146484375,406.83000488281255,410.2340026855469,414.1165008544922,0.011857369433749276,0.009998489383265148,0.01000744060620029,-0.027376931070396293,33.05467386440648,0.9045056446223809,0.9797243055602382,0
2024-09-10,MSFT,408.2000122070313,416.3299865722656,407.7000122070313,414.2000122070313,19594300,423.0400085449219,405.7200012207031,401.7000122070313,408.3900146484375,408.8999938964844,409.4400024414063,407.7820068359375,410.3050048828125,414.4860015869141,0.013964584676990268,0.012216504100550802,0.020901141084526564,0.011625658795530569,39.78021008032481,1.1686898039131481,0.9993100143821798,1
2024-09-11,MSFT,415.5,423.989990234375,409.5799865722656,423.0400085449219,19266900,427.0,414.2000122070313,405.7200012207031,401.7000122070313,408.3900146484375,408.8999938964844,410.610009765625,411.2250061035156,414.93750152587893,0.015989581992028337,0.013929067531347651,0.02134233722202805,0.03458061838958382,49.08394001605169,1.0951918627851112,1.0195270540484942,2
2024-09-12,MSFT,423.30999755859375,427.3699951171875,419.75,427.0,17418800,430.5899963378906,423.0400085449219,414.2000122070313,405.7200012207031,401.7000122070313,408.3900146484375,414.3320068359375,412.86500549316406,415.44450225830076,0.015324169600039036,0.013598521462897984,0.009360796556096007,0.04556914881374596,60.33207466530371,0.9551393546717318,1.027814780744203,3
2024-09-13,MSFT,425.8299865722656,431.8299865722656,425.4599914550781,430.5899963378906,15874600,431.3399963378906,427.0,423.0400085449219,414.2000122070313,405.7200012207031,401.7000122070313,420.11000366210936,414.61200561523435,415.9225021362305,0.006524464483471777,0.013656854770723925,0.00840748556883053,0.0719193011026591,61.945970792738365,0.9076417643513929,1.035264969138063,4
2024-09-16,MSFT,430.6000061035156,433.5299987792969,428.2200012207031,431.3399963378906,13834700,435.1499938964844,430.5899963378906,427.0,423.0400085449219,414.2000122070313,405.7200012207031,425.2340026855469,416.03200378417966,416.56600189208984,0.008529315419752735,0.013532699718275264,0.0017417961549934802,0.06314698570468247,66.1655577487631,0.804443110945199,1.0354661551319493,0
2024-09-17,MSFT,440.2300109863281,441.8500061035156,432.2699890136719,435.1499938964844,18874200,430.80999755859375,431.3399963378906,430.5899963378906,427.0,423.0400085449219,414.2000122070313,429.4239990234375,418.6030029296875,417.2470016479492,0.007091076620364797,0.011172804276687898,0.008832933627627604,0.05057938452928279,68.1609031582868,1.1067419419907774,1.042907419772523,1
2024-09-18,MSFT,435.0,436.0299987792969,430.4100036621094,430.80999755859375,18898000,438.6900024414063,435.1499938964844,431.3399963378906,430.5899963378906,427.0,423.0400085449219,430.9779968261719,420.79400329589845,417.5475021362305,0.008236345566489634,0.012112583230556334,-0.009973564055531292,0.018367031147709545,66.90647077955401,1.1129524866225444,1.0317628422024092,2
2024-09-19,MSFT,441.2300109863281,441.5,436.8999938964844,438.6900024414063,21706600,435.2699890136719,430.80999755859375,435.1499938964844,431.3399963378906,430.5899963378906,427.0,433.3159973144531,423.8240020751953,418.2750015258789,0.010448951862900287,0.012508634506189373,0.018291137456114326,0.027377054897907094,69.6299749786804,1.2169000124456066,1.0488076046645218,3
2024-09-20,MSFT,437.2200012207031,439.239990234375,434.2200012207031,435.2699890136719,55167100,433.510009765625,438.6900024414063,430.80999755859375,435.1499938964844,431.3399963378906,430.5899963378906,434.2519958496094,427.1809997558594,419.26100158691406,0.011739289323920769,0.01089703639687047,-0.007795968471360881,0.01086879099743121,64.04771014117159,2.1469038905484563,1.0381838219299275,4
2024-09-23,MSFT,434.2799987792969,436.4599914550781,430.3900146484375,433.510009765625,15128900,429.1700134277344,435.2699890136719,438.6900024414063,430.80999755859375,435.1499938964844,431.3399963378906,434.6859985351563,429.9600006103516,420.09700164794924,0.012078319175744272,0.011513831972604468,-0.0040434196991964155,0.005030865317749322,70.54106619385828,0.5828905149535966,1.031928359557577,0
2024-09-24,MSFT,433.0,433.3500061035156,426.1000061035156,429.1700134277344,17015800,432.1099853515625,433.510009765625,435.2699890136719,438.6900024414063,430.80999755859375,435.1499938964844,433.49000244140626,431.4570007324219,420.88100280761716,0.011987087465704802,0.011428774024374581,-0.010011294411026439,-0.013742342991213574,66.24461820960147,0.6651140901401228,1.019694428032681,1
2024-09-25,MSFT,429.8299865722656,433.1199951171875,428.5700073242188,432.1099853515625,13396400,431.30999755859375,429.1700134277344,433.510009765625,435.2699890136719,438.6900024414063,430.80999755859375,433.75,432.36399841308594,421.7945022583008,0.01179703049285873,0.009722629755807781,0.006850366595622326,0.0030175432332950614,68.29681453093662,0.5471724007227884,1.02445618195124,2
2024-09-26,MSFT,435.0899963378906,435.2999877929688,429.1300048828125,431.30999755859375,14492000,428.0199890136719,432.1099853515625,429.1700134277344,433.510009765625,435.2699890136719,438.6900024414063,432.2739990234375,432.7949981689453,422.8300018310547,0.006536659434302112,0.009443217211757183,-0.001851352248474103,-0.01682282441300509,75.12304403484998,0.6289919635556188,1.0200553311988663,3
2024-09-27,MSFT,431.5199890136719,431.8500061035156,427.4700012207031,428.0199890136719,14896100,430.2999877929688,431.30999755859375,432.1099853515625,429.1700134277344,433.510009765625,435.2699890136719,430.8239990234375,432.5379974365234,423.5750015258789,0.006508590916037395,0.009415491956547305,-0.007627944085564442,-0.016656328676435073,69.15808118731303,0.9940116803595928,1.0104939797480503,4
2024-09-30,MSFT,428.2099914550781,430.4200134277344,425.3699951171875,430.2999877929688,16807300,420.6900024414063,428.0199890136719,431.30999755859375,432.1099853515625,429.1700134277344,433.510009765625,430.18199462890624,432.4339965820312,424.23300018310545,0.0075240420141085475,0.009579641542697408,0.005326851170084357,-0.007404723997934126,65.48076392630227,1.0969734073381754,1.0143010741909393,0
2024-10-01,MSFT,428.4500122070313,428.4800109863281,418.80999755859375,420.6900024414063,19092900,417.1300048828125,430.2999877929688,428.0199890136719,431.30999755859375,432.1099853515625,429.1700134277344,428.4859924316406,430.9879974365234,424.79550018310545,0.011817145574609661,0.01124012878683166,-0.022333222459179236,-0.01975909481326321,47.773347251419096,1.2132536566829384,0.990335354918003,1
2024-10-02,MSFT,422.5799865722656,422.8200073242188,416.7099914550781,417.1300048828125,16582300,416.5400085449219,420.6900024414063,430.2999877929688,428.0199890136719,431.30999755859375,432.1099853515625,425.4899963378906,429.6199981689453,425.2070007324219,0.010199259603750578,0.011150484111919297,-0.008462282293218104,-0.03466705463092312,40.57665883087872,1.0127139656970878,0.9810045558147051,2
2024-10-03,MSFT,417.6300048828125,419.5499877929688,414.2900085449219,416.5400085449219,13686400,416.05999755859375,417.1300048828125,420.6900024414063,430.2999877929688,428.0199890136719,431.30999755859375,422.53599853515624,427.4049987792969,425.61450042724607,0.010256003793038568,0.00831891671569819,-0.0014144183611446426,-0.03424448563046667,35.770704322165244,0.8441620921482761,0.9786790819551145,3
2024-10-04,MSFT,418.239990234375,419.75,414.9700012207031,416.05999755859375,19169700,409.5400085449219,416.5400085449219,417.1300048828125,420.6900024414063,430.2999877929688,428.0199890136719,420.1440002441406,425.48399963378904,426.3324996948242,0.01054620388982405,0.008348140417849353,-0.0011523766660612722,-0.027942600257148453,34.439902368502416,1.1231552896344679,0.9759049517839159,4
2024-10-07,MSFT,416.0,417.1099853515625,409.0,409.5400085449219,20919800,414.7099914550781,416.05999755859375,416.5400085449219,417.1300048828125,420.6900024414063,430.2999877929688,415.99200439453125,423.0869995117188,426.5235000610352,0.009198321633554458,0.00906111838023943,-0.015670790395449274,-0.048245363320891466,25.2846779304805,1.1693428029392596,0.9601815808186818,0
2024-10-08,MSFT,410.8999938964844,415.6600036621094,408.1700134277344,414.7099914550781,19229300,417.4599914550781,409.5400085449219,416.05999755859375,416.5400085449219,417.1300048828125,420.6900024414063,414.79600219726564,421.6409973144531,426.5489990234375,0.010491044137228837,0.010551031230184353,0.012623877526703575,-0.014214768479460349,34.707418669434034,1.0732133389144691,0.9722446715489564,1
2024-10-09,MSFT,415.8599853515625,420.3800048828125,414.2999877929688,417.4599914550781,14974300,415.8399963378906,414.7099914550781,409.5400085449219,416.05999755859375,416.5400085449219,417.1300048828125,414.86199951171875,420.1759979248047,426.26999816894534,0.0106304925849609,0.01052763530703215,0.006631139969285993,0.000791088074228341,27.65728527336438,0.8510107468217027,0.979332332203273,2
2024-10-10,MSFT,415.2300109863281,417.3500061035156,413.1499938964844,415.8399963378906,13848400,416.3200073242188,417.4599914550781,414.7099914550781,409.5400085449219,416.05999755859375,416.5400085449219,414.7219970703125,418.6289978027344,425.71199798583984,0.010780482640374817,0.010514165193308616,-0.0038805996990056713,-0.0016805401466153391,28.746406448830413,0.7855777357998219,0.9768106097675039,3
2024-10-11,MSFT,416.1400146484375,417.1300048828125,413.25,416.3200073242188,14144900,419.1400146484375,415.8399963378906,417.4599914550781,414.7099914550781,409.5400085449219,416.05999755859375,414.7739990234375,417.45899963378906,424.9984985351563,0.010783694402422016,0.010506742486618374,0.0011543165413510081,0.0006249333441108451,30.654930351402726,0.8509060152773149,0.9795799485389957,4
2024-10-14,MSFT,417.7699890136719,424.0400085449219,417.5199890136719,419.1400146484375,16653100,418.739990234375,416.3200073242188,415.8399963378906,417.4599914550781,414.7099914550781,409.5400085449219,416.6940002441406,416.34300231933594,424.3884994506836,0.006265140186370502,0.010638956415138592,0.006773653138467894,0.023440948144783258,38.31273340715599,1.055998731769182,0.9876328298032591,0
2024-10-15,MSFT,422.1799926757813,422.4800109863281,415.260009765625,418.739990234375,18900200,416.1199951171875,419.1400146484375,416.3200073242188,415.8399963378906,417.4599914550781,414.7099914550781,417.5,416.1480010986328,423.5679992675781,0.0046969424196489605,0.008063205933776543,-0.0009543932816771239,0.009717631266025206,33.440677812349804,1.2035139688923586,0.9886015727308212,1
2024-10-16,MSFT,415.1700134277344,416.3599853515625,410.4800109863281,416.1199951171875,15508900,416.7200012207031,418.739990234375,419.1400146484375,416.3200073242188,415.8399963378906,417.4599914550781,417.23200073242185,416.0470001220703,422.8334991455078,0.005008266809701403,0.007846505033883306,-0.0062568543207947025,-0.0032098796658812656,31.99810196443792,0.9808868453175301,0.9841225824304662,2
2024-10-17,MSFT,422.3599853515625,422.5,415.5899963378906,416.7200012207031,14820000,418.1600036621094,416.1199951171875,418.739990234375,419.1400146484375,416.3200073242188,415.8399963378906,417.4080017089844,416.06499938964845,421.73499908447263,0.004701624049876877,0.00784996543597546,0.0014419064465927,0.0021162102985818887,35.69621798358389,0.9259363390651417,0.9881086514644116,3
2024-10-18,MSFT,417.1400146484375,419.6499938964844,416.260009765625,418.1600036621094,17145300,418.7799987792969,416.7200012207031,416.1199951171875,418.739990234375,419.1400146484375,416.3200073242188,417.7760009765625,416.275,420.8794998168945,0.0048985555268253695,0.00790522356114604,0.003455563537118511,0.004419668297271251,34.2990390831781,1.0325073017975972,0.9935385397578921,4
2024-10-21,MSFT,416.1199951171875,418.9599914550781,413.75,418.7799987792969,14206100,427.510009765625,418.1600036621094,416.7200012207031,416.1199951171875,418.739990234375,419.1400146484375,417.70399780273436,417.1989990234375,420.14299926757815,0.0037463076098635984,0.005491303696075649,0.001482674363300518,-0.0008589393915123811,46.78125581782846,0.8814849746526765,0.9967558652871585,0
2024-10-22,MSFT,418.489990234375,430.5799865722656,418.0400085449219,427.510009765625,25482200,424.6000061035156,418.7799987792969,418.1600036621094,416.7200012207031,416.1199951171875,418.739990234375,419.4580017089844,418.4790008544922,420.0599990844727,0.01002484222242967,0.007475002581776579,0.020846294024966072,0.020943830863494384,64.8966660184752,1.4617639466513697,1.0177355870527776,1
2024-10-23,MSFT,430.8599853515625,431.0799865722656,422.5299987792969,424.6000061035156,19654400,424.7300109863281,427.510009765625,418.7799987792969,418.1600036621094,416.7200012207031,416.1199951171875,421.15400390625,419.19300231933596,419.6845001220703,0.010170151976112613,0.007955967840668467,-0.006806866729751504,0.02037876354377066,60.84498135768605,1.0762693301791737,1.0117123838979414,2
2024-10-24,MSFT,425.3299865722656,425.9800109863281,422.3999938964844,424.7300109863281,13581600,428.1499938964844,424.6000061035156,427.510009765625,418.7799987792969,418.1600036621094,416.7200012207031,422.756005859375,420.0820037841797,419.35550079345705,0.010256230383286415,0.0077352686731421046,0.0003061820088170464,0.019221563021120103,61.77670037332396,0.753950278451331,1.0128161194564087,3
2024-10-25,MSFT,426.760009765625,432.5199890136719,426.5700073242188,428.1499938964844,16899100,426.5899963378906,424.7300109863281,424.6000061035156,427.510009765625,418.7799987792969,418.1600036621094,424.75400390625,421.26500244140624,419.3620010375977,0.010416038972404729,0.007941974297995926,0.008052133877269885,0.02389035332620515,77.60304541874508,0.9406847213532331,1.0209556250617442,4
2023-12-11,NVDA,47.49100112915039,47.53099822998047,45.83000183105469,46.62699890136719,509728000,47.65700149536133,47.50600051879883,46.59600067138672,45.50299835205078,46.56600189208984,45.5099983215332,46.559600067138675,46.78039970397949,47.94164981842041,0.023616772700035524,0.020839063477318627,-0.01850295979102279,0.024544069897393772,33.5135251987581,1.2923593986662834,0.9725781043824633,0
2023-12-12,NVDA,46.04600143432617,47.66600036621094,46.04600143432617,47.65700149536133,372387000,48.0880012512207,46.62699890136719,47.50600051879883,46.59600067138672,45.50299835205078,46.56600189208984,46.77779998779297,46.763999938964844,47.89349994659424,0.023407520006559948,0.022167787140148845,0.022090261399258404,0.023429101897125104,40.49856303212737,0.9438261879851091,0.9950619927235088,1
2023-12-13,NVDA,47.62900161743164,48.59400177001953,47.608001708984375,48.0880012512207,447792000,48.34999847412109,47.65700149536133,46.62699890136719,47.50600051879883,46.59600067138672,45.50299835205078,47.29480056762695,46.75880012512207,47.81510009765625,0.017601504772441157,0.022261086252689757,0.009043786691055766,0.056809506906997376,47.20591939247337,1.0975541605349926,1.005707426168869,2
2023-12-14,NVDA,48.38999938964844,48.66999816894531,47.422000885009766,48.34999847412109,391232000,48.88999938964844,48.0880012512207,47.65700149536133,46.62699890136719,47.50600051879883,46.59600067138672,47.645600128173825,46.91679992675781,47.788199996948244,0.016127078359698413,0.01988017500894514,0.005448286809253355,0.03764266841491937,52.717787882860016,0.9402974384758813,1.0117560083285984,3
2023-12-15,NVDA,48.19400024414063,49.40399932861328,48.119998931884766,48.88999938964844,479948000,50.07699966430664,48.34999847412109,48.0880012512207,47.65700149536133,46.62699890136719,47.50600051879883,47.92239990234375,47.12929992675781,47.75869998931885,0.014962133035618073,0.019972024547571954,0.011168581852518233,0.029133138040150053,53.046821275177635,1.0902522253777338,1.023687818147952,4
2023-12-18,NVDA,49.400001525878906,50.43299865722656,49.150001525878906,50.07699966430664,412587000,49.604000091552734,48.88999938964844,48.34999847412109,48.0880012512207,47.65700149536133,46.62699890136719,48.61240005493164,47.58600006103516,47.79764995574951,0.0083066062173683,0.01739804486368037,0.024278999580219507,0.07399148227912855,59.89472786014132,0.9805075795671562,1.0476874848589277,0
2023-12-19,NVDA,49.42399978637695,49.70000076293945,48.89500045776367,49.604000091552734,464444000,48.11100006103516,50.07699966430664,48.88999938964844,48.34999847412109,48.0880012512207,47.65700149536133,49.001799774169925,47.88979988098144,47.75739994049072,0.0121134345912898,0.017653403437381733,-0.009445445532373697,0.040854408273691245,56.33546452985739,1.0574757866906375,1.0386662622622467,1
2023-12-20,NVDA,49.65499877929688,49.999000549316406,48.09799957275391,48.11100006103516,397894000,48.9900016784668,49.604000091552734,50.07699966430664,48.88999938964844,48.34999847412109,48.0880012512207,49.00639953613281,48.150600051879884,47.66574993133545,0.020848586100466745,0.019086145777901718,-0.030098379722642954,0.00047826503942860477,55.74204874848872,0.9270142886764627,1.0093410914617125,2
2023-12-21,NVDA,48.81100082397461,49.095001220703125,48.41899871826172,48.9900016784668,300425000,48.83000183105469,48.11100006103516,49.604000091552734,50.07699966430664,48.88999938964844,48.34999847412109,49.13440017700195,48.39000015258789,47.679450035095215,0.022377212336736056,0.01855385144555472,0.018270283642337626,0.013236881583114535,58.86383481962805,0.7308550876807158,1.0274867189618784,3
2023-12-22,NVDA,49.19499969482422,49.382999420166016,48.46699905395508,48.83000183105469,252507000,49.27899932861328,48.9900016784668,48.11100006103516,49.604000091552734,50.07699966430664,48.88999938964844,49.1224006652832,48.522400283813475,47.732150077819824,0.021960504156530943,0.017986388810414793,-0.003265969420908066,-0.0012271949139449623,64.49022268470347,0.6907186940772719,1.0230002577182253,4
2023-12-26,NVDA,48.96799850463867,49.59999847412109,48.959999084472656,49.27899932861328,244200000,49.41699981689453,48.83000183105469,48.9900016784668,48.11100006103516,49.604000091552734,50.07699966430664,48.96280059814453,48.78760032653808,47.78400001525879,0.018554371273843986,0.016385917536267308,0.009195115312755187,-0.015935466202903315,62.5034370580612,0.7357770854549947,1.0312866087576824,1
2023-12-27,NVDA,49.51100158691406,49.68000030517578,49.084999084472656,49.41699981689453,233648000,49.52199935913086,49.27899932861328,48.83000183105469,48.9900016784668,48.11100006103516,49.604000091552734,48.92540054321289,48.963600158691406,47.863800048828125,0.018308839444246768,0.015339957051193343,0.0028003914479066694,-0.003769862799634316,69.71987124440426,0.8177092884730877,1.0324504064968079,2
2023-12-28,NVDA,49.64300155639648,49.88399887084961,49.4119987487793,49.52199935913086,246587000,49.52199935913086,49.41699981689453,49.27899932861328,48.83000183105469,48.9900016784668,48.11100006103516,49.20760040283203,49.10699996948242,47.93290004730225,0.00824209437127874,0.015229773712252936,0.002124765619632596,0.029327997678403106,66.37196966171888,0.9652159481182777,1.0331525801747947,3
2023-12-29,NVDA,49.8129997253418,49.99700164794922,48.7509994506836,49.52199935913086,389293000,48.167999267578125,49.52199935913086,49.41699981689453,49.27899932861328,48.83000183105469,48.9900016784668,49.31399993896484,49.224200057983396,48.07049999237061,0.004582857856355152,0.015231804947623844,0.0,0.010859311337764188,62.559173903785634,1.4246926773212514,1.0301952209149192,4
2024-01-02,NVDA,49.24399948120117,49.29499816894531,47.595001220703125,48.167999267578125,411254000,47.56900024414063,49.52199935913086,49.52199935913086,49.41699981689453,49.27899932861328,48.83000183105469,49.18159942626953,49.15200004577637,48.14064998626709,0.014225846000777923,0.01749714728938624,-0.02734138583003487,-0.013557291391612103,59.06364231141682,1.348389685911047,1.0005681120076035,1
2024-01-03,NVDA,47.48500061035156,48.18399810791016,47.31999969482422,47.56900024414063,320896000,47.99800109863281,48.167999267578125,49.52199935913086,49.52199935913086,49.41699981689453,49.27899932861328,48.83959960937501,48.90120010375976,48.243600082397464,0.012957841185120361,0.015226933176893004,-0.012435621834944621,-0.03470036136630228,49.454762725236286,1.0017494153007034,0.986016801459579,2
2024-01-04,NVDA,47.766998291015625,48.5,47.507999420166016,47.99800109863281,306535000,49.09700012207031,47.56900024414063,48.167999267578125,49.52199935913086,49.52199935913086,49.41699981689453,48.555799865722655,48.740600204467775,48.31520004272461,0.014353272240254844,0.01574139864086806,0.009018496337749315,-0.028714788909070865,49.44223979740678,0.91526754709432,0.9934348001496154,3
2024-01-05,NVDA,48.46200180053711,49.547000885009766,48.305999755859375,49.09700012207031,415039000,52.25299835205078,47.99800109863281,47.56900024414063,48.167999267578125,49.52199935913086,49.52199935913086,48.47080001831055,48.83920021057129,48.494900131225585,0.019335394069840896,0.014544786026958677,0.022896766496153242,-0.008582029048917694,54.19428270830269,1.1259771342315346,1.0124157383398145,4
2024-01-08,NVDA,49.512001037597656,52.275001525878906,49.479000091552734,52.25299835205078,642510000,53.13999938964844,49.09700012207031,47.99800109863281,47.56900024414063,48.167999267578125,49.52199935913086,49.01699981689453,49.16549987792969,48.77775001525879,0.035366646446289306,0.024255181427657906,0.06428087708278873,0.0551471876794567,64.59508767747408,1.5325340586976455,1.0712465895967906,0
2024-01-09,NVDA,52.4010009765625,54.32500076293945,51.68999862670898,53.13999938964844,773100000,54.34999847412109,52.25299835205078,49.09700012207031,47.99800109863281,47.56900024414063,48.167999267578125,50.011399841308595,49.596499633789065,49.05944995880127,0.02806640326796399,0.024172998990483776,0.016975122300572076,0.10322206024066616,63.648518774496324,1.572568834212068,1.083175604990963,1
2024-01-10,NVDA,53.61600112915039,54.59999847412109,53.48899841308594,54.34999847412109,533796000,54.821998596191406,53.13999938964844,52.25299835205078,49.09700012207031,47.99800109863281,47.56900024414063,51.36759948730469,50.103599548339844,49.44559993743896,0.02149563012148525,0.024578447250218117,0.022770024433014013,0.14255078297164148,69.84445485828547,0.9992512111659391,1.0991877647937818,2
2024-01-11,NVDA,54.999000549316406,55.34600067138672,53.560001373291016,54.821998596191406,596759000,54.709999084472656,54.34999847412109,53.13999938964844,52.25299835205078,49.09700012207031,47.99800109863281,52.732398986816406,50.644099426269534,49.80384979248047,0.021566621331287547,0.024454158099951977,0.008684455111715561,0.14217253513403016,80.68026290272853,1.0076289914507748,1.1007582511115153,3
2024-01-12,NVDA,54.619998931884766,54.970001220703125,54.33000183105469,54.709999084472656,352994000,56.38199996948242,54.821998596191406,54.34999847412109,53.13999938964844,52.25299835205078,49.09700012207031,53.85499877929688,51.16289939880371,50.134949684143066,0.02534163453762567,0.02465121610685974,-0.0020429665934603713,0.11432468273920393,78.12193009535252,0.6087868930265639,1.0912546921688966,4
2024-01-16,NVDA,55.01800155639648,56.834999084472656,54.900001525878906,56.38199996948242,449580000,56.053001403808594,54.709999084472656,54.821998596191406,54.34999847412109,53.13999938964844,52.25299835205078,54.680799102783205,51.84889945983887,50.536549758911136,0.012609659403400426,0.025124922009079672,0.030561157247109172,0.07901941989266903,82.32323710596226,0.8306392400643109,1.1156677738875624,1
2024-01-17,NVDA,56.34700012207031,56.47100067138672,54.7400016784668,56.053001403808594,474394000,57.10699844360352,56.38199996948242,54.709999084472656,54.821998596191406,54.34999847412109,53.13999938964844,55.26339950561523,52.637399673461914,50.89469985961914,0.015651894836445756,0.021979682249620235,-0.0058351701935351885,0.05481750183699852,79.29425769439392,0.9852325398345104,1.1013524307721119,2
2024-01-18,NVDA,57.2599983215332,57.59999847412109,56.10699844360352,57.10699844360352,491650000,59.49100112915039,56.053001403808594,56.38199996948242,54.709999084472656,54.821998596191406,54.34999847412109,55.81479949951172,53.591199493408205,51.24619979858399,0.01498144399172247,0.019668577265257732,0.018803578994849524,0.050726771791818726,80.81424480538404,1.0392635085231656,1.114365526966967,3
2024-01-19,NVDA,57.98899841308594,59.5,57.22499847412109,59.49100112915039,543501000,59.65399932861328,57.10699844360352,56.053001403808594,56.38199996948242,54.709999084472656,54.821998596191406,56.748600006103516,54.74049949645996,51.740549850463864,0.02051212736568227,0.02059604573170222,0.04174624390215875,0.08516658736486393,83.77720528437949,1.1753309410112542,1.1497945286837157,4
2024-01-22,NVDA,60.04899978637695,60.33100128173828,59.06999969482422,59.65399932861328,452955000,59.87300109863281,59.49100112915039,57.10699844360352,56.053001403808594,56.38199996948242,54.709999084472656,57.73740005493164,55.79619941711426,52.31769981384277,0.019509687437892526,0.02145438542567815,0.0027398799208140368,0.09036739767637458,83.95443633863584,0.93893030081921,1.1402259568152764,0
2024-01-23,NVDA,59.56999969482422,59.90999984741211,58.584999084472656,59.87300109863281,294654000,61.36199951171875,59.65399932861328,59.49100112915039,57.10699844360352,56.053001403808594,56.38199996948242,58.43560028076172,56.55819969177246,52.861849784851074,0.01873556968434078,0.015147915456613287,0.0036712001288148333,0.06191694390124414,92.45558650606841,0.6527113347161957,1.132631592392572,1
2024-01-24,NVDA,60.30400085449219,62.8489990234375,59.9379997253418,61.36199951171875,560271000,61.617000579833984,59.87300109863281,59.65399932861328,59.49100112915039,57.10699844360352,56.053001403808594,59.49739990234375,57.38039970397949,53.48844966888428,0.016195930813253417,0.015532166552304263,0.024869279738174654,0.09471389533031194,96.99490143131125,1.1956115817503055,1.1472009357454742,2
2024-01-25,NVDA,62.34999847412109,62.71900177001953,60.84999847412109,61.617000579833984,482777000,61.03099822998047,61.36199951171875,59.87300109863281,59.65399932861328,59.49100112915039,57.10699844360352,60.399400329589845,58.10709991455078,54.105349731445315,0.017378601886457783,0.015559200711030669,0.004155683813180433,0.0789745960941084,96.95884276871185,1.034156642352403,1.1388337915875812,3
2024-01-26,NVDA,60.959999084472656,61.78300094604492,60.573001861572266,61.03099822998047,390309000,62.46500015258789,61.617000579833984,61.36199951171875,59.87300109863281,59.65399932861328,59.49100112915039,60.70739974975586,58.72799987792969,54.68604965209961,0.012376947898088402,0.01707550667171946,-0.009510400446939404,0.025886219286961776,92.65798896606643,0.8948076219436708,1.1160249939106226,4
2024-01-29,NVDA,61.23199844360352,62.48899841308594,60.90700149536133,62.46500015258789,348733000,62.77399826049805,61.03099822998047,61.617000579833984,61.36199951171875,59.87300109863281,59.65399932861328,61.26959991455078,59.50349998474121,55.333199691772464,0.014627961095424169,0.016830090663632325,0.023496288184632563,0.04712174968336624,91.62726068035698,0.8396148008613483,1.128888271427323,0
2024-01-30,NVDA,62.900001525878906,63.49300003051758,62.2599983215332,62.77399826049805,410735000,61.527000427246094,62.46500015258789,61.03099822998047,61.617000579833984,61.36199951171875,59.87300109863281,61.84979934692383,60.142699813842775,55.99579963684082,0.014515148836457622,0.015861149124055555,0.004946739888823215,0.04845250962259651,91.21320626814045,0.9365430437905442,1.121048340547274,1
2024-01-31,NVDA,61.43999862670898,62.26900100708008,60.70000076293945,61.527000427246094,453795000,63.027000427246094,62.77399826049805,62.46500015258789,61.03099822998047,61.617000579833984,61.36199951171875,61.882799530029295,60.69009971618652,56.66374969482422,0.016407304033072403,0.017985014774427318,-0.019864878258625374,0.0026889755360046674,80.60555602188678,1.087533773112744,1.0858264897507497,2
2024-02-01,NVDA,62.09999847412109,63.19100189208984,61.650001525878906,63.027000427246094,369146000,66.16000366210938,61.527000427246094,62.77399826049805,62.46500015258789,61.03099822998047,61.617000579833984,62.164799499511716,61.282099914550784,57.43664970397949,0.019659691084993085,0.018387260158450238,0.02437954052016078,0.022883292502776875,82.1689127707574,0.9356279001864433,1.0973307244081696,3
2024-02-02,NVDA,63.9739990234375,66.5999984741211,63.68999862670898,66.16000366210938,476578000,69.33200073242188,63.027000427246094,61.527000427246094,62.77399826049805,62.46500015258789,61.03099822998047,63.1906005859375,61.94900016784668,58.34474983215332,0.025834779265990218,0.020012363433901757,0.049708905923260494,0.08403935018073105,86.29391109197931,1.1573118237269104,1.1339495644841917,4
2024-02-05,NVDA,68.2249984741211,69.49700164794922,67.20500183105469,69.33200073242188,680078000,68.2229995727539,66.16000366210938,63.027000427246094,61.527000427246094,62.77399826049805,62.46500015258789,64.56400070190429,62.916800308227536,59.3564998626709,0.02953121486929543,0.022875239760396786,0.04794433033154655,0.1099335718091643,87.4840861034279,1.422559711370638,1.1680608002970292,0
2024-02-06,NVDA,69.62999725341797,69.75399780273438,66.30000305175781,68.2229995727539,683111000,70.0989990234375,69.33200073242188,66.16000366210938,63.027000427246094,61.527000427246094,62.77399826049805,65.65380096435547,63.75180015563965,60.15499992370606,0.033650149274996814,0.024761361908340704,-0.015995516470785565,0.08680347696897872,83.70443556259492,1.2827373485939877,1.1341201838464037,1
2024-02-07,NVDA,68.31900024414062,70.22000122070312,67.5999984741211,70.0989990234375,495575000,69.64099884033203,68.2229995727539,69.33200073242188,66.16000366210938,63.027000427246094,61.527000427246094,67.36820068359376,64.62550010681153,61.00294990539551,0.026503111215015758,0.02491000836284536,0.027498049960160476,0.13932092474307356,84.41406636028107,0.9162085392872884,1.1491083485659024,2
2024-02-08,NVDA,70.0739974975586,70.79399871826172,69.45500183105469,69.64099884033203,414422000,72.13300323486328,70.0989990234375,68.2229995727539,69.33200073242188,66.16000366210938,63.027000427246094,68.69100036621094,65.42789993286132,61.767499923706055,0.030487950383969693,0.025584153387075686,-0.006533619445155514,0.10493912717170595,79.94099485049651,0.7535592145362293,1.1274699304059765,3
2024-02-09,NVDA,70.53299713134766,72.18499755859375,70.21199798583984,72.13300323486328,436637000,72.24800109863281,69.64099884033203,70.0989990234375,68.2229995727539,69.33200073242188,66.16000366210938,69.88560028076172,66.53810043334961,62.63305015563965,0.027660376139508443,0.02524054339784654,0.03578358202823506,0.09028112518341214,82.36422896010903,0.8056559413659121,1.1516763602541593,4
2024-02-12,NVDA,72.5999984741211,74.61100006103516,71.25,72.24800109863281,613710000,72.12799835205078,72.13300323486328,69.64099884033203,70.0989990234375,68.2229995727539,69.33200073242188,70.4688003540039,67.5164005279541,63.50995025634766,0.022243226557498826,0.025575385598964436,0.0015942475512229493,0.04205850596270655,82.26857374310967,1.1608103788413269,1.1375855406438742,0
2024-02-13,NVDA,70.4000015258789,73.44999694824219,69.62000274658203,72.12799835205078,602580000,73.9000015258789,72.24800109863281,72.13300323486328,69.64099884033203,70.0989990234375,68.2229995727539,71.24980010986329,68.45180053710938,64.29725017547608,0.018987118980951127,0.025945124706881383,-0.0016609836224839025,0.057238743587234575,80.23136688477373,1.1755713396105385,1.1217897834697985,1
2024-02-14,NVDA,73.2020034790039,74.23600006103516,71.93800354003906,73.9000015258789,504917000,72.65799713134766,72.12799835205078,72.24800109863281,72.13300323486328,69.64099884033203,70.0989990234375,72.01000061035157,69.68910064697266,65.18960018157959,0.018399638634941883,0.023094984351464287,0.024567480233946393,0.0542233491974764,81.78335380880247,0.9814634256332743,1.1336164253199483,2
2024-02-15,NVDA,73.86900329589844,73.9749984741211,72.4000015258789,72.65799713134766,420122000,72.61299896240234,73.9000015258789,72.12799835205078,72.24800109863281,72.13300323486328,69.64099884033203,72.61340026855468,70.6522003173828,65.9671501159668,0.02117618510028451,0.025520339354184837,-0.016806554382767014,0.04332215708067011,79.098033405265,0.8148323135371064,1.101426952712353,3
2024-02-16,NVDA,74.0999984741211,74.4020004272461,72.5009994506836,72.61299896240234,495327000,69.4520034790039,72.65799713134766,73.9000015258789,72.12799835205078,72.24800109863281,72.13300323486328,72.7093994140625,71.29749984741211,66.6232500076294,0.01484667156735213,0.022628140184186508,-0.000619314744720656,0.006654315029366087,77.29422959050606,0.9393091097207978,1.089904784802408,4
2024-02-20,NVDA,71.9469985961914,71.95600128173828,67.73400115966797,69.4520034790039,704833000,67.47200012207031,72.61299896240234,72.65799713134766,73.9000015258789,72.12799835205078,72.24800109863281,72.15019989013672,71.30950012207032,67.11315021514892,0.02497310428819461,0.023851520775664835,-0.04353208831155897,-0.038699999683199815,65.5722498186676,1.2919540036051307,1.0348494036765845,1
2024-02-21,NVDA,68.00599670410156,68.88800048828125,66.24800109863281,67.47200012207031,690298000,78.53800201416016,69.4520034790039,72.61299896240234,72.65799713134766,73.9000015258789,72.12799835205078,71.21900024414063,71.23440017700196,67.4931001663208,0.02622889898368004,0.02510433771464188,-0.028508945138381314,-0.06455188465448503,63.40472791717114,1.2258901359156127,0.9996873747953718,2
2024-02-22,NVDA,75.0250015258789,78.57499694824219,74.22000122070312,78.53800201416016,865100000,78.81700134277344,67.47200012207031,69.4520034790039,72.61299896240234,72.65799713134766,73.9000015258789,72.14660034179687,72.07830047607422,68.35190029144287,0.08482074421007002,0.05790379834908489,0.1640088017558281,0.06276049245624282,74.43369056220642,1.3620704856912536,1.1490244116006312,3
2024-02-23,NVDA,80.79000091552734,82.39399719238281,77.56999969482422,78.81700134277344,829388000,79.09200286865234,78.53800201416016,67.47200012207031,69.4520034790039,72.61299896240234,72.65799713134766,73.37840118408204,72.99590072631835,69.21190032958984,0.08339433141521427,0.057616177093556147,0.0035524118446885744,0.0847670518675574,71.9077679980181,1.156764983349819,1.1387781720693078,4
2024-02-26,NVDA,79.69999694824219,80.64600372314453,78.50499725341797,79.09200286865234,503973000,78.70099639892578,78.81700134277344,78.53800201416016,67.47200012207031,69.4520034790039,72.61299896240234,74.67420196533203,73.69180068969726,70.11495056152344,0.08317288499007296,0.05715262564590605,0.0034891142925232987,0.08922650212539374,68.7764471110618,0.7012106549658392,1.128033354302259,0
2024-02-27,NVDA,79.38099670410156,79.4800033569336,77.16200256347656,78.70099639892578,391705000,77.66300201416016,79.09200286865234,78.81700134277344,78.53800201416016,67.47200012207031,69.4520034790039,76.52400054931641,74.33710021972657,70.92675037384033,0.07741811112195857,0.05730439379057366,-0.004943691593901178,0.13317100237026192,70.730431275423,0.5970268230347902,1.1096095053574144,1
2024-02-28,NVDA,77.62000274658203,78.93299865722656,77.125,77.66300201416016,393110000,79.11199951171875,78.70099639892578,79.09200286865234,78.81700134277344,78.53800201416016,67.47200012207031,78.56220092773438,74.8906005859375,71.67120056152343,0.07490880694997387,0.05767876680616926,-0.013189088223281908,0.1510404593557666,65.4784293460188,0.6588562372371849,1.0836012429775512,2
2024-02-29,NVDA,79.09400177001953,79.98999786376953,78.3499984741211,79.11199951171875,507289000,82.27899932861328,77.66300201416016,78.70099639892578,79.09200286865234,78.81700134277344,78.53800201416016,78.6770004272461,75.41180038452148,72.55045051574707,0.011830452118578517,0.05752936137683336,0.018657500482590184,0.007308531956989439,68.62536222729615,0.9660936253197052,1.0904411888462016,3
2024-03-01,NVDA,80.0,82.30000305175781,79.43499755859375,82.27899932861328,479135000,85.23699951171875,79.11199951171875,77.66300201416016,78.70099639892578,79.09200286865234,78.81700134277344,79.36940002441406,76.37390060424805,73.51305046081544,0.02105476794815011,0.05759079400262299,0.040031851507247085,0.04392450774400425,69.43676958064648,1.0529458353770988,1.119243437904544,4
2024-03-04,NVDA,84.12999725341797,87.69499969482422,83.71900177001953,85.23699951171875,615616000,85.96399688720703,82.27899932861328,79.11199951171875,77.66300201416016,78.70099639892578,79.09200286865234,80.59839935302735,77.63630065917968,74.4669002532959,0.023826614272630806,0.05772769294484024,0.03595085267495213,0.07769428539155054,72.43892242181474,1.2895965611652154,1.1446293483653653,0
2024-03-05,NVDA,85.2699966430664,86.09700012207031,83.41699981689453,85.96399688720703,520639000,88.69999694824219,85.23699951171875,82.27899932861328,79.11199951171875,77.66300201416016,78.70099639892578,82.05099945068359,79.2875,75.29850006103516,0.021624780002744592,0.053822261267868966,0.008529129129989377,0.09228600425166134,73.41116261633212,1.0347429772528618,1.1416428855492031,1
2024-03-06,NVDA,88.02200317382812,89.7239990234375,87.02999877929688,88.69999694824219,582520000,92.66899871826172,85.96399688720703,85.23699951171875,82.27899932861328,79.11199951171875,77.66300201416016,84.2583984375,81.4102996826172,76.32234992980958,0.013076887059192166,0.05072962462310027,0.03182727839685073,0.14211393646706671,74.2511559480349,1.0766675575438258,1.162175916095558,2
2024-03-07,NVDA,90.15799713134766,92.76699829101562,89.60199737548828,92.66899871826172,608119000,87.52799987792969,88.69999694824219,85.96399688720703,85.23699951171875,82.27899932861328,79.11199951171875,86.9697982788086,82.82339935302734,77.45084991455079,0.014082484399434402,0.020303034858847265,0.04474635745856337,0.17136463861635542,80.09988147710195,1.08359357654536,1.1964878218960884,3
2024-03-08,NVDA,95.13800048828124,97.4000015258789,86.50599670410156,87.52799987792969,1142269000,85.77400207519531,92.66899871826172,88.69999694824219,85.96399688720703,85.23699951171875,82.27899932861328,88.01959838867188,83.69449920654297,78.34519996643067,0.040614228301068145,0.030582553556049746,-0.055477008616031664,0.06379514325827507,69.452489369455,1.646317858226898,1.1172094769741308,4
2024-03-11,NVDA,86.42900085449219,88.7969970703125,84.16600036621094,85.77400207519531,678364000,91.91300201416016,87.52799987792969,92.66899871826172,88.69999694824219,85.96399688720703,85.23699951171875,88.12699890136719,84.36269912719726,79.02724990844726,0.040462480070770294,0.03208932092034877,-0.020039276633540992,0.00630011106154349,72.09856276917476,0.9603356369965155,1.0853724781586622,0
2024-03-12,NVDA,88.04900360107422,91.95999908447266,86.1500015258789,91.91300201416016,668075000,90.88800048828124,85.77400207519531,87.52799987792969,92.66899871826172,88.69999694824219,85.96399688720703,89.31679992675781,85.6838996887207,80.01049995422363,0.05138581367847037,0.037212061770829113,0.07157180253269502,0.06920344961110625,79.74154121988252,0.9078716957112227,1.1487617508545291,1
2024-03-13,NVDA,91.05500030517578,91.50399780273438,88.43499755859375,90.88800048828124,635713000,87.94400024414062,91.91300201416016,85.77400207519531,87.52799987792969,92.66899871826172,88.69999694824219,89.75440063476563,87.00639953613282,80.94850006103516,0.05136285146980783,0.037038089464988745,-0.011151866476094563,0.02466745902275269,69.8885594208461,0.8515823005245757,1.1227879506075058,2
2024-03-14,NVDA,89.5770034790039,90.64600372314452,86.5999984741211,87.94400024414062,602318000,87.83699798583984,90.88800048828124,91.91300201416016,85.77400207519531,87.52799987792969,92.66899871826172,88.80940093994141,87.889599609375,81.65069999694825,0.048281334485595725,0.04009419207449363,-0.03239151734359258,-0.05098790900381189,63.536320700275866,0.8081032774229695,1.0770758884789426,3
2024-03-15,NVDA,86.93000030517578,89.5459976196289,86.25700378417969,87.83699798583984,642086000,88.45500183105469,87.94400024414062,90.88800048828124,91.91300201416016,85.77400207519531,87.52799987792969,88.87120056152344,88.44539947509766,82.40965003967285,0.040896140583259605,0.03892133452620532,-0.0012167090194183938,0.0035302772637453295,63.03472290137622,0.9950021013117392,1.0658581603435302,4
2024-03-18,NVDA,90.38800048828124,92.40499877929688,87.08499908447266,88.45500183105469,668976000,89.39800262451172,87.83699798583984,87.94400024414062,90.88800048828124,91.91300201416016,85.77400207519531,89.40740051269532,88.76719970703125,83.20175018310547,0.039108661193122625,0.03760268676708143,0.007035803356058246,0.03125655432876995,64.44096695336765,1.0396970254584157,1.0631387156686989,0
2024-03-19,NVDA,86.69999694824219,90.54399871826172,85.01000213623047,89.39800262451172,672171000,90.37200164794922,88.45500183105469,87.83699798583984,87.94400024414062,90.88800048828124,91.91300201416016,88.90440063476562,89.11060028076172,84.19905014038086,0.017260674161566368,0.0376350800366881,0.010660796720779242,-0.02736282500337628,67.422870103885,1.0433342315314733,1.0617459754648408,1
2024-03-20,NVDA,89.7969970703125,90.41000366210938,88.2229995727539,90.37200164794922,479063000,91.43499755859376,89.39800262451172,88.45500183105469,87.83699798583984,87.94400024414062,90.88800048828124,88.80120086669922,89.27780075073242,85.3440502166748,0.018217544302278073,0.03651523681578563,0.010895087080731392,-0.005677304347767587,66.95681127096894,0.7816041432950447,1.058913906927422,2
2024-03-21,NVDA,92.3000030517578,92.64800262451172,90.40499877929688,91.43499755859376,480372000,94.28900146484376,90.37200164794922,89.39800262451172,88.45500183105469,87.83699798583984,87.94400024414062,89.49940032958985,89.15440063476562,85.98889999389648,0.00536996209851721,0.03364865711751588,0.01176244734276799,0.03969568480808028,64.72120129232104,0.8162184792847851,1.063334890492655,3
2024-03-22,NVDA,91.14099884033205,94.77799987792967,90.83399963378906,94.28900146484376,586719000,95.0019989013672,91.43499755859376,90.37200164794922,89.39800262451172,88.45500183105469,87.83699798583984,90.78980102539063,89.83050079345703,86.7625,0.009619116938738,0.028828859721112446,0.031213473860718155,0.07345428039382718,64.60282795143618,1.0160336591162473,1.086748324043726,4
2024-03-25,NVDA,93.94100189208984,96.76599884033205,93.51000213623048,95.0019989013672,552136000,92.56099700927734,94.28900146484376,91.43499755859376,90.37200164794922,89.39800262451172,88.45500183105469,92.09920043945313,90.75330047607422,87.55799980163575,0.009522006788827768,0.027135259067308185,0.007561830387919466,0.07401500124116223,64.58683188318213,0.9964695406287979,1.085017920882112,0
2024-03-26,NVDA,95.85099792480467,96.375,92.5019989013672,92.56099700927734,513648000,90.25,95.0019989013672,94.28900146484376,91.43499755859376,90.37200164794922,89.39800262451172,92.73179931640625,90.81809997558594,88.25099983215333,0.020574639931418306,0.019088674047453204,-0.02569421612511702,0.03538104087236471,56.2913465997173,0.9832698938489352,1.0488379416133675,1
2024-03-27,NVDA,93.11199951171876,93.23999786376952,89.12300109863281,90.25,586067000,90.3560028076172,92.56099700927734,95.0019989013672,94.28900146484376,91.43499755859376,90.37200164794922,92.7073989868164,90.75429992675781,88.8803497314453,0.024765765249185678,0.020502796914663283,-0.024967287345075917,-0.0013499938667341782,45.83319205798624,1.077748256490944,1.0154100458953317,2
2024-03-28,NVDA,90.0,91.3000030517578,89.19300079345703,90.3560028076172,435212000,90.36299896240234,90.25,92.56099700927734,95.0019989013672,94.28900146484376,91.43499755859376,92.49160003662111,90.99550018310548,89.44254989624024,0.023944999825489623,0.017182973160272803,0.0011745463447889737,-0.011800675668910188,55.89363623643744,0.8138509422234124,1.0102127333404138,3
2024-04-01,NVDA,90.29900360107422,92.2249984741211,89.2040023803711,90.36299896240234,452441000,89.4520034790039,90.3560028076172,90.25,92.56099700927734,95.0019989013672,94.28900146484376,91.70639953613282,91.24810028076173,89.84674987792968,0.015747055660371573,0.017153852373966143,7.742877692407113e-05,-0.0416379688134173,60.314669185446895,0.8908058424007208,1.0057458849115195,0
2024-04-02,NVDA,88.447998046875,90.09400177001952,87.62000274658203,89.4520034790039,433064000,88.96399688720703,90.36299896240234,90.3560028076172,90.25,92.56099700927734,95.0019989013672,90.59640045166016,91.34780044555666,90.05750007629395,0.013026356444541975,0.01755268558134631,-0.010081510063399746,-0.05841977523152331,42.768999288036696,0.8946006332753822,0.9932765555697517,1
2024-04-03,NVDA,88.48400115966797,90.3740005493164,88.4000015258789,88.96399688720703,370067000,85.90499877929688,89.4520034790039,90.36299896240234,90.3560028076172,90.25,92.56099700927734,89.87700042724609,91.30439987182618,90.20750007629394,0.01058302051141198,0.017332143887095648,-0.005455513267642154,-0.03886086189963778,44.16261162269509,0.8126728538670295,0.9862150798100469,2
2024-04-04,NVDA,90.40599822998048,90.63400268554688,85.87999725341797,85.90499877929688,434965000,88.00800323486328,88.96399688720703,89.4520034790039,90.36299896240234,90.3560028076172,90.25,89.00800018310547,90.85769958496095,90.06775016784668,0.014502952297625564,0.01980568422016297,-0.03438467486784014,-0.048144057847126054,43.856579346616776,1.023086450940351,0.9537819987643494,3
2024-04-05,NVDA,86.86599731445312,88.48100280761719,85.9260025024414,88.00800323486328,399678000,87.13300323486328,85.90499877929688,88.96399688720703,89.4520034790039,90.36299896240234,90.3560028076172,88.53840026855468,90.5150001525879,89.83470039367675,0.02112076560723232,0.021341840060515503,0.024480583033000824,-0.025986093892989004,50.45991398414287,0.956069112507565,0.9796660182445263,4
2024-04-08,NVDA,88.69999694824219,88.83000183105469,86.73200225830078,87.13300323486328,283220000,85.35399627685547,88.00800323486328,85.90499877929688,88.96399688720703,89.4520034790039,90.36299896240234,87.89240112304688,89.79940032958986,89.81495056152343,0.020984853280272955,0.017504012368008914,-0.009942277609286565,-0.035744671653526905,46.49300024894301,0.7371704440513609,0.9701391882989123,0
2024-04-09,NVDA,87.44200134277344,87.63500213623047,83.02200317382812,85.35399627685547,503547000,87.03900146484375,87.13300323486328,88.00800323486328,85.90499877929688,88.96399688720703,89.4520034790039,87.07279968261719,88.83460006713867,89.79395027160645,0.0218462249532556,0.01701875064618694,-0.020417142666511512,-0.04581235794355709,39.727684492612866,1.264255123207549,0.9505539740559233,1
2024-04-10,NVDA,83.9260025024414,87.4000015258789,83.70899963378906,87.03900146484375,431929000,90.61599731445312,85.35399627685547,87.13300323486328,88.00800323486328,85.90499877929688,88.96399688720703,86.68780059814453,88.28240051269532,89.55025024414063,0.0255088398453816,0.018516920083290447,0.01974137429397893,-0.02163791522096159,41.82888394685801,1.051772259719413,0.9719570992548824,2
2024-04-11,NVDA,87.41999816894531,90.73899841308594,86.9260025024414,90.61599731445312,431637000,88.18599700927734,87.03900146484375,85.35399627685547,87.13300323486328,88.00800323486328,85.90499877929688,87.63000030517578,88.31900024414062,89.53665008544922,0.025443814835097174,0.022372564444184017,0.041096471574920024,0.054839632176231445,48.21249329776567,1.0527675217352492,1.0120548091532777,3
2024-04-12,NVDA,89.6989974975586,90.1750030517578,87.52999877929688,88.18599700927734,426805000,86.0009994506836,90.61599731445312,87.03900146484375,85.35399627685547,87.13300323486328,88.00800323486328,87.6655990600586,88.10199966430665,89.54874992370605,0.028769736639314855,0.023989318894966142,-0.026816460417505072,0.002022472591941993,36.42872533002164,1.0273872029687001,0.9847819995746478,4
2024-04-15,NVDA,89.0979995727539,90.61299896240234,85.92900085449219,86.0009994506836,443077000,87.41500091552734,88.18599700927734,90.61599731445312,87.03900146484375,85.35399627685547,87.13300323486328,87.43919830322265,87.66579971313476,89.45694999694824,0.030836522298994366,0.024996967518980343,-0.024777148670937943,-0.012991676427454468,31.2142665838241,0.9903397191321394,0.961367444939912,0
2024-04-16,NVDA,86.43299865722656,88.11799621582031,86.06400299072266,87.41500091552734,370453000,84.03500366210938,86.0009994506836,88.18599700927734,90.61599731445312,87.03900146484375,85.35399627685547,87.85139923095703,87.46209945678712,89.40494995117187,0.029791136277122626,0.02575298051731317,0.01644168642080257,0.024146551170103114,38.77890468151199,0.8803955129067385,0.9777422946186836,1
2024-04-17,NVDA,88.33999633789062,88.7750015258789,83.94999694824219,84.03500366210938,495400000,84.6709976196289,87.41500091552734,86.0009994506836,88.18599700927734,90.61599731445312,87.03900146484375,87.25059967041015,86.96920013427734,89.13680000305176,0.03381274184928406,0.02826637629044539,-0.03866610098973966,-0.03451323834347675,37.05155585678781,1.142858724759755,0.9427644211956485,2
2024-04-18,NVDA,84.97000122070312,86.19000244140625,82.4020004272461,84.6709976196289,447260000,76.19999694824219,84.03500366210938,87.41500091552734,86.0009994506836,88.18599700927734,90.61599731445312,86.06159973144531,86.84580001831054,88.85174980163575,0.02386365441580559,0.026534264837227508,0.007568202889319364,-0.06560651398222817,38.411665082976505,1.0244182877193946,0.9529468784650781,3
2024-04-19,NVDA,83.1500015258789,84.3239974975586,75.60600280761719,76.19999694824219,875198000,79.51799774169922,84.6709976196289,84.03500366210938,87.41500091552734,86.0009994506836,88.18599700927734,83.66439971923828,85.66499938964844,88.08999977111816,0.04624633832061544,0.039320099706229364,-0.10004607137666377,-0.1359172710807387,28.536355645873854,1.6629968670526734,0.865024374460558,4
2024-04-22,NVDA,78.10399627685547,80.072998046875,76.4000015258789,79.51799774169922,596341000,82.4229965209961,76.19999694824219,84.6709976196289,84.03500366210938,87.41500091552734,86.0009994506836,82.3677993774414,84.90349884033203,87.35144958496093,0.05638082904570823,0.04330587422313779,0.043543319243316114,-0.07538286473870559,35.96892207890171,1.0707639590153455,0.910322589029932,0
2024-04-23,NVDA,80.76899719238281,82.76899719238281,80.26399993896484,82.4229965209961,438559000,79.677001953125,79.51799774169922,76.19999694824219,84.6709976196289,84.03500366210938,87.41500091552734,81.36939849853516,84.61039886474609,86.72249946594238,0.05972985710992003,0.045227557786605206,0.036532594655278805,-0.057106953523403,41.35177283502294,0.7686579092933926,0.9504222898160958,1
2024-04-24,NVDA,83.94999694824219,84.08200073242188,79.18299865722656,79.677001953125,512208000,82.63200378417969,82.4229965209961,79.51799774169922,76.19999694824219,84.6709976196289,84.03500366210938,80.49779815673828,83.87419891357422,86.07829971313477,0.059137697244034254,0.0454351373079427,-0.0333158788660588,-0.05185936239745004,41.69688941039001,0.8924833929590746,0.9256340125055584,2
2024-04-25,NVDA,78.86799621582031,83.322998046875,78.2229995727539,82.63200378417969,424641000,87.73500061035156,79.677001953125,82.4229965209961,79.51799774169922,76.19999694824219,84.6709976196289,80.08999938964844,83.07579956054687,85.69739990234375,0.06259552746433311,0.044970616289718636,0.03708726180225952,-0.024081372521545963,42.991969800674184,0.7457831143326518,0.9642299985570482,3
2024-04-26,NVDA,83.81800079345703,88.33100128173828,83.38700103759766,87.73500061035156,551011000,87.75700378417969,82.63200378417969,79.677001953125,82.4229965209961,79.51799774169922,76.19999694824219,82.39700012207031,83.0306999206543,85.56634979248047,0.036365448975713345,0.0494097129157068,0.06175569503917644,0.1513780068776691,50.70683530025339,1.092079706353359,1.025344669056593,4
2024-04-29,NVDA,87.59500122070312,87.99199676513672,85.26599884033203,87.75700378417969,388971000,86.4020004272461,87.73500061035156,82.63200378417969,79.677001953125,82.4229965209961,79.51799774169922,84.0448013305664,83.2063003540039,85.43605003356933,0.03721688395552348,0.04860811726533336,0.0002507912882550034,0.10361183979057786,52.942915473415205,0.839968644591192,1.0271659767709114,0
2024-04-30,NVDA,87.23999786376953,88.81900024414062,86.30000305175781,86.4020004272461,363709000,83.04100036621094,87.75700378417969,87.73500061035156,82.63200378417969,79.677001953125,82.4229965209961,84.84060211181641,83.10500030517578,85.28354988098144,0.03882935550488269,0.04868242523094032,-0.015440401318462804,0.048275409463381935,49.213520443871644,0.811654779651334,1.013114493332249,1
2024-05-01,NVDA,85.0770034790039,86.0,81.25499725341797,83.04100036621094,559863000,85.81700134277344,86.4020004272461,87.75700378417969,87.73500061035156,82.63200378417969,79.677001953125,85.51340179443359,83.00559997558594,84.98740005493164,0.0404360467829368,0.04870304098613156,-0.03889956302418307,0.042220444176162886,40.59730553382666,1.2233725709565837,0.977097785230956,2
2024-05-02,NVDA,84.4489974975586,86.23699951171875,83.19999694824219,85.81700134277344,377898000,88.78900146484375,83.04100036621094,86.4020004272461,87.75700378417969,87.73500061035156,82.63200378417969,86.15040130615235,83.1202003479004,84.98300018310547,0.03982823938722982,0.04982884228583994,0.03342928149131552,0.03854435827203706,47.08445593393203,0.8429758924125969,1.0098137410761094,3
2024-05-03,NVDA,87.78900146484375,89.28099822998047,87.04000091552734,88.78900146484375,398341000,92.13999938964844,85.81700134277344,83.04100036621094,86.4020004272461,87.75700378417969,87.73500061035156,86.36120147705078,84.37910079956055,85.0220500946045,0.031739102963969756,0.03504273497259877,0.034631833734197315,0.012013459248415792,53.36601442647352,0.9535245899284847,1.0443055815055946,4
2024-05-06,NVDA,89.38999938964844,92.22000122070312,89.05500030517578,92.13999938964844,376203000,90.5540008544922,88.78900146484375,85.81700134277344,83.04100036621094,86.4020004272461,87.75700378417969,87.23780059814453,85.64130096435547,85.27239990234375,0.03522493011802636,0.03458021641676265,0.0377411376355159,0.04994468152362885,55.449700735696176,0.9060704792934923,1.080537190171376,0
2024-05-07,NVDA,91.0979995727539,91.78099822998048,89.01100158691406,90.5540008544922,437342000,90.41200256347656,92.13999938964844,88.78900146484375,85.81700134277344,83.04100036621094,86.4020004272461,88.06820068359374,86.45440139770508,85.53240013122559,0.03555601309566851,0.03509960052978729,-0.01721292105124994,0.04805444789142643,57.84344215615396,1.0172414354542862,1.0587099241405873,1
2024-05-08,NVDA,89.48300170898438,91.19400024414062,89.41999816894531,90.41200256347656,325721000,88.74700164794922,90.5540008544922,92.13999938964844,88.78900146484375,85.81700134277344,83.04100036621094,89.54240112304687,87.52790145874023,85.70105018615723,0.02512707258137845,0.032049316663736616,-0.0015681062092862685,0.08876340801242155,56.99048476192582,0.850222265146789,1.0549695991716128,2
2024-05-09,NVDA,90.52899932861328,91.0719985961914,88.23100280761719,88.74700164794922,378013000,89.87799835205078,90.41200256347656,90.5540008544922,92.13999938964844,88.78900146484375,85.81700134277344,90.12840118408204,88.13940124511718,85.60760040283203,0.027450709008760704,0.03225389629735738,-0.018415706635392604,0.03414242235606291,68.31305442400036,0.9866596715423727,1.036671992093512,3
2024-05-10,NVDA,90.30500030517578,91.4010009765625,89.22699737548828,89.87799835205078,335325000,90.39900207519533,88.74700164794922,90.41200256347656,90.5540008544922,92.13999938964844,88.78900146484375,90.34620056152343,88.35370101928712,85.6922004699707,0.023395350219349426,0.02628666537805746,0.012744055383280717,0.012264997569977343,66.1521720822614,0.9050099211704175,1.0488468945729421,4
2024-05-13,NVDA,90.47799682617188,90.9980010986328,88.52899932861328,90.39900207519533,289680000,91.3560028076172,89.87799835205078,88.74700164794922,90.41200256347656,90.5540008544922,92.13999938964844,89.99800109863281,88.61790084838867,85.91210060119629,0.013822871554629794,0.02628714476519041,0.0057967882317959685,-0.01889513051862146,63.433952633806776,0.8201209344305272,1.052226653086126,0
2024-05-14,NVDA,89.5989990234375,91.6510009765625,88.93399810791016,91.3560028076172,296507000,94.62999725341795,90.39900207519533,89.87799835205078,88.74700164794922,90.41200256347656,90.5540008544922,90.15840148925781,89.11330108642578,86.10915069580078,0.012579372518737053,0.02550442926117107,0.010586408151119109,0.008856615340648633,70.93235746814729,0.9121911390644862,1.060932573012502,1
2024-05-15,NVDA,92.47200012207033,94.86199951171876,91.5989990234375,94.62999725341795,417735000,94.35900115966795,91.3560028076172,90.39900207519533,89.87799835205078,88.74700164794922,90.41200256347656,91.00200042724609,90.27220077514649,86.6389003753662,0.01935330357265947,0.021570242316868538,0.03583775937193012,0.046653039091574255,71.26097827477125,1.216283498130743,1.092234514097363,2
2024-05-16,NVDA,94.91000366210938,95.81900024414062,94.10299682617188,94.35900115966795,323952000,92.47899627685548,94.62999725341795,91.3560028076172,90.39900207519533,89.87799835205078,88.74700164794922,92.12440032958985,91.12640075683593,87.12330055236816,0.014398943465161256,0.020859263100429477,-0.0028637440728680463,0.06323593369363611,64.16353478823888,0.9738822594289679,1.0830512682763958,3
2024-05-17,NVDA,94.36900329589844,94.73999786376952,91.80599975585938,92.47899627685548,359691000,94.77999877929688,94.35900115966795,94.62999725341795,91.3560028076172,90.39900207519533,89.87799835205078,92.64459991455078,91.4954002380371,87.93725051879883,0.020383336911587564,0.020756141735321018,-0.01992395913169165,0.02893920617386958,59.35344484949313,1.0657100615383703,1.0516475751886936,4
2024-05-20,NVDA,93.75,95.1999969482422,93.44000244140624,94.77999877929688,318764000,95.38600158691406,92.47899627685548,94.35900115966795,94.62999725341795,91.3560028076172,90.39900207519533,93.52079925537109,91.75940017700195,88.70035057067871,0.02207865600241789,0.018753921094297164,0.024881352470055518,0.048462887902870566,65.99587532516267,0.928448389857216,1.0685414225479724,0
2024-05-21,NVDA,93.5989990234375,95.4000015258789,93.18000030517578,95.38600158691406,328946000,94.9499969482422,94.77999877929688,92.47899627685548,94.35900115966795,94.62999725341795,91.3560028076172,94.32679901123046,92.24260025024414,89.3485008239746,0.022116327736421262,0.017363006137281912,0.006393783661343022,0.04411312508695753,76.34106159711669,0.9403357635522055,1.0675724909456952,1
2024-05-22,NVDA,95.45899963378906,96.0199966430664,93.2490005493164,94.9499969482422,548648000,103.79900360107422,95.38600158691406,94.77999877929688,92.47899627685548,94.35900115966795,94.62999725341795,94.39079895019532,92.6963996887207,90.11215057373047,0.01645412686417666,0.017521131201532394,-0.00457094994462659,0.003381588334693708,71.64934955015055,1.4591694366120018,1.0536869483605695,2
2024-05-23,NVDA,102.02799987792967,106.31999969482422,101.5199966430664,103.79900360107422,835065000,106.46900177001952,94.9499969482422,95.38600158691406,94.77999877929688,92.47899627685548,94.35900115966795,96.27879943847657,94.2015998840332,91.17050056457519,0.04405773821166355,0.031157503938408913,0.09319649223006987,0.10004347571921124,77.82721025354088,1.7461839962461012,1.1385152319916723,3
2024-05-24,NVDA,104.4489974975586,106.4749984741211,103.0,106.46900177001952,429494000,113.9010009765625,103.79900360107422,94.9499969482422,95.38600158691406,94.77999877929688,92.47899627685548,99.07680053710938,95.86070022583007,92.1072006225586,0.03803572350581439,0.031267311592027155,0.025722772630908608,0.15127765283353622,77.2528384942276,0.8726299993051371,1.1559248468131544,4
2024-05-28,NVDA,110.24400329589844,114.93900299072266,109.88300323486328,113.9010009765625,652728000,114.8249969482422,106.46900177001952,103.79900360107422,94.9499969482422,95.38600158691406,94.77999877929688,102.9010009765625,98.2109001159668,93.41440048217774,0.04189295454313491,0.03493988475635217,0.0698043475846295,0.20174089938311224,86.32642450142455,1.1677205576910072,1.219308804516637,1
2024-05-29,NVDA,113.0500030517578,115.49199676513672,110.9010009765625,114.8249969482422,557442000,110.5,113.9010009765625,106.46900177001952,103.79900360107422,94.9499969482422,95.38600158691406,106.78880004882812,100.5577995300293,94.83555030822754,0.041573536151419184,0.03505326136888812,0.00811227262058778,0.20379295743532833,87.08264553605088,0.92188635423237,1.2107800985500314,2
2024-05-30,NVDA,114.6500015258789,115.81900024414062,109.66300201416016,110.5,487350000,109.63300323486328,114.8249969482422,113.9010009765625,106.46900177001952,103.79900360107422,94.9499969482422,109.89880065917968,102.1447998046875,96.208500289917,0.051568930858159605,0.0396242545583539,-0.037665987922400834,0.16377044288094278,80.57171237719409,0.8226485519123562,1.1485471623299048,3
2024-05-31,NVDA,112.5199966430664,112.71700286865234,106.94000244140624,109.63300323486328,613263000,115.0,110.5,114.8249969482422,113.9010009765625,106.46900177001952,103.79900360107422,111.0656005859375,103.67220001220703,97.39930038452148,0.04001452584239937,0.03992231881049443,-0.007846124571373014,0.05620477491489795,77.971289471899,1.1189799425386557,1.125603600868225,4
2024-06-03,NVDA,113.62100219726562,115.0,112.00299835205078,115.0,438392000,116.43699645996094,109.63300323486328,110.5,114.8249969482422,113.9010009765625,106.46900177001952,112.7718002319336,105.92430038452149,98.7098503112793,0.04327646743663545,0.039003235215745245,0.048954207280440754,0.08012659166663405,80.62949776963825,0.7973155583038548,1.165030639164684,0
2024-06-04,NVDA,115.71600341796876,116.5999984741211,114.04499816894533,116.43699645996094,403324000,122.44000244140624,115.0,109.63300323486328,110.5,114.8249969482422,113.9010009765625,113.27899932861328,108.09000015258789,99.92470016479493,0.031555791291752094,0.03912268090263823,0.012495621390964606,0.022264909541227507,80.85828686558908,0.8067218957256485,1.1652473939669978,1
2024-06-05,NVDA,118.37100219726562,122.4489974975586,117.46800231933594,122.44000244140624,528402000,120.9980010986328,116.43699645996094,115.0,109.63300323486328,110.5,114.8249969482422,114.8020004272461,110.7954002380371,101.51900024414063,0.03801273182840687,0.039791256311482434,0.05155582988186702,0.06631836007447522,82.0628144279424,1.0693232083946007,1.2060796712630462,2
2024-06-06,NVDA,124.0479965209961,125.58699798583984,118.31999969482422,120.9980010986328,664696000,120.88800048828124,122.44000244140624,116.43699645996094,115.0,109.63300323486328,110.5,116.90160064697265,113.40020065307617,103.04830017089844,0.030277347474858565,0.04046547231654024,-0.011777207726400563,0.09500453482925608,79.90524540251951,1.2550541392867351,1.1741872587705573,3
2024-06-07,NVDA,119.7699966430664,121.69200134277344,118.02200317382812,120.88800048828124,412386000,121.79000091552734,120.9980010986328,122.44000244140624,116.43699645996094,115.0,109.63300323486328,119.15260009765625,115.10910034179688,104.65535011291504,0.02888508989948151,0.033199832289011,-0.0009091109716919954,0.10266066714697875,83.21214081296594,0.8425670153644982,1.1551057863535157,4
2024-06-10,NVDA,120.37000274658205,123.0999984741211,117.01000213623048,121.79000091552734,314162700,120.91000366210938,120.88800048828124,120.9980010986328,122.44000244140624,116.43699645996094,115.0,120.51060028076172,116.64120025634766,106.25095024108887,0.024068823606752266,0.03309819278232006,0.0074614554265337585,0.05904348622197686,82.64442874428141,0.6762089164534016,1.1462485807343799,0
2024-06-11,NVDA,121.7699966430664,122.87000274658205,118.73999786376952,120.91000366210938,222551200,125.1999969482422,121.79000091552734,120.88800048828124,120.9980010986328,122.44000244140624,116.43699645996094,121.4052017211914,117.34210052490235,107.77650032043456,0.02549297576265265,0.027091010729884808,-0.007225529573879674,0.038415686922039116,80.64547569399025,0.5194459391450248,1.1218586918542268,1
2024-06-12,NVDA,123.05999755859376,126.87999725341795,122.56999969482422,125.1999969482422,299595000,129.61000061035156,120.91000366210938,121.79000091552734,120.88800048828124,120.9980010986328,122.44000244140624,121.95720062255859,118.37960052490234,109.46870002746581,0.018709775883046613,0.028631354884321423,0.03548087963111368,0.022541607740956815,83.24322982832933,0.782890208163946,1.1437058895997614,2
2024-06-13,NVDA,129.38999938964844,129.8000030517578,127.16000366210938,129.61000061035156,260704500,131.8800048828125,125.1999969482422,120.91000366210938,121.79000091552734,120.88800048828124,120.9980010986328,123.67960052490234,120.2906005859375,111.2177001953125,0.020170705979508655,0.0243785591819287,0.03522367228117784,0.07117472547913084,81.43160791893537,0.8636034306095524,1.1653720620255574,3
2024-06-14,NVDA,129.9600067138672,132.83999633789062,128.32000732421875,131.8800048828125,309320400,130.97999572753906,129.61000061035156,125.1999969482422,120.91000366210938,121.79000091552734,120.88800048828124,125.8780014038086,122.51530075073242,113.09375038146973,0.018366972610950296,0.02285425715577107,0.017514113585149094,0.09092717515496362,81.2489362959738,1.0997403319183539,1.166112224928221,4
2024-06-17,NVDA,132.99000549316406,133.72999572753906,129.5800018310547,130.97999572753906,288504400,135.5800018310547,131.8800048828125,129.61000061035156,125.1999969482422,120.91000366210938,121.79000091552734,127.71600036621093,124.11330032348633,115.0188003540039,0.02124221563062485,0.021462364891045776,-0.00682445497384665,0.0754577119872577,75.02270240687987,1.044794377824478,1.1387703168908903,0
2024-06-18,NVDA,131.13999938964844,136.3300018310547,130.69000244140625,135.5800018310547,294335100,130.77999877929688,130.97999572753906,131.8800048828125,129.61000061035156,125.1999969482422,120.91000366210938,130.65,126.0276008605957,117.0588005065918,0.018514976171846127,0.022533912969997304,0.03511991337275977,0.12132989599389599,77.45152490980672,1.0132300427812302,1.1582213489657271,1
2024-06-20,NVDA,139.8000030517578,140.75999450683594,129.52000427246094,130.77999877929688,517768400,126.56999969482422,135.5800018310547,130.97999572753906,131.8800048828125,129.61000061035156,125.1999969482422,131.76600036621093,126.86160049438476,118.82850036621093,0.03026724110819617,0.023841418566950302,-0.03540347386732645,0.04456870580724903,76.4904001773109,1.5496176059754125,1.1005777096929885,3
2024-06-21,NVDA,127.12000274658205,130.6300048828125,124.3000030517578,126.56999969482422,655484700,118.11000061035156,130.77999877929688,135.5800018310547,130.97999572753906,131.8800048828125,129.61000061035156,131.15800018310546,127.4188003540039,120.40950050354004,0.030746956473790017,0.02635644979639046,-0.032191459885065554,-0.023454987278848538,70.34668719697179,1.586812661680739,1.0511628996509546,4
2024-06-24,NVDA,123.23999786376952,124.45999908447266,118.04000091552734,118.11000061035156,476060900,126.08999633789062,126.56999969482422,130.77999877929688,135.5800018310547,130.97999572753906,131.8800048828125,128.40399932861328,127.14100036621093,121.1250503540039,0.03802692786410965,0.0348333737246846,-0.06684047645469504,-0.1044131313514649,53.4776571486682,1.066371331541491,0.9751079588009214,0
2024-06-25,NVDA,121.1999969482422,126.5,119.31999969482422,126.08999633789062,425787500,126.4000015258789,118.11000061035156,126.56999969482422,130.77999877929688,135.5800018310547,130.97999572753906,127.42599945068359,127.57099990844726,122.10610008239746,0.05557434394999787,0.04120526400945551,0.06756409860554746,-0.03733394067152418,59.4162712328604,0.8984994576347812,1.032626512949024,1
2024-06-26,NVDA,126.12999725341795,128.1199951171875,122.5999984741211,126.4000015258789,362975900,123.98999786376952,126.08999633789062,118.11000061035156,126.56999969482422,130.77999877929688,135.5800018310547,125.58999938964844,128.11999969482423,122.73105010986328,0.0512310893741781,0.04101919243485911,0.0024586025615984664,-0.06770910297386568,54.345533204279135,0.7443896161787152,1.0298942395810298,2
2024-06-27,NVDA,124.0999984741211,126.41000366210938,122.91999816894533,123.98999786376952,252571700,123.54000091552734,126.4000015258789,126.08999633789062,118.11000061035156,126.56999969482422,130.77999877929688,124.23199920654297,127.99899978637696,123.18930015563964,0.04994038294500552,0.040164471333870334,-0.01906648443841963,-0.051919261193648536,53.214986936479406,0.5811909047744775,1.0064997342067716,3
2024-06-28,NVDA,124.58000183105467,127.70999908447266,122.75,123.54000091552734,315516700,124.3000030517578,123.98999786376952,126.4000015258789,126.08999633789062,118.11000061035156,126.56999969482422,123.6259994506836,127.39199981689453,123.84130020141602,0.04831963442562789,0.03818255233012162,-0.003629300395154411,-0.023939312527475498,52.82898049013212,0.8606975662288772,0.9975670532738381,4
2024-07-01,NVDA,123.47000122070312,124.83999633789062,118.83000183105467,124.3000030517578,284885500,122.66999816894533,123.54000091552734,123.98999786376952,126.4000015258789,126.08999633789062,118.11000061035156,124.86399993896484,126.63399963378906,124.57465019226075,0.0332171046899743,0.037632000762198754,0.006151870896861311,0.05240879188399328,52.68564213174308,0.8676342433104248,0.9977953207969753,0
2024-07-02,NVDA,121.12999725341795,123.41000366210938,121.02999877929688,122.66999816894533,218374000,128.27999877929688,124.3000030517578,123.54000091552734,123.98999786376952,126.4000015258789,126.08999633789062,124.18000030517578,125.8029998779297,124.95815010070801,0.010542785572314726,0.03771339985938579,-0.01311347419785458,-0.027123469492223107,51.85340515372709,0.7612437303208662,0.9816886539219845,1
2024-07-03,NVDA,121.66000366210938,128.27999877929688,121.36000061035156,128.27999877929688,215749000,125.83000183105467,122.66999816894533,124.3000030517578,123.54000091552734,123.98999786376952,126.4000015258789,124.55599975585938,125.0729995727539,125.5503002166748,0.0256236587996867,0.03911892679119019,0.0457324585806651,0.014873395812681656,53.15573741017879,0.8381225997825028,1.021741872045795,2
2024-07-05,NVDA,127.37999725341795,128.85000610351562,125.68000030517578,125.83000183105467,214176700,128.1999969482422,128.27999877929688,122.66999816894533,124.3000030517578,123.54000091552734,123.98999786376952,124.9240005493164,124.57799987792968,125.71980018615723,0.025630691982791536,0.038027788768139045,-0.01909882266570151,0.014839938696561639,45.96499080694318,0.8575973977456108,1.0008765655428522,4
2024-07-08,NVDA,127.48999786376952,130.77000427246094,127.04000091552734,128.1999969482422,237677300,131.3800048828125,125.83000183105467,128.27999877929688,122.66999816894533,124.3000030517578,123.54000091552734,125.85599975585937,124.74099960327149,126.0798999786377,0.02609706944397209,0.03711845024997868,0.01883489694587759,0.03772054393864854,46.08009528450284,1.0149667446006683,1.0168155032639121,0
2024-07-09,NVDA,130.35000610351562,133.82000732421875,128.64999389648438,131.3800048828125,285366600,134.91000366210938,128.1999969482422,125.83000183105467,128.27999877929688,122.66999816894533,124.3000030517578,127.27200012207031,126.06800003051758,126.60450019836426,0.027132887654146513,0.028596102613128928,0.024805054682287997,0.056958983565805976,50.40634805093991,1.2181165287452802,1.0377198652256907,1
2024-07-10,NVDA,134.02999877929688,135.10000610351562,132.4199981689453,134.91000366210938,248978600,127.4000015258789,131.3800048828125,128.1999969482422,125.83000183105467,128.27999877929688,122.66999816894533,129.72000122070312,126.95000076293945,127.26050033569337,0.023774292028882656,0.02173460448926274,0.026868615071566904,0.09977994355479392,49.30425956225188,1.0357293267713201,1.0601090150222403,2
2024-07-11,NVDA,135.75,136.14999389648438,127.0500030517578,127.4000015258789,374782700,129.24000549316406,134.91000366210938,131.3800048828125,128.1999969482422,125.83000183105467,128.27999877929688,129.54400177001952,127.05000076293945,127.58500022888184,0.035888350408042474,0.02947601981100601,-0.055666755113577326,-0.006859972418085114,46.67715620740249,1.3768834839023207,0.9985499964520042,3
2024-07-12,NVDA,128.25999450683594,131.9199981689453,127.22000122070312,129.24000549316406,252680500,128.44000244140625,127.4000015258789,134.91000366210938,131.3800048828125,128.1999969482422,125.83000183105467,130.22600250244142,127.5750015258789,127.78700065612793,0.03474129306556682,0.028815685959882726,0.014442731124389985,0.02710008433988431,52.753150212180195,0.9027619932093626,1.0113705214894755,4
2024-07-15,NVDA,130.55999755859375,131.38999938964844,127.18000030517578,128.44000244140625,208326200,126.36000061035156,129.24000549316406,127.4000015258789,134.91000366210938,131.3800048828125,128.1999969482422,130.2740036010742,128.06500167846679,127.72850074768067,0.034202636275593015,0.028907510529113077,-0.006190057395193516,0.0018721177759539742,62.65000919338854,0.7602399063566455,1.0055704223376982,0
2024-07-16,NVDA,128.44000244140625,129.0399932861328,124.58000183105467,126.36000061035156,214769500,117.98999786376952,128.44000244140625,129.24000549316406,127.4000015258789,134.91000366210938,131.3800048828125,129.27000274658204,128.27100143432617,127.45250053405762,0.031858725151190016,0.02960181572026836,-0.01619434593209057,-0.03820980427682774,50.386493119352224,0.8263305214355107,0.9914281797600815,1
2024-07-17,NVDA,121.3499984741211,121.8499984741211,116.72000122070312,117.98999786376952,390086200,121.08999633789062,126.36000061035156,128.44000244140625,129.24000549316406,127.4000015258789,134.91000366210938,125.88600158691406,127.8030014038086,126.80300064086914,0.03399821759051822,0.036570825624515184,-0.06623933765552992,-0.12541698420464864,40.21865596363161,1.3538594619868558,0.9304984682337307,2
2024-07-18,NVDA,121.8499984741211,122.4000015258789,116.55999755859376,121.08999633789062,320979500,117.93000030517578,117.98999786376952,126.36000061035156,128.44000244140625,129.24000549316406,127.4000015258789,124.6240005493164,127.08400115966796,126.07850036621093,0.035805306018229725,0.03410850661068434,0.026273400544513548,-0.049529082515014866,46.68040236657867,1.1572317652069786,0.9604333489545754,3
2024-07-19,NVDA,120.3499984741211,121.5999984741211,117.37000274658205,117.93000030517578,217223800,123.54000091552734,121.08999633789062,117.98999786376952,126.36000061035156,128.44000244140625,129.24000549316406,122.36199951171875,126.29400100708008,125.43600044250488,0.03352226737851568,0.03449454324627134,-0.02609626004031884,-0.08751164273655576,43.953439492457115,0.8037079287238014,0.9401607185269786,4
2024-07-22,NVDA,120.3499984741211,124.06999969482422,119.86000061035156,123.54000091552734,258068900,122.58999633789062,117.93000030517578,121.08999633789062,117.98999786376952,126.36000061035156,128.44000244140625,121.38199920654297,125.8280014038086,125.28450050354004,0.04484292550104773,0.03782196399228405,0.04757059777693695,-0.03815012015523955,49.25838998673493,0.9209327000054741,0.9860756950700106,0
2024-07-23,NVDA,122.77999877929688,124.69000244140624,122.0999984741211,122.58999633789062,173911000,114.25,123.54000091552734,117.93000030517578,121.08999633789062,117.98999786376952,126.36000061035156,120.62799835205078,124.94900054931641,125.508500289917,0.04456444250980914,0.036537681480833126,-0.007689854060194623,-0.029835424614204187,49.92088428523183,0.63925204816046,0.9767465634177382,1
2024-07-24,NVDA,119.16999816894533,119.9499969482422,113.44000244140624,114.25,327776900,112.27999877929688,122.58999633789062,123.54000091552734,117.93000030517578,121.08999633789062,117.98999786376952,119.87999877929687,122.88300018310547,124.91650047302247,0.045180741556494104,0.03919544270802819,-0.06803162237564131,-0.03169758396035993,36.836182651884926,1.2626616950705958,0.9146109566579953,2
2024-07-25,NVDA,113.04000091552734,116.62999725341795,106.3000030517578,112.27999877929688,460067000,113.05999755859376,114.25,122.58999633789062,123.54000091552734,117.93000030517578,121.08999633789062,118.11799926757813,121.37099990844726,124.21050033569335,0.041552871524920466,0.036651902144618484,-0.01724289908711707,-0.07275578350841017,37.170990567059945,1.6007368162335054,0.9039493317863393,3
2024-07-26,NVDA,116.19000244140624,116.1999969482422,111.58000183105467,113.05999755859376,293399100,111.58999633789062,112.27999877929688,114.25,122.58999633789062,123.54000091552734,117.93000030517578,117.14399871826171,119.75299911499023,123.66400032043457,0.04183402323871401,0.03612525885441632,0.006946907621811604,-0.04129570706333896,35.220622297427155,0.969451030644593,0.914251498137178,4
2024-07-29,NVDA,113.69000244140624,116.27999877929688,111.3000030517578,111.58999633789062,248152100,103.7300033569336,113.05999755859376,112.27999877929688,114.25,122.58999633789062,123.54000091552734,114.75399780273438,118.06799850463867,123.06650009155274,0.02846530422269149,0.03605324104236107,-0.013001956947162552,-0.0967298404490684,30.01413387049851,0.8253545302583419,0.9067455095812068,0
2024-07-30,NVDA,111.5199966430664,111.98999786376952,102.54000091552734,103.7300033569336,486833300,117.0199966430664,111.58999633789062,113.05999755859376,112.27999877929688,114.25,122.58999633789062,110.98199920654297,115.80499877929688,122.03800010681152,0.03489472395947421,0.040349638843811104,-0.07043635844522522,-0.15384610118572706,21.043835431251395,1.3402314929113541,0.8499811801745834,1
2024-07-31,NVDA,112.9000015258789,118.33999633789062,110.87999725341795,117.0199966430664,473174200,109.20999908447266,103.7300033569336,111.58999633789062,113.05999755859376,112.27999877929688,114.25,111.53599853515625,115.70799865722657,121.75550003051758,0.07357719389398092,0.05793530299515964,0.12812101471164627,0.02424504720408227,41.29486268624324,1.2060766740566256,0.9611064519774118,2
2024-08-01,NVDA,117.52999877929688,120.16000366210938,106.80999755859376,109.20999908447266,523462300,107.2699966430664,117.0199966430664,103.7300033569336,111.58999633789062,113.05999755859376,112.27999877929688,110.9219985961914,114.51999893188477,120.80200004577637,0.08062604818744606,0.060760606345311975,-0.06674070913209607,-0.02734235596901602,34.73089658719759,1.2924861026132568,0.904041315897824,3
2024-08-02,NVDA,103.76000213623048,108.72000122070312,101.37000274658205,107.2699966430664,482027500,100.4499969482422,109.20999908447266,117.0199966430664,103.7300033569336,111.58999633789062,113.05999755859376,109.76399841308594,113.45399856567383,119.87399978637696,0.0806195519552932,0.060551704005865514,-0.01776396353511256,-0.05121175517916199,34.13756213532993,1.0887620686455588,0.8948562393365393,4
2024-08-05,NVDA,92.05999755859376,103.41000366210938,90.69000244140624,100.4499969482422,552842400,104.25,107.2699966430664,109.20999908447266,117.0199966430664,103.7300033569336,111.58999633789062,107.53599853515625,111.1449981689453,118.48649978637695,0.08448956615993997,0.05944416091428818,-0.06357788671810338,-0.09982973165369491,31.87350723986664,1.0976326982416234,0.8477758827321819,0
2024-08-06,NVDA,103.83999633789062,107.70999908447266,100.5500030517578,104.25,409012100,98.91000366210938,100.4499969482422,107.2699966430664,109.20999908447266,117.0199966430664,103.7300033569336,107.63999786376954,109.31099853515624,117.12999954223633,0.08153873533323472,0.062085668787579144,0.037829797582928704,0.005012982032566837,39.7309411926377,0.8379614823653252,0.8900367148247799,1
2024-08-07,NVDA,107.80999755859376,108.8000030517578,98.69000244140624,98.91000366210938,411440400,104.97000122070312,104.25,100.4499969482422,107.2699966430664,109.20999908447266,117.0199966430664,104.01799926757812,107.7769989013672,115.32999954223632,0.04373794921728238,0.060683749264860816,-0.05122298645458634,-0.15475981456567645,33.960082610228994,0.8648121875006174,0.8576259781036972,2
2024-08-08,NVDA,102.0,105.5,97.5199966430664,104.97000122070312,391910000,104.75,98.91000366210938,104.25,100.4499969482422,107.2699966430664,109.20999908447266,103.16999969482421,107.0459991455078,114.20849952697753,0.054640472762498365,0.06496003766829538,0.061267792278074884,-0.038824264255234886,41.00499606827695,0.8719836898044012,0.9191084871569287,3
2024-08-09,NVDA,105.63999938964844,106.5999984741211,103.43000030517578,104.75,290844200,109.0199966430664,104.97000122070312,98.91000366210938,104.25,100.4499969482422,107.2699966430664,102.66600036621094,106.21499938964844,112.98399925231934,0.05429504751567063,0.06484028062494247,-0.0020958485104765057,-0.02349209212200798,35.903972402762975,0.7072890428540836,0.9271224305493833,4
2024-08-12,NVDA,106.31999969482422,111.06999969482422,106.26000213623048,109.0199966430664,325559900,116.13999938964844,104.75,104.97000122070312,98.91000366210938,104.25,100.4499969482422,104.38000030517578,105.95799942016602,112.01299896240235,0.0446564172279789,0.06638399930433372,0.04076369110325917,0.0853160772044621,40.30298420964541,0.8901078464578257,0.9732798662024882,0
2024-08-13,NVDA,112.44000244140624,116.2300033569336,111.58000183105467,116.13999938964844,312646700,118.08000183105467,109.0199966430664,104.75,104.97000122070312,98.91000366210938,104.25,106.75800018310547,107.1989990234375,111.50199890136719,0.04926636361133876,0.06431477288757256,0.06530914479747296,0.11405275193907372,51.37454531572828,0.9023507372310756,1.0415956712344139,1
2024-08-14,NVDA,118.52999877929688,118.5999984741211,114.06999969482422,118.08000183105467,339246400,122.86000061035156,116.13999938964844,109.0199966430664,104.75,104.97000122070312,98.91000366210938,110.59199981689453,107.30499954223633,111.50649909973144,0.028909556492341722,0.05032022258301202,0.016703999066657094,0.19381253118170672,54.220026365381,1.021698978296203,1.0589517452740032,2
2024-08-15,NVDA,118.76000213623048,123.23999786376952,117.47000122070312,122.86000061035156,318086700,124.58000183105467,118.08000183105467,116.13999938964844,109.0199966430664,104.75,104.97000122070312,114.16999969482421,108.66999969482421,111.59499931335449,0.025760694713426048,0.04519689419331198,0.04048101884463007,0.17042963876921458,56.7381772164329,1.0025527238394187,1.1009453951011314,3
2024-08-16,NVDA,121.94000244140624,125.0,121.18000030517578,124.58000183105467,302589900,130.0,122.86000061035156,118.08000183105467,116.13999938964844,109.0199966430664,104.75,118.13600006103516,110.40100021362305,111.92749938964843,0.020956166010141095,0.04391046795289126,0.01399968429235221,0.1893078933752237,58.900923661917695,0.9467001299519138,1.1130419468888484,4
2024-08-19,NVDA,124.27999877929688,130.0,123.41999816894533,130.0,318333600,127.25,124.58000183105467,122.86000061035156,118.08000183105467,116.13999938964844,109.0199966430664,122.33200073242188,113.35600051879882,112.25049934387206,0.02116481491393825,0.034386708724709336,0.043506165430110544,0.19244179052419663,68.62328083044342,1.0004806703210685,1.1581240240344366,0
2024-08-20,NVDA,128.39999389648438,129.8800048828125,125.88999938964844,127.25,300087400,128.5,130.0,124.58000183105467,122.86000061035156,118.08000183105467,116.13999938964844,124.55400085449219,115.65600051879883,112.48349952697754,0.02600079033351697,0.037200396224155406,-0.02115384615384619,0.09566041560821459,58.526424171713394,0.9506400379131545,1.1312770364997484,1
2024-08-21,NVDA,127.31999969482422,129.35000610351562,126.66000366210938,128.5,257883600,123.73999786376952,127.25,130.0,124.58000183105467,122.86000061035156,118.08000183105467,126.63800048828125,118.6150001525879,113.19599952697754,0.026313547013758702,0.027929928811320448,0.00982318271119853,0.08824524057726513,68.05165712647275,0.8613454865031037,1.1351991283877052,2
2024-08-22,NVDA,130.02000427246094,130.75,123.0999984741211,123.73999786376952,376189100,129.3699951171875,128.5,127.25,130.0,124.58000183105467,122.86000061035156,126.81399993896484,120.49199981689453,113.76899948120118,0.031576288832568127,0.03154186405577535,-0.03704281818078192,0.007162601734057139,64.64000108506944,1.209546226325067,1.0876424898525712,3
2024-08-23,NVDA,125.86000061035156,129.60000610351562,125.22000122070312,129.3699951171875,323230300,126.45999908447266,123.73999786376952,128.5,127.25,130.0,124.58000183105467,127.77199859619141,122.95399932861328,114.58449935913086,0.03724540121421259,0.03192386155389475,0.045498604740694004,0.03844913481883405,76.2622588551418,1.0256564601414968,1.1290357407917446,4
2024-08-26,NVDA,129.57000732421875,131.25999450683594,124.37000274658205,126.45999908447266,331964700,128.3000030517578,129.3699951171875,123.73999786376952,128.5,127.25,130.0,127.06399841308594,124.6979995727539,115.32799949645997,0.03302848549116217,0.033949214251489564,-0.02249359312473398,-0.027230776273287294,70.50027964123106,1.044337731700109,1.096524691632706,0
2024-08-27,NVDA,125.0500030517578,129.1999969482422,123.87999725341795,128.3000030517578,303134600,125.61000061035156,126.45999908447266,129.3699951171875,123.73999786376952,128.5,127.25,127.2739990234375,125.91399993896485,116.55649948120117,0.03253878735506676,0.02911949529430138,0.014550086830667164,0.008251497459786261,79.00138193379786,0.9518153798195343,1.1007537428013672,1
2024-08-28,NVDA,128.1199951171875,128.3300018310547,122.63999938964844,125.61000061035156,448101100,117.58999633789062,128.3000030517578,126.45999908447266,129.3699951171875,123.73999786376952,128.5,126.69599914550781,126.66699981689453,116.98599967956542,0.03360014651853722,0.030610010695041268,-0.020966503331422914,-0.022490267623723303,71.81817976529854,1.2568611096993312,1.0737182308516233,2
2024-08-29,NVDA,121.36000061035156,124.43000030517578,116.70999908447266,117.58999633789062,453023300,119.37000274658205,125.61000061035156,128.3000030517578,126.45999908447266,129.3699951171875,123.73999786376952,125.46599884033203,126.13999938964844,117.40499954223633,0.04140443881985951,0.035219260200328,-0.06384845341526102,-0.04970099912761983,61.6515380359199,1.218162159429596,1.0015757148023985,3
2024-08-30,NVDA,119.52999877929688,121.75,117.22000122070312,119.37000274658205,333751600,108.0,117.58999633789062,125.61000061035156,128.3000030517578,126.45999908447266,129.3699951171875,123.46600036621093,125.61899948120117,118.0099998474121,0.03262675592047038,0.03528497067598509,0.015137396582415308,-0.07729761728403206,59.83653581217281,0.8923957444785501,1.011524471662812,4
2024-09-03,NVDA,116.01000213623048,116.20999908447266,107.29000091552734,108.0,477155100,106.20999908447266,119.37000274658205,117.58999633789062,125.61000061035156,128.3000030517578,126.45999908447266,119.77400054931641,123.41899948120117,118.3875,0.04875182451365356,0.041410160014168446,-0.09525008364723031,-0.145975005678608,42.8420707722083,1.1839103355123601,0.9122584732340829,1
2024-09-04,NVDA,105.41000366210938,113.2699966430664,104.12000274658205,106.20999908447266,372470300,107.20999908447266,108.0,119.37000274658205,117.58999633789062,125.61000061035156,128.3000030517578,115.35599975585937,121.31499938964843,118.48549995422363,0.04331299849194179,0.041391497791724845,-0.016574082551179092,-0.17217461762938369,39.53447386317546,0.8934278000484912,0.8963965981112156,2
2024-09-05,NVDA,104.98999786376952,109.6500015258789,104.76000213623048,107.20999908447266,306850700,102.83000183105467,106.20999908447266,108.0,119.37000274658205,117.58999633789062,125.61000061035156,111.67599945068359,119.18599929809571,118.9004997253418,0.047891144316799764,0.04136219216995292,0.009415309374070091,-0.14648516389197885,35.21632635175955,0.7895292476370783,0.9016782884186861,3
2024-09-06,NVDA,108.04000091552734,108.1500015258789,100.9499969482422,102.83000183105467,413638100,106.47000122070312,107.20999908447266,106.20999908447266,108.0,119.37000274658205,117.58999633789062,108.7240005493164,117.09499969482422,118.79349975585937,0.04486340776907096,0.041582771842683906,-0.04085437264081038,-0.12552083482019716,30.437133061059598,1.086311072975837,0.8656197691152094,4
2024-09-09,NVDA,104.87999725341795,106.5500030517578,103.69000244140624,106.47000122070312,273912000,108.0999984741211,102.83000183105467,107.20999908447266,106.20999908447266,108.0,119.37000274658205,106.14400024414063,114.80500030517578,118.87949981689454,0.050077611736343244,0.03997298974723344,0.03539822352263311,-0.10806736390268101,28.13604053658979,0.7427009442707484,0.8956127960219779,0
2024-09-10,NVDA,107.80999755859376,109.4000015258789,104.9499969482422,108.0999984741211,268283700,116.91000366210938,106.47000122070312,102.83000183105467,107.20999908447266,106.20999908447266,108.0,106.16399993896485,112.96900024414063,118.83349990844727,0.0296580066959787,0.041323194127592625,0.015309450875642616,0.0009259117974176334,31.827673310228477,0.8203617785912379,0.909676131372083,1
2024-09-11,NVDA,109.38999938964844,117.19000244140624,107.41999816894533,116.91000366210938,441422400,119.13999938964844,108.0999984741211,106.47000122070312,102.83000183105467,107.20999908447266,106.20999908447266,108.30400085449219,111.83000030517579,118.87200012207032,0.04431806774186236,0.05091169550031542,0.08149866153881002,0.10074385340241476,40.38174821358248,1.2951722688289098,0.9834948814022969,2
2024-09-12,NVDA,116.83999633789062,120.79000091552734,115.37999725341795,119.13999938964844,367100500,119.0999984741211,116.91000366210938,108.0999984741211,106.47000122070312,102.83000183105467,107.20999908447266,110.69000091552735,111.18300018310546,118.925,0.04394189662294722,0.051357631489345856,0.019074464611122055,0.111276936918691,46.0152479480144,1.0403239322298037,1.0018078569657216,3
2024-09-13,NVDA,119.08000183105467,119.95999908447266,117.5999984741211,119.0999984741211,238358300,116.77999877929688,119.13999938964844,116.91000366210938,108.0999984741211,106.47000122070312,102.83000183105467,113.94400024414062,111.33400039672851,118.73699989318848,0.031370812249229996,0.04687509268512652,-0.0003357471523608435,0.15822227320191362,40.149631519212164,0.7499898211345215,1.0030571648370699,4
2024-09-16,NVDA,116.79000091552734,118.18000030517578,114.36000061035156,116.77999877929688,248772300,115.58999633789062,119.0999984741211,119.13999938964844,116.91000366210938,108.0999984741211,106.47000122070312,116.00599975585938,111.075,118.34699974060058,0.03799347944755922,0.04709792335384179,-0.019479426738433836,0.0968347651017869,40.609238196165386,0.7953398000891596,0.9867592675375096,0
2024-09-17,NVDA,118.16999816894533,118.8000030517578,114.83000183105467,115.58999633789062,231925900,113.37000274658205,116.77999877929688,119.0999984741211,119.13999938964844,116.91000366210938,108.0999984741211,117.50399932861328,111.83399963378906,117.62649955749512,0.04029051588366616,0.03411153378209567,-0.010190122057247453,0.0692876777936553,37.51227838931521,0.7591287889847166,0.9826866970685542,1
2024-09-18,NVDA,115.88999938964844,117.6999969482422,113.22000122070312,113.37000274658205,310318900,117.87000274658205,115.58999633789062,116.77999877929688,119.0999984741211,119.13999938964844,116.91000366210938,116.7959991455078,112.55,116.93249969482422,0.016081456234302738,0.03432588848438265,-0.019205758816871477,-0.030279709217686412,37.8619630541846,1.1110786086605575,0.9695337313617708,2
2024-09-19,NVDA,117.3499984741211,119.66000366210938,117.25,117.87000274658205,293506400,116.0,113.37000274658205,115.58999633789062,116.77999877929688,119.0999984741211,119.13999938964844,116.54199981689453,113.61600036621094,116.40099983215332,0.024544242784286182,0.03585760027120932,0.03969303952526948,-0.01065969992926441,50.29851428526811,1.1093447653448705,1.0126201915494453,3
2024-09-20,NVDA,117.05999755859376,118.62000274658205,115.38999938964844,116.0,382462400,116.26000213623048,117.87000274658205,113.37000274658205,115.58999633789062,116.77999877929688,119.0999984741211,115.92200012207032,114.93300018310546,116.01399993896484,0.02526810942951227,0.03263901744157228,-0.015864958878490154,-0.026028534960852112,46.41412758056284,1.3035653580583153,0.9998793254351008,4
2024-09-23,NVDA,116.5500030517578,116.98999786376952,114.86000061035156,116.26000213623048,206228500,120.87000274658205,116.0,117.87000274658205,113.37000274658205,115.58999633789062,116.77999877929688,115.81800079345703,115.9120002746582,115.35850028991699,0.02399346233503447,0.03173619686187282,0.0022413977261248608,-0.004452788563982901,61.510594716452516,0.723892182069036,1.0078147847280248,0
2024-09-24,NVDA,116.5199966430664,121.8000030517578,115.37999725341795,120.87000274658205,354966800,123.51000213623048,116.26000213623048,116.0,117.87000274658205,113.37000274658205,115.58999633789062,116.8740020751953,117.18900070190429,115.07900047302246,0.02889934609783637,0.03315257566909175,0.03965250753177929,0.045678748818859694,68.9405747004526,1.146916638179547,1.0503219722951724,1
2024-09-25,NVDA,122.0199966430664,124.94000244140624,121.61000061035156,123.51000213623048,284692900,124.04000091552734,120.87000274658205,116.26000213623048,116.0,117.87000274658205,113.37000274658205,118.90200195312502,117.8490005493164,114.8395004272461,0.024228903542893428,0.023016772027349846,0.021841642505655345,0.08944164367989438,70.20327780303677,0.9353470792590894,1.075501039944678,2
2024-09-26,NVDA,126.8000030517578,127.66999816894533,121.8000030517578,124.04000091552734,302582900,121.4000015258789,123.51000213623048,120.87000274658205,116.26000213623048,116.0,117.87000274658205,120.13600158691409,118.3390007019043,114.76100044250488,0.0210970624050742,0.022535065698457063,0.004291140556473172,0.05234578794581579,79.06275736663143,0.9882300570207654,1.0808549981025237,3
2024-09-27,NVDA,123.97000122070312,124.02999877929688,119.26000213623048,121.4000015258789,271009200,121.44000244140624,124.04000091552734,123.51000213623048,120.87000274658205,116.26000213623048,116.0,121.21600189208986,118.56900100708008,114.9515007019043,0.022851781904182928,0.023939999594064235,-0.02128345187167735,0.046551737292059636,71.03409580705735,0.9546071192393442,1.0560975784100206,4
2024-09-30,NVDA,118.30999755859376,121.5,118.1500015258789,121.44000244140624,226553700,117.0,121.4000015258789,124.04000091552734,123.51000213623048,120.87000274658205,116.26000213623048,122.252001953125,119.03500137329101,115.05500068664551,0.02301584644572768,0.022739047334622155,0.0003294968288678479,0.04455530887661574,69.67552119002345,0.7867510576949456,1.0554952128691077,0
2024-10-01,NVDA,121.7699966430664,122.44000244140624,115.79000091552734,117.0,302094500,118.8499984741211,121.44000244140624,121.4000015258789,124.04000091552734,123.51000213623048,120.87000274658205,121.47800140380859,119.17600173950196,115.5050006866455,0.022849075019413766,0.02589686858345012,-0.03656128419091975,-0.03201789243519715,50.152381208281184,1.089073720349329,1.0129431566119833,1
2024-10-02,NVDA,116.44000244140624,119.37999725341795,115.13999938964844,118.8499984741211,221845900,122.8499984741211,117.0,121.44000244140624,121.4000015258789,124.04000091552734,123.51000213623048,120.54600067138672,119.72400131225587,116.13700065612792,0.021085062241043787,0.025140434193677643,0.015811952770265814,-0.03772976748044621,49.50257135446479,0.8377320902521301,1.0233603227452561,2
2024-10-03,NVDA,120.91999816894533,124.36000061035156,120.33999633789062,122.8499984741211,277118000,124.91999816894533,118.8499984741211,117.0,121.44000244140624,121.4000015258789,124.04000091552734,120.30800018310546,120.22200088500976,116.91900062561035,0.028105180077249776,0.02427267071373808,0.03365586917420926,-0.009593699069839978,55.662941605062365,1.066970024286526,1.0507274080070403,3
2024-10-04,NVDA,124.94000244140624,125.04000091552734,121.83000183105467,124.91999816894533,243678100,127.72000122070312,122.8499984741211,118.8499984741211,117.0,121.44000244140624,121.4000015258789,121.01199951171876,121.1140007019043,118.02350044250488,0.026563396043411888,0.023426050640160116,0.01684981457496959,0.028995029644345305,62.38587832996599,0.9583889657923895,1.05843325863564,4
2024-10-07,NVDA,124.98999786376952,130.63999938964844,124.9499969482422,127.72000122070312,346250200,132.88999938964844,124.91999816894533,122.8499984741211,118.8499984741211,117.0,121.44000244140624,122.26799926757812,122.26000061035157,119.08600044250488,0.027209494025816423,0.023771434002354392,0.022414369939159018,0.05171276888212306,67.59501661335463,1.2446208148503504,1.0725022315479205,0
2024-10-08,NVDA,130.25999450683594,133.47999572753906,129.4199981689453,132.88999938964844,285722500,132.64999389648438,127.72000122070312,124.91999816894533,122.8499984741211,118.8499984741211,117.0,125.44599914550781,123.46200027465821,120.32550048828125,0.010822578865504124,0.023888316260638674,0.04047915846799466,0.13581196059528589,76.08230039869798,1.0392821348411303,1.1044209153536069,1
2024-10-09,NVDA,134.11000061035156,134.52000427246094,131.3800048828125,132.64999389648438,246191600,134.80999755859375,132.88999938964844,127.72000122070312,124.91999816894533,122.8499984741211,118.8499984741211,128.20599822998048,124.3759994506836,121.1125,0.01635737526109136,0.023731911459291075,-0.0018060463109819125,0.11611271013493663,72.28586567714649,0.8799091096502804,1.0952626186106669,2
2024-10-10,NVDA,131.91000366210938,135.0,131.0,134.80999755859375,242311300,134.8000030517578,132.64999389648438,132.88999938964844,127.72000122070312,124.91999816894533,122.8499984741211,130.597998046875,125.45299911499023,121.89599990844727,0.015147483856707666,0.02385900256031204,0.016283481051608373,0.09735449111130512,78.11657801822845,0.8881378249386415,1.1059427516887004,3
2024-10-11,NVDA,134.00999450683594,135.77999877929688,133.66000366210938,134.8000030517578,170209500,138.07000732421875,134.80999755859375,132.64999389648438,132.88999938964844,127.72000122070312,124.91999816894533,132.5739990234375,126.79299926757812,122.68100013732911,0.017424303866063553,0.021755635607752337,-7.41377272972521e-05,0.07909065824232964,77.92168427593495,0.6593765590073055,1.0987846765258082,4
2024-10-14,NVDA,136.47000122070312,139.60000610351562,136.3000030517578,138.07000732421875,232347700,131.60000610351562,134.8000030517578,134.80999755859375,132.64999389648438,132.88999938964844,127.72000122070312,134.6440002441406,128.45599975585938,123.7455005645752,0.017626633095042223,0.021799481953344385,0.02425819138301799,0.0810366896695418,76.99309499264243,0.9872159054697104,1.1157577988233074,0
2024-10-15,NVDA,137.8699951171875,138.57000732421875,128.74000549316406,131.60000610351562,377831000,135.72000122070312,138.07000732421875,134.8000030517578,134.80999755859375,132.64999389648438,132.88999938964844,134.38600158691406,129.91600036621094,124.54600105285644,0.02756502326650731,0.024485789304877104,-0.04686029461496399,-0.00970722621760578,61.33370928060323,1.4888235877767604,1.0566377482297928,1
2024-10-16,NVDA,133.97999572753906,136.6199951171875,131.5800018310547,135.72000122070312,264879700,136.92999267578125,131.60000610351562,138.07000732421875,134.8000030517578,134.80999755859375,132.64999389648438,135.0000030517578,131.60300064086914,125.6635009765625,0.031246944567865267,0.025225792630367706,0.031306952326026094,0.023143667285913994,64.86761507069329,1.0285957555077,1.0800272168608152,2
2024-10-17,NVDA,139.33999633789062,140.88999938964844,136.8699951171875,136.92999267578125,306435900,138.0,135.72000122070312,131.60000610351562,138.07000732421875,134.8000030517578,134.80999755859375,135.42400207519532,133.01100006103516,126.61650047302246,0.03075056277524143,0.024239716512582773,0.008915351047709352,0.015725800427123904,70.51518068160632,1.133517195113308,1.0814545668552595,3
2024-10-18,NVDA,138.6699981689453,138.89999389648438,137.27999877929688,138.0,176090200,143.7100067138672,136.92999267578125,135.72000122070312,131.60000610351562,138.07000732421875,134.8000030517578,136.06400146484376,134.31900024414062,127.71650047302246,0.030723102650499542,0.024173061320510635,0.007814265547740673,0.023738849226980552,71.29629048209607,0.648542319096896,1.080518174933471,4
2024-10-21,NVDA,138.1300048828125,143.7100067138672,138.0,143.7100067138672,264554500,143.58999633789062,138.0,136.92999267578125,135.72000122070312,131.60000610351562,138.07000732421875,137.19200134277344,135.91800079345703,129.0890007019043,0.0341557074931462,0.02591247404505224,0.041376860245414315,0.04084883820136609,83.26276540880814,0.9517777957021317,1.1132629885773622,0
2024-10-22,NVDA,142.91000366210938,144.4199981689453,141.77999877929688,143.58999633789062,226311600,139.55999755859375,143.7100067138672,138.0,136.92999267578125,135.72000122070312,131.60000610351562,139.58999938964843,136.98800048828124,130.22500038146973,0.017777717040592417,0.024129494552026513,-0.0008350871224681589,0.09110934405993687,82.1967520879052,0.9138203006948635,1.1026300320005424,1
2024-10-23,NVDA,142.02999877929688,142.42999267578125,137.4600067138672,139.55999755859375,285930000,140.41000366210938,143.58999633789062,143.7100067138672,138.0,136.92999267578125,135.72000122070312,140.35799865722657,137.6790008544922,131.0275001525879,0.024851551662330346,0.026620222232209223,-0.028066013525159694,0.028293518297617393,71.7295064548216,1.1352535514739595,1.0651198977013936,2
2024-10-24,NVDA,140.82000732421875,141.35000610351562,138.4600067138672,140.41000366210938,172354900,141.5399932861328,139.55999755859375,143.58999633789062,143.7100067138672,138.0,136.92999267578125,141.0540008544922,138.23900146484374,131.846000289917,0.024796238376014697,0.026351485661975954,0.006090614204537825,0.02541452692959667,70.80310847913464,0.7658575779130732,1.0649545936422868,3
2024-10-25,NVDA,140.92999267578125,144.1300048828125,140.8000030517578,141.5399932861328,205122100,140.52000427246094,140.41000366210938,139.55999755859375,143.58999633789062,143.7100067138672,138.0,141.76199951171876,138.91300048828126,132.85299987792968,0.024802433290380246,0.026323665107326737,0.008047785731440493,0.025652125261832026,69.43192784603562,0.8885336581091597,1.065388010930766,4
2023-12-11,TSLA,242.7400054931641,243.44000244140625,237.4499969482422,239.7400054931641,97913900,237.00999450683597,243.83999633789065,242.63999938964844,239.3699951171875,238.72000122070312,235.5800018310547,240.86199951171875,240.96600036621095,238.20250091552734,0.01240149510255619,0.019088610082308003,-0.01681426716823431,0.017658560275811253,54.25926210822012,0.8552274844194258,1.0064546113988198,0
2023-12-12,TSLA,238.5500030517578,238.9900054931641,233.8699951171875,237.00999450683597,95328300,239.2899932861328,239.7400054931641,243.83999633789065,242.63999938964844,239.3699951171875,238.72000122070312,240.5199981689453,239.99499969482423,238.86750030517578,0.012464333080893262,0.011790480365676117,-0.011387381846063915,-0.007163231841165296,45.41875767444347,0.8996617219151047,0.992223698092178,1
2023-12-13,TSLA,234.19000244140625,240.3000030517578,228.1999969482422,239.2899932861328,146286300,251.0500030517578,237.00999450683597,239.7400054931641,243.83999633789065,242.63999938964844,239.3699951171875,240.50399780273438,239.50999908447267,238.96149978637695,0.01337919742258173,0.012258360982694614,0.009619842336358042,-0.00033421829254542956,56.1920867050604,1.3307200988845829,1.0013746712338578,2
2023-12-14,TSLA,241.22000122070312,253.8800048828125,240.7899932861328,251.0500030517578,160829200,253.5,239.2899932861328,237.00999450683597,239.7400054931641,243.83999633789065,242.63999938964844,242.18599853515624,240.60699920654298,239.37200012207032,0.025944579334505585,0.01918703376179753,0.04914543063053567,0.03466041742196024,65.13388001276599,1.3328288066817626,1.0487860022213633,3
2023-12-15,TSLA,251.2100067138672,254.1300048828125,248.3000030517578,253.5,135720800,252.0800018310547,251.0500030517578,239.2899932861328,237.00999450683597,239.7400054931641,243.83999633789065,244.1179992675781,242.0739990234375,240.36750030517578,0.02593386803120468,0.018915340161324855,0.009758999874367902,0.03961615734575141,66.32308655330668,1.0668557418620501,1.0546350886794218,4
2023-12-18,TSLA,253.77999877929688,258.739990234375,251.3600006103516,252.0800018310547,116416500,257.2200012207031,253.5,251.0500030517578,239.2899932861328,237.00999450683597,239.7400054931641,246.58599853515625,243.7239990234375,241.25650024414062,0.023626917956933433,0.01814027131429325,-0.005601570686174839,0.0514724120094443,56.071591169537456,0.8892442815718328,1.0448630464918507,0
2023-12-19,TSLA,253.47999572753903,258.3399963378906,253.00999450683597,257.2200012207031,106737400,247.13999938964844,252.0800018310547,253.5,251.0500030517578,239.2899932861328,237.00999450683597,250.62799987792968,245.5739990234375,242.3375,0.020383717951725853,0.018549522303192217,0.0203903496997484,0.08527069398874754,64.00428553084416,0.8013436233746383,1.061412291620996,1
2023-12-20,TSLA,256.4100036621094,259.8399963378906,247.0,247.13999938964844,125097000,254.5,257.2200012207031,252.0800018310547,253.5,251.0500030517578,239.2899932861328,252.1980010986328,246.3509994506836,242.6345001220703,0.03261616132989913,0.023781778124537776,-0.03918825045959673,0.03280540901737128,56.69574866760558,0.9700436212170299,1.018569079274841,2
2023-12-21,TSLA,251.8999938964844,254.8000030517578,248.5500030517578,254.5,109594200,252.5399932861328,247.13999938964844,257.2200012207031,252.0800018310547,253.5,251.0500030517578,252.88800048828125,247.53699951171876,243.64899978637695,0.027014558375958744,0.025062410566144142,0.029780693649462897,0.013742270090834952,63.31803304540572,0.9231847719014856,1.044535377625752,3
2023-12-22,TSLA,256.760009765625,258.2200012207031,251.3699951171875,252.5399932861328,93249800,256.6099853515625,254.5,247.13999938964844,257.2200012207031,252.0800018310547,253.5,252.6959991455078,248.40699920654296,244.50349960327148,0.027055441152634713,0.02538610839502127,-0.007701401626197146,-0.0037870087332039226,64.73756424787229,0.8460412172204823,1.0328686243587566,4
2023-12-26,TSLA,254.4900054931641,257.9700012207031,252.91000366210935,256.6099853515625,86892400,261.44000244140625,252.5399932861328,254.5,247.13999938964844,257.2200012207031,252.0800018310547,253.60199584960938,250.0939971923828,245.52999877929688,0.0277586288842557,0.024536535349731048,0.01611622781987765,0.01797042005554972,65.29842975659531,0.8329875828938277,1.045126813942704,1
2023-12-27,TSLA,258.3500061035156,263.3399963378906,257.5199890136719,261.44000244140625,106494400,253.17999267578125,256.6099853515625,252.5399932861328,254.5,247.13999938964844,257.2200012207031,254.44599609375,252.53699798583983,246.26599884033203,0.02753341855336024,0.023858722259351865,0.018822405072142834,0.016406193922230194,67.6137260365256,1.0213765695978614,1.0616163159856769,2
2023-12-28,TSLA,263.6600036621094,265.1300048828125,252.7100067138672,253.17999267578125,113619900,248.47999572753903,261.44000244140625,256.6099853515625,252.5399932861328,254.5,247.13999938964844,255.65399475097655,253.92599792480468,246.71799850463867,0.02464317113017108,0.027269532219983877,-0.03159428430420175,0.024439561791088193,57.79123937451625,1.1142467785177113,1.0261918230948242,3
2023-12-29,TSLA,255.1000061035156,255.19000244140625,247.42999267578125,248.47999572753903,100615300,248.4199981689453,253.17999267578125,261.44000244140625,256.6099853515625,252.5399932861328,254.5,254.4499938964844,253.66899719238282,247.13799819946288,0.021857889064065685,0.02351141492313421,-0.018563856087400077,-0.02365424075623168,53.26117334762116,1.004401725152025,1.0054301545608257,4
2024-01-02,TSLA,250.0800018310547,251.25,244.41000366210935,248.4199981689453,104654200,238.4499969482422,248.47999572753903,253.17999267578125,261.44000244140625,256.6099853515625,252.5399932861328,253.62599487304686,253.16099700927734,247.61749801635742,0.02184651742704914,0.023224357197872695,-0.00024145830499577858,-0.016314228346872017,56.46794928354224,1.0214626406614244,1.0032408862823372,1
2024-01-03,TSLA,244.97999572753903,245.67999267578125,236.32000732421875,238.4499969482422,121082600,237.92999267578125,248.4199981689453,248.47999572753903,253.17999267578125,261.44000244140625,256.6099853515625,249.9939971923828,251.7979965209961,247.7609977722168,0.02387141399215254,0.02622894653902759,-0.04013364984377277,-0.07076882989740496,50.96852429459426,1.107868663105362,0.9624194247371621,2
2024-01-04,TSLA,239.25,242.6999969482422,237.72999572753903,237.92999267578125,102629300,237.4900054931641,238.4499969482422,248.4199981689453,248.47999572753903,253.17999267578125,261.44000244140625,245.2919952392578,249.8689956665039,247.72149734497071,0.01760086405098601,0.024706069848137436,-0.0021807686270334248,-0.08992506711322434,49.06310278023926,0.9457155742162799,0.9604737385566742,3
2024-01-05,TSLA,236.8600006103516,240.1199951171875,234.8999938964844,237.4900054931641,92379400,240.4499969482422,237.92999267578125,238.4499969482422,248.4199981689453,248.47999572753903,253.17999267578125,242.15399780273438,248.90399627685548,247.62749786376952,0.0171065941974204,0.022063068742882906,-0.0018492295892124089,-0.06197167089229494,38.93242295383808,0.8859450115927396,0.9590615240308147,4
2024-01-08,TSLA,236.13999938964844,241.25,235.3000030517578,240.4499969482422,85166600,234.9600067138672,237.4900054931641,237.92999267578125,238.4499969482422,248.4199981689453,248.47999572753903,240.547998046875,247.49899597167968,247.51799774169922,0.01981309329021679,0.01969049673200048,0.012463646412957274,-0.032316479867062764,39.43661797869104,0.8417134122706296,0.9714444975397993,0
2024-01-09,TSLA,238.1100006103516,238.9600067138672,232.0399932861328,234.9600067138672,96705700,233.94000244140625,240.4499969482422,237.4900054931641,237.92999267578125,238.4499969482422,248.4199981689453,237.8559997558594,245.74099731445312,247.07399826049806,0.020620279328405263,0.020446463220619507,-0.02283214932024613,-0.054182398978701585,36.998787918116086,0.9710117366008278,0.9509701885592239,1
2024-01-10,TSLA,235.1000061035156,235.5,231.2899932861328,233.94000244140625,91628500,227.22000122070312,234.9600067138672,240.4499969482422,237.4900054931641,237.92999267578125,238.4499969482422,236.9540008544922,243.4739990234375,246.78399810791015,0.012584073698722428,0.01883674790505461,-0.004341182513256769,-0.01891379561566897,31.140636488283192,0.9778723803892984,0.9479545036753653,2
2024-01-11,TSLA,230.57000732421875,230.92999267578125,225.3699951171875,227.22000122070312,105873600,218.88999938964844,233.94000244140625,234.9600067138672,240.4499969482422,237.4900054931641,237.92999267578125,234.81200256347657,240.0519989013672,246.29449844360352,0.0166877696670739,0.016924823055983047,-0.028725319101363445,-0.04501320466004577,32.93351785416874,1.1221276860938905,0.9225541076092365,3
2024-01-12,TSLA,220.0800018310547,225.33999633789065,217.1499938964844,218.88999938964844,122889000,219.91000366210935,227.22000122070312,233.94000244140625,234.9600067138672,240.4499969482422,237.4900054931641,231.09200134277344,236.6229995727539,245.2744987487793,0.019884505146332453,0.017579812693326938,-0.036660513098772496,-0.07831911100802524,19.989887484115584,1.223352129579818,0.8924286891065875,4
2024-01-16,TSLA,215.1000061035156,223.4900054931641,212.17999267578125,219.91000366210935,115355000,215.5500030517578,218.88999938964844,227.22000122070312,233.94000244140625,234.9600067138672,240.4499969482422,226.98400268554687,233.76600036621093,243.71749877929688,0.017217348661420172,0.018466518319397253,0.004659894354722027,-0.08542313806123336,22.058580266222563,1.0832435912508889,0.9023152000310537,1
2024-01-17,TSLA,214.8600006103516,215.6699981689453,212.00999450683597,215.5500030517578,103164400,211.8800048828125,219.91000366210935,218.88999938964844,227.22000122070312,233.94000244140625,234.9600067138672,223.102001953125,230.4790008544922,241.81999893188475,0.017039668705973378,0.018118025261619014,-0.019826295019532925,-0.08260981914997456,15.013653077903726,0.9571570789583799,0.8913654950121532,2
2024-01-18,TSLA,216.8800048828125,217.4499969482422,208.7400054931641,211.8800048828125,108595400,212.19000244140625,215.5500030517578,219.91000366210935,218.88999938964844,227.22000122070312,233.94000244140625,218.69000244140625,227.8220016479492,239.80999908447265,0.015568518922594792,0.015721555121322884,-0.017026203279914,-0.09429767174649406,6.9193262999285565,0.9767927244388781,0.8835328205317167,3
2024-01-19,TSLA,209.9900054931641,213.19000244140625,207.55999755859372,212.19000244140625,102095800,208.8000030517578,211.8800048828125,215.5500030517578,219.91000366210935,218.88999938964844,227.22000122070312,215.6840026855469,225.2480026245117,237.55849914550782,0.01690072938994034,0.016004623951502987,0.0014630807600990448,-0.06614734045660864,8.6544185866112,0.924613964581753,0.8932115803250507,4
2024-01-22,TSLA,212.25999450683597,217.8000030517578,206.2700042724609,208.8000030517578,117952500,209.13999938964844,212.19000244140625,211.8800048828125,215.5500030517578,219.91000366210935,218.88999938964844,213.66600341796874,222.3790023803711,235.6414993286133,0.011464984041070162,0.015701539751230363,-0.015976244642273096,-0.04609619610775051,8.889339268222727,1.0778550307942916,0.886091811699841,0
2024-01-23,TSLA,211.3000030517578,215.6499938964844,207.75,209.13999938964844,106605900,207.8300018310547,208.8000030517578,212.19000244140625,211.8800048828125,215.5500030517578,219.91000366210935,211.51200256347656,219.2480026245117,233.3734992980957,0.010585906912929462,0.014061877009836738,0.0016283349277841364,-0.048974599122871054,9.53850786956518,0.9899993313695409,0.8961600182482887,1
2024-01-24,TSLA,211.8800048828125,212.72999572753903,206.7700042724609,207.8300018310547,123369900,182.6300048828125,209.13999938964844,208.8000030517578,212.19000244140625,211.8800048828125,215.5500030517578,209.96800231933594,216.53500213623047,231.13799972534179,0.009047592082670846,0.013849137939355381,-0.006263735117226887,-0.03581536122200568,11.60981093322772,1.104239110879588,0.8991598182817897,2
2024-01-25,TSLA,189.6999969482422,193.0,180.05999755859375,182.6300048828125,198076800,183.25,207.8300018310547,209.13999938964844,208.8000030517578,212.19000244140625,211.8800048828125,204.11800231933594,211.40400238037108,227.4390007019043,0.052580947669859227,0.03683585330437257,-0.12125293136804816,-0.13804983635042734,7.171610885553761,1.5281324250591228,0.802984555503648,3
2024-01-26,TSLA,185.5,186.77999877929688,182.1000061035156,183.25,107343200,190.92999267578125,182.6300048828125,207.8300018310547,209.13999938964844,208.8000030517578,212.19000244140625,198.3300018310547,207.0070022583008,223.52950057983398,0.05285865453892639,0.03774758385326907,0.0033948152034783963,-0.1363872100873258,8.109340084222623,0.8214852629141302,0.8198023058462116,4
2024-01-29,TSLA,185.6300048828125,191.47999572753903,183.6699981689453,190.92999267578125,125013100,191.58999633789065,183.25,182.6300048828125,207.8300018310547,209.13999938964844,208.8000030517578,194.75599975585936,204.21100158691405,220.417000579834,0.06167126980613143,0.04197080499438967,0.04190991910385411,-0.08558433963023893,14.353569505609329,0.9464825504320127,0.8662217168980453,0
2024-01-30,TSLA,195.3300018310547,196.3600006103516,190.6100006103516,191.58999633789065,109982300,187.2899932861328,190.92999267578125,183.25,182.6300048828125,207.8300018310547,209.13999938964844,191.24599914550782,201.37900085449218,217.57250061035157,0.061808066825457204,0.04191711079298056,0.0034567835721344142,-0.08391509564394894,16.447456801187855,0.8284478429998374,0.8805800172375978,1
2024-01-31,TSLA,187.0,193.97000122070312,185.8500061035156,187.2899932861328,103221400,188.8600006103516,191.58999633789065,190.92999267578125,183.25,182.6300048828125,207.8300018310547,187.13799743652345,198.5529998779297,214.51600036621093,0.06161041683698813,0.0419736534663076,-0.02244377647032414,-0.0988308153969939,15.653057634013251,0.8018606145577755,0.8730816953812338,2
2024-02-01,TSLA,188.5,189.8800048828125,184.27999877929688,188.8600006103516,91843300,187.91000366210935,187.2899932861328,191.58999633789065,190.92999267578125,183.25,182.6300048828125,188.38399658203124,196.25099945068362,212.0365005493164,0.022984148092148358,0.04247637181645528,0.008382761388752824,0.034112662547080674,19.439130044718794,0.8545100113825129,0.8906957062632039,3
2024-02-02,TSLA,185.0399932861328,188.69000244140625,182.0,187.91000366210935,110505100,181.05999755859372,188.8600006103516,187.2899932861328,191.58999633789065,190.92999267578125,183.25,189.3159973144531,193.8229995727539,209.5355010986328,0.02360935409583505,0.04232133253968167,-0.0050301649114268265,0.025429760775494303,22.029612195791984,1.0221255456326082,0.8967931576122564,4
2024-02-05,TSLA,184.25999450683597,184.67999267578125,175.00999450683594,181.05999755859372,134294400,185.1000061035156,187.91000366210935,188.8600006103516,187.2899932861328,191.58999633789065,190.92999267578125,187.3419982910156,191.0489990234375,206.7140007019043,0.01869145226194296,0.043065922661528366,-0.03645365318513305,-0.05169431464834229,18.264979964890628,1.2211990073593266,0.8758961509321983,0
2024-02-06,TSLA,177.2100067138672,186.4900054931641,177.11000061035156,185.1000061035156,122676000,187.5800018310547,181.05999755859372,187.91000366210935,188.8600006103516,187.2899932861328,191.58999633789065,186.04400024414062,188.6449996948242,203.94650115966797,0.023479616598049913,0.044338791834000066,0.0223130928940527,-0.03387436900896024,24.995896490829352,1.0903754078375198,0.9075909861214161,1
2024-02-07,TSLA,188.17999267578125,189.7899932861328,182.67999267578125,187.5800018310547,111535200,189.55999755859372,185.1000061035156,181.05999755859372,187.91000366210935,188.8600006103516,187.2899932861328,186.102001953125,186.61999969482423,201.57750091552734,0.02291540821477419,0.04501277278525863,0.013398139631352501,0.0015484465551707238,29.648237609773247,0.9769152883224081,0.9305602112294347,2
2024-02-08,TSLA,189.0,191.6199951171875,185.5800018310547,189.55999755859372,83034000,193.57000732421875,187.5800018310547,185.1000061035156,181.05999755859372,187.91000366210935,188.8600006103516,186.24200134277342,187.31299896240233,199.3585006713867,0.023121410348212516,0.021962060944432035,0.010555473441792307,0.0037064330508307375,31.562647316819934,0.7386779023091936,0.9508498354482291,3
2024-02-09,TSLA,190.17999267578125,194.1199951171875,189.47999572753903,193.57000732421875,84476300,188.1300048828125,189.55999755859372,187.5800018310547,185.1000061035156,181.05999755859372,187.91000366210935,187.37400207519528,188.34499969482422,197.6760009765625,0.024358675266645008,0.022620511775211828,0.02115430374167171,0.030120821413462062,37.715765141189976,0.7880018111403039,0.979228668973172,4
2024-02-12,TSLA,192.1100006103516,194.72999572753903,187.27999877929688,188.1300048828125,95498600,184.0200042724609,193.57000732421875,189.55999755859372,187.5800018310547,185.1000061035156,181.05999755859372,188.78800354003903,188.06500091552735,196.13800125122071,0.02071800618602312,0.020949467159150716,-0.028103539988478476,0.03904787042720925,34.34193555283595,0.9603252161366767,0.9591716224427551,0
2024-02-13,TSLA,183.9900054931641,187.25999450683597,182.1100006103516,184.0200042724609,86759500,188.7100067138672,188.1300048828125,193.57000732421875,189.55999755859372,187.5800018310547,185.1000061035156,188.57200317382814,187.30800170898436,194.34350128173827,0.022365297447745854,0.021824023921002047,-0.021846598116614824,-0.005834693654470757,32.966094886112586,0.9403731078621541,0.9468801532277045,1
2024-02-14,TSLA,185.3000030517578,188.88999938964844,183.3500061035156,188.7100067138672,81203000,200.4499969482422,184.0200042724609,188.1300048828125,193.57000732421875,189.55999755859372,187.5800018310547,188.79800415039062,187.45000305175782,193.00150146484376,0.024824683577925666,0.022528186027540944,0.025486372853585237,0.006024122357298323,56.156337941559876,0.9420926771474859,0.9777644488856048,2
2024-02-15,TSLA,189.16000366210935,200.8800048828125,188.8600006103516,200.4499969482422,120831800,199.9499969482422,188.7100067138672,184.0200042724609,188.1300048828125,193.57000732421875,189.55999755859372,190.97600402832032,188.60900268554684,192.43000106811525,0.037217449186046275,0.02976172806127212,0.06221180550417671,0.05744882638691906,64.21486992579182,1.2888197432766488,1.0416774714733181,3
2024-02-16,TSLA,202.05999755859372,203.1699981689453,197.3999938964844,199.9499969482422,111173600,193.75999450683597,200.4499969482422,188.7100067138672,184.0200042724609,188.1300048828125,193.57000732421875,192.252001953125,189.81300201416016,191.81800079345703,0.03723105128840302,0.029664460960206085,-0.0024943876658132247,0.032959597988428735,58.45836501514857,1.1219083429454868,1.042394332758902,4
2024-02-20,TSLA,196.1300048828125,198.6000061035156,189.1300048828125,193.75999450683597,104545800,194.7700042724609,199.9499969482422,200.4499969482422,188.7100067138672,184.0200042724609,188.1300048828125,193.37799987792968,191.08300170898437,191.06600036621094,0.03792030271564798,0.028816520081311334,-0.03095775211743823,0.029926058990592308,51.84366812340298,1.0361046687136544,1.0140998091521334,1
2024-02-21,TSLA,193.3600006103516,199.44000244140625,191.9499969482422,194.7700042724609,103844000,197.41000366210935,193.75999450683597,199.9499969482422,200.4499969482422,188.7100067138672,184.0200042724609,195.5279998779297,192.0500015258789,190.34750061035157,0.03465751166031805,0.028321291019866586,0.005212684735028228,0.058417561952033736,56.73146796836847,0.9954405517503703,1.0232338415157989,2
2024-02-22,TSLA,194.0,198.32000732421875,191.3600006103516,197.41000366210935,92739500,191.97000122070312,194.7700042724609,193.75999450683597,199.9499969482422,200.4499969482422,188.7100067138672,197.26799926757812,193.0330017089844,189.8265007019043,0.03388970690900243,0.028326200576480144,0.013554445406056326,0.046102467482996845,57.54900230511903,0.8697567425267948,1.0399496536688198,3
2024-02-23,TSLA,195.30999755859372,197.57000732421875,191.5,191.97000122070312,78841900,199.3999938964844,197.41000366210935,194.7700042724609,193.75999450683597,199.9499969482422,200.4499969482422,195.5720001220703,193.2740020751953,190.29350051879882,0.01986205796334777,0.030076892097625228,-0.027556873210526023,-0.042304793497845106,53.32133168828746,0.8026339686381694,1.0088100786276655,4
2024-02-26,TSLA,192.2899932861328,201.77999877929688,192.0,199.3999938964844,111747100,199.72999572753903,191.97000122070312,197.41000366210935,194.7700042724609,193.75999450683597,199.9499969482422,195.46199951171874,193.85700073242188,191.10100021362305,0.02926787834675369,0.03180284467433177,0.03870392576202164,-0.0027507029765054813,64.86223072075882,1.1362918565365576,1.0434272645019351,0
2024-02-27,TSLA,204.0399932861328,205.6000061035156,198.25999450683597,199.72999572753903,108645400,202.0399932861328,199.3999938964844,191.97000122070312,197.41000366210935,194.7700042724609,193.75999450683597,196.65599975585937,195.01699981689453,191.54100036621094,0.02383110787309306,0.02985809620170668,0.001654974128163511,0.030811320138081744,62.614233693897525,1.0956179678063256,1.0427532243523392,1
2024-02-28,TSLA,200.4199981689453,205.3000030517578,198.44000244140625,202.0399932861328,99806200,201.8800048828125,199.72999572753903,199.3999938964844,191.97000122070312,197.41000366210935,194.7700042724609,198.10999755859376,196.81899871826172,192.06350021362306,0.02392688585057721,0.028168024921213623,0.01156560160219966,0.03732601968577276,62.504314790203566,1.014744191560415,1.0519437220576184,2
2024-02-29,TSLA,204.17999267578125,205.27999877929688,198.4499969482422,201.8800048828125,85907000,202.63999938964844,202.0399932861328,199.72999572753903,199.3999938964844,191.97000122070312,197.41000366210935,199.00399780273438,198.13599853515626,192.79300079345703,0.023892158430396247,0.027758392267777394,-0.0007918650199801869,0.022643235589793642,61.000006539481056,0.8857348711489653,1.0471334750325847,3
2024-03-01,TSLA,200.5200042724609,204.5200042724609,198.5,202.63999938964844,82099200,188.13999938964844,201.8800048828125,202.0399932861328,199.72999572753903,199.3999938964844,191.97000122070312,201.13799743652345,198.35499877929686,193.48200073242188,0.016175244276553008,0.019911359296467823,0.003764585340074067,0.05558159140020158,58.59715136404937,0.8408272837900643,1.0473325612850763,4
2024-03-04,TSLA,198.72999572753903,199.75,186.72000122070312,188.13999938964844,134334900,180.7400054931641,202.63999938964844,201.8800048828125,202.0399932861328,199.72999572753903,199.3999938964844,198.88599853515626,197.1739990234375,193.49350051879884,0.03412657403604507,0.030514073423208776,-0.07155546804023882,-0.05646938240470267,50.008084864664305,1.3149649554506162,0.9723323981694657,0
2024-03-05,TSLA,183.0500030517578,184.58999633789065,177.57000732421875,180.7400054931641,119660800,176.5399932861328,188.13999938964844,202.63999938964844,201.8800048828125,202.0399932861328,199.72999572753903,195.08800048828124,195.87200012207032,193.47750091552734,0.03521057074396666,0.031388502699783605,-0.03933237971984116,-0.09507830892000857,47.480798763920475,1.1465977626640904,0.9341654954085619,1
2024-03-06,TSLA,179.99000549316406,181.5800018310547,173.6999969482422,176.5399932861328,107920900,178.64999389648438,180.7400054931641,188.13999938964844,202.63999938964844,201.8800048828125,202.0399932861328,189.98800048828124,194.0489990234375,193.04950027465821,0.030748158995879144,0.0315002971033676,-0.02323786698783814,-0.12621263535624072,40.58194073136399,1.018270019708531,0.914480446905914,2
2024-03-07,TSLA,174.35000610351562,180.0399932861328,173.6999969482422,178.64999389648438,102129000,175.33999633789062,176.5399932861328,180.7400054931641,188.13999938964844,202.63999938964844,201.8800048828125,185.3419982910156,192.172998046875,192.60299987792968,0.033764239250763564,0.0313748097614928,0.011951969472048907,-0.1150684090770292,30.17460463275519,0.9349992895656976,0.9275556144489514,3
2024-03-08,TSLA,181.5,182.72999572753903,174.6999969482422,175.33999633789062,85315300,177.77000427246094,178.64999389648438,176.5399932861328,180.7400054931641,188.13999938964844,202.63999938964844,179.88199768066406,190.50999755859374,191.89199981689453,0.030553080344485794,0.030923572652639092,-0.018527834714126334,-0.13472168937023987,28.707385819806817,0.7764959246280542,0.9137431289746419,4
2024-03-11,TSLA,175.4499969482422,182.8699951171875,174.8000030517578,177.77000427246094,85391500,177.5399932861328,175.33999633789062,178.64999389648438,176.5399932861328,180.7400054931641,188.13999938964844,177.80799865722656,188.3469985961914,191.10199966430665,0.02320503963729114,0.02751239769214786,0.013858834181150304,-0.05511850298091403,35.20267388891551,0.8532025758491659,0.9302362329265788,0
2024-03-12,TSLA,177.77000427246094,179.42999267578125,172.41000366210938,177.5399932861328,87391700,169.47999572753906,177.77000427246094,175.33999633789062,178.64999389648438,176.5399932861328,180.7400054931641,177.16799621582032,186.12799835205078,190.57249908447267,0.01703207332658575,0.027376381283629025,-0.0012938683737420131,-0.017705057595299833,33.82158592833042,0.9333760405888389,0.9316139219407356,1
2024-03-13,TSLA,173.0500030517578,176.0500030517578,169.14999389648438,169.47999572753906,106524500,162.5,177.5399932861328,177.77000427246094,175.33999633789062,178.64999389648438,176.5399932861328,175.75599670410156,182.87199859619142,189.84549865722656,0.024648799970309238,0.02799552457279238,-0.04539820808488959,-0.039990924589823895,26.197367644240046,1.141125265665707,0.8927259109447825,2
2024-03-14,TSLA,167.77000427246094,171.1699981689453,160.50999450683594,162.5,126325700,163.57000732421875,169.47999572753906,177.5399932861328,177.77000427246094,175.33999633789062,178.64999389648438,172.5259979248047,178.93399810791016,188.5349983215332,0.025403041883095306,0.02830046057527028,-0.04118477639544138,-0.09040019282531975,25.52731655618129,1.2865468428778812,0.8619089370498079,3
2024-03-15,TSLA,163.16000366210938,165.17999267578125,160.75999450683594,163.57000732421875,96971900,173.8000030517578,162.5,169.47999572753906,177.5399932861328,177.77000427246094,175.33999633789062,170.1720001220703,175.0269989013672,186.69099884033204,0.027770626017243515,0.028588297496808742,0.006584660456730784,-0.06712666396428113,16.731678262589384,0.9646923739164709,0.8761536889312613,4
2024-03-18,TSLA,170.02000427246094,174.72000122070312,165.89999389648438,173.8000030517578,108214400,171.32000732421875,163.57000732421875,162.5,169.47999572753906,177.5399932861328,177.77000427246094,169.37799987792968,173.59299926757814,185.3834991455078,0.043713278991708904,0.033217790371630807,0.06254200201423088,-0.022332233364963372,29.662750842524545,1.0297734305086785,0.937516034883676,0
2024-03-19,TSLA,172.36000061035156,172.82000732421875,167.4199981689453,171.32000732421875,77271400,175.66000366210938,173.8000030517578,163.57000732421875,162.5,169.47999572753906,177.5399932861328,168.13400268554688,172.6509994506836,184.26149978637696,0.04391569192252864,0.03143896355711925,-0.014269250195585559,-0.03503428070930248,25.969972745682156,0.7497595127107503,0.9297656185521018,1
2024-03-20,TSLA,173.0,176.25,170.82000732421875,175.66000366210938,83846700,172.82000732421875,171.32000732421875,173.8000030517578,163.57000732421875,162.5,169.47999572753906,169.37000427246093,172.56300048828126,183.30599975585938,0.039345009560675805,0.03203687940559828,0.025332688257929448,0.036464527321002915,30.748899507551187,0.8510107279275059,0.9582883478776826,2
2024-03-21,TSLA,176.38999938964844,178.17999267578125,171.8000030517578,172.82000732421875,73178000,170.8300018310547,175.66000366210938,171.32000732421875,173.8000030517578,163.57000732421875,162.5,171.4340057373047,171.9800018310547,182.07649993896484,0.03256466685273081,0.03210132218580289,-0.016167575308454918,0.06350773737980764,28.754639004008638,0.8325475604938901,0.9491615193731809,3
2024-03-22,TSLA,166.69000244140625,171.1999969482422,166.3000030517578,170.8300018310547,75454700,172.6300048828125,172.82000732421875,175.66000366210938,171.32000732421875,173.8000030517578,163.57000732421875,172.88600463867186,171.52900238037108,181.0194999694824,0.03438407472884011,0.03179597214563567,-0.01151490226146512,0.044384631544618136,34.99220259391416,0.9026433301145645,0.9437104945039316,4
2024-03-25,TSLA,168.75999450683594,175.24000549316406,168.72999572753906,172.6300048828125,74228600,177.6699981689453,170.8300018310547,172.82000732421875,175.66000366210938,171.32000732421875,173.8000030517578,172.65200500488282,171.01500244140624,179.68100051879884,0.018323248160008788,0.0316270215926104,0.010536808713131895,-0.0067318650656000845,42.21240916746006,0.9665700816241705,0.9607582570465003,0
2024-03-26,TSLA,178.5800018310547,184.25,177.3800048828125,177.6699981689453,113186200,179.8300018310547,172.6300048828125,170.8300018310547,172.82000732421875,175.66000366210938,171.32000732421875,173.92200317382813,171.0280029296875,178.57800064086913,0.020734229060621875,0.03318563236005786,0.029195349264770964,0.03706508623192728,51.067855608203004,1.347794277701383,0.9949153732897376,1
2024-03-27,TSLA,181.41000366210935,181.91000366210935,176.0,179.8300018310547,81804000,175.7899932861328,177.6699981689453,172.6300048828125,170.8300018310547,172.82000732421875,175.66000366210938,174.7560028076172,172.06300354003906,177.46750106811524,0.018627814678480254,0.029063149359177115,0.012157391142962881,0.023739030411080497,51.1140556882344,0.9788645009052259,1.013312300836606,2
2024-03-28,TSLA,177.4499969482422,179.57000732421875,175.3000030517578,175.7899932861328,77654800,175.22000122070312,179.8300018310547,177.6699981689453,172.6300048828125,170.8300018310547,172.82000732421875,175.35,173.39200286865236,176.16300048828126,0.020520416513805685,0.02611688764270352,-0.022465709302040393,0.017185428978383488,50.4190694727975,0.919365337345378,0.997882601902133,3
2024-04-01,TSLA,176.1699981689453,176.75,170.2100067138672,175.22000122070312,81562100,166.6300048828125,175.7899932861328,179.8300018310547,177.6699981689453,172.6300048828125,170.8300018310547,176.22799987792968,174.55700225830077,174.792000579834,0.01929587800301533,0.02636781502166071,-0.003242460249155976,0.02569805855291163,47.54003187182029,0.9518592871695799,1.002448628309358,0
2024-04-02,TSLA,164.75,167.69000244140625,163.42999267578125,166.6300048828125,116650600,168.3800048828125,175.22000122070312,175.7899932861328,179.8300018310547,177.6699981689453,172.6300048828125,175.0279998779297,173.84000244140626,173.71650085449218,0.030397009948163613,0.023835996574117616,-0.049024062767074494,-0.03475641447193967,40.93704043313777,1.238703327990601,0.9592065466618197,1
2024-04-03,TSLA,164.02000427246094,168.82000732421875,163.27999877929688,168.3800048828125,82950100,171.11000061035156,166.6300048828125,175.22000122070312,175.7899932861328,179.8300018310547,177.6699981689453,173.1700012207031,173.54600219726564,173.0985008239746,0.025663063708517574,0.023930970824796057,0.01050231020055925,-0.05228791231988994,48.97922136548063,0.9412849937451999,0.9727409774278728,2
2024-04-04,TSLA,170.07000732421875,177.19000244140625,168.00999450683594,171.11000061035156,123162000,164.89999389648438,168.3800048828125,166.6300048828125,175.22000122070312,175.7899932861328,179.8300018310547,171.4260009765625,173.09100189208985,172.82700119018554,0.026601836634078183,0.02294979773342924,0.016213301154368365,-0.04849024707732208,58.67419142697532,1.277668183466686,0.9900652064318091,3
2024-04-05,TSLA,169.0800018310547,170.86000061035156,160.50999450683594,164.89999389648438,141250700,172.97999572753906,171.11000061035156,168.3800048828125,166.6300048828125,175.22000122070312,175.7899932861328,169.2480010986328,172.29900054931642,172.13950119018554,0.028893187524823852,0.025076900746556344,-0.036292482565110196,-0.06194891521454704,51.21415632558702,1.2945110255134258,0.9579439510185247,4
2024-04-08,TSLA,169.33999633789062,174.5,167.7899932861328,172.97999572753906,104423300,176.8800048828125,164.89999389648438,171.11000061035156,168.3800048828125,166.6300048828125,175.22000122070312,168.8,172.51399993896484,172.02150115966796,0.040237347840987446,0.029988038208746796,0.04899940648952894,-0.012783960036289455,49.220821550446225,0.9185130024152206,1.005571946305604,0
2024-04-09,TSLA,172.91000366210938,179.22000122070312,171.9199981689453,176.8800048828125,103232700,171.75999450683594,172.97999572753906,164.89999389648438,171.11000061035156,168.3800048828125,166.6300048828125,170.85,172.93899993896486,171.97700119018555,0.030949791109583524,0.030616981494232587,0.02254601255405486,0.06151353117470415,55.14433445543582,0.9299928218647728,1.0285096475615645,1
2024-04-10,TSLA,173.0399932861328,174.92999267578125,170.00999450683594,171.75999450683594,84532400,174.60000610351562,176.8800048828125,172.97999572753906,164.89999389648438,171.11000061035156,168.3800048828125,171.5259979248047,172.3479995727539,171.6880012512207,0.03614462073213047,0.030580513727000193,-0.028946236061948905,0.02007358074597887,46.4428971646554,0.7593624949717132,1.0004193260745688,2
2024-04-11,TSLA,172.5500030517578,175.8800048828125,168.50999450683594,174.60000610351562,94516000,171.0500030517578,171.75999450683594,176.8800048828125,172.97999572753906,164.89999389648438,171.11000061035156,172.2239990234375,171.825,171.94400177001953,0.036170932388086434,0.03085100957519801,0.01653476762638495,0.020396268369558657,51.62349284073253,0.8951139973834896,1.015446914728951,3
2024-04-12,TSLA,172.33999633789062,173.80999755859375,170.36000061035156,171.0500030517578,64506600,161.47999572753906,174.60000610351562,171.75999450683594,176.8800048828125,172.97999572753906,164.89999389648438,173.4540008544922,171.3510009765625,172.37150192260742,0.032143549460647715,0.030704760133780692,-0.020332204625772565,0.03729538740392013,50.195105607100786,0.7148163497787067,0.9923334260239669,4
2024-04-15,TSLA,170.24000549316406,170.69000244140625,161.3800048828125,161.47999572753906,100245300,157.11000061035156,171.0500030517578,174.60000610351562,171.75999450683594,176.8800048828125,172.97999572753906,171.15400085449218,169.97700042724608,172.26700134277343,0.03274211431003631,0.03509367063595893,-0.05594859487563397,-0.06648167582402797,41.309429259798144,1.1212293052190778,0.9373820550009424,0
2024-04-16,TSLA,156.74000549316406,158.19000244140625,153.75,157.11000061035156,97000000,155.4499969482422,161.47999572753906,171.0500030517578,174.60000610351562,171.75999450683594,176.8800048828125,167.2,169.025,171.43250122070313,0.02601667642137937,0.03282541897554071,-0.027062145360474688,-0.11177071306369013,33.80593563621993,1.1002714834812952,0.9164539949638096,1
2024-04-17,TSLA,157.63999938964844,158.3300018310547,153.77999877929688,155.4499969482422,82439700,149.92999267578125,157.11000061035156,161.47999572753906,171.0500030517578,174.60000610351562,171.75999450683594,163.93800048828126,167.73199920654298,170.6390007019043,0.026290201025016904,0.032365776468468645,-0.010565868854054306,-0.09495806986617372,30.644657973669027,0.9395745594560021,0.9109875017365089,2
2024-04-18,TSLA,151.25,152.1999969482422,148.6999969482422,149.92999267578125,96098800,147.0500030517578,155.4499969482422,157.11000061035156,161.47999572753906,171.0500030517578,174.60000610351562,159.00399780273438,165.61399841308594,169.35250015258788,0.017200312591143775,0.03229052718382396,-0.03550983840996058,-0.14129445913712158,29.941059824786777,1.0913115525571304,0.8853131340883258,3
2024-04-19,TSLA,148.97000122070312,150.94000244140625,146.22000122070312,147.0500030517578,86005100,142.0500030517578,149.92999267578125,155.4499969482422,157.11000061035156,161.47999572753906,171.0500030517578,154.20399780273436,163.8289993286133,168.06399993896486,0.0173628273557226,0.03133906732816985,-0.0192088959161848,-0.14030984841747052,28.905209307193743,0.9312166230067461,0.8749643177906118,4
2024-04-22,TSLA,140.55999755859375,144.44000244140625,138.8000030517578,142.0500030517578,107097600,144.67999267578125,147.0500030517578,149.92999267578125,155.4499969482422,157.11000061035156,161.47999572753906,150.31799926757813,160.73600006103516,166.625,0.01045541777272863,0.02377646299743057,-0.03400203941675628,-0.12032445621663856,30.547652048620392,1.14263961427207,0.8525131465971961,0
2024-04-23,TSLA,143.3300018310547,147.25999450683594,141.11000061035156,144.67999267578125,124545100,162.1300048828125,142.0500030517578,147.0500030517578,149.92999267578125,155.4499969482422,157.11000061035156,147.83199768066407,157.51599884033203,165.22749938964844,0.021998112677091276,0.023010900359811005,0.018514534090260826,-0.07911659274572835,31.501715719785295,1.2550235667530523,0.8756411203354779,1
2024-04-24,TSLA,162.83999633789062,167.97000122070312,157.50999450683594,162.1300048828125,181178000,170.17999267578125,144.67999267578125,142.0500030517578,147.0500030517578,149.92999267578125,155.4499969482422,149.16799926757812,156.5529998779297,164.45049972534179,0.06551290542109339,0.049571858201754325,0.12061109407252757,0.042972068611840886,44.300589839604605,1.5226971619596836,0.9858894023040071,2
2024-04-25,TSLA,158.9600067138672,170.8800048828125,158.36000061035156,170.17999267578125,126427500,168.2899932861328,162.1300048828125,144.67999267578125,142.0500030517578,147.0500030517578,149.92999267578125,153.21799926757814,156.11099853515626,163.96799926757814,0.061653415268153204,0.052185151239481545,0.04965143743002587,0.13506303601168024,53.27461988366077,1.011010257762734,1.0378854010291716,3
2024-04-26,TSLA,168.85000610351562,172.1199951171875,166.3699951171875,168.2899932861328,109815700,194.0500030517578,170.17999267578125,162.1300048828125,144.67999267578125,142.0500030517578,147.0500030517578,157.46599731445312,155.83499755859376,163.59299926757814,0.06022126731429921,0.05189369613008376,-0.011105884774887609,0.1444405970321474,46.84938802906037,0.8459544584131085,1.0287114610012873,4
2024-04-29,TSLA,188.4199981689453,198.8699951171875,184.5399932861328,194.0500030517578,243869700,183.27999877929688,168.2899932861328,170.17999267578125,162.1300048828125,144.67999267578125,142.0500030517578,167.86599731445312,159.0919982910156,164.53449935913085,0.06897601929993544,0.06696688748116475,0.1530691710339953,0.36606827795035746,58.915772107371524,1.5516577250215058,1.1793879326681709,0
2024-04-30,TSLA,186.97999572753903,190.9499969482422,182.83999633789065,183.27999877929688,127031800,179.99000549316406,194.0500030517578,168.2899932861328,170.17999267578125,162.1300048828125,144.67999267578125,175.58599853515625,161.70899810791016,165.36699905395508,0.08727067984319471,0.0697541391982504,-0.05550118063944742,0.2667957427259193,55.65038369246765,0.8057093877925879,1.1083226993766588,1
2024-05-01,TSLA,182.0,185.8600006103516,179.00999450683594,179.99000549316406,92829700,180.00999450683594,183.27999877929688,194.0500030517578,168.2899932861328,170.17999267578125,162.1300048828125,179.15799865722656,164.16299896240236,165.94749908447267,0.08159180295517635,0.07012351615345569,-0.017950640048260635,0.11015851521907227,52.63209269546756,0.6630935359921735,1.084620174971985,2
2024-05-02,TSLA,182.8600006103516,184.6000061035156,176.02000427246094,180.00999450683594,89148000,181.19000244140625,179.99000549316406,183.27999877929688,194.0500030517578,168.2899932861328,170.17999267578125,181.1239990234375,167.1709991455078,166.3924987792969,0.08064477751481407,0.06804168631536238,0.0001110562423569661,0.05776238250158072,54.531657284398186,0.6726172179686308,1.0818396011084688,3
2024-05-03,TSLA,182.1000061035156,184.77999877929688,178.4199981689453,181.19000244140625,75491500,184.75999450683597,180.00999450683594,179.99000549316406,183.27999877929688,194.0500030517578,168.2899932861328,183.7040008544922,170.58499908447266,167.20699920654297,0.0796661592455144,0.06685182737868299,0.006555235656792835,0.07665345338353169,60.89311914017799,0.6006923938369501,1.0836269013929898,4
2024-05-06,TSLA,183.8000030517578,187.55999755859372,182.1999969482422,184.75999450683597,84390300,177.80999755859375,181.19000244140625,180.00999450683594,179.99000549316406,183.27999877929688,194.0500030517578,181.84599914550782,174.85599822998046,167.7959991455078,0.02911377266433756,0.06385419383305499,0.01970303006416807,-0.047874302493280396,65.41764200188817,0.899891936574639,1.1010989263612745,0
2024-05-07,TSLA,182.3999938964844,183.25999450683597,177.39999389648438,177.80999755859375,75045900,174.72000122070312,184.75999450683597,181.19000244140625,180.00999450683594,179.99000549316406,183.27999877929688,180.7519989013672,178.16899871826172,167.84249877929688,0.022348979037004224,0.06719602357650328,-0.03761635178001199,-0.02984505269061044,61.77338153714984,0.9000351158800054,1.0593860247064335,1
2024-05-08,TSLA,171.58999633789062,176.05999755859375,170.14999389648438,174.72000122070312,79969500,171.97000122070312,177.80999755859375,184.75999450683597,181.19000244140625,180.00999450683594,179.99000549316406,179.697998046875,179.4279983520508,167.99049911499023,0.02227274703435809,0.05846923440427488,-0.017378079862311324,-0.029279427254982116,63.395664675256306,0.9896108158196162,1.0400588255952887,2
2024-05-09,TSLA,175.00999450683594,175.6199951171875,171.3699951171875,171.97000122070312,65950300,168.47000122070312,174.72000122070312,177.80999755859375,184.75999450683597,181.19000244140625,180.00999450683594,178.08999938964843,179.60699920654298,167.8589988708496,0.02236225922102823,0.0570513632242078,-0.01573946875450305,-0.04466414938881347,63.48485061163152,0.8658360629910923,1.0244908070315404,3
2024-05-10,TSLA,173.0500030517578,173.05999755859375,167.75,168.47000122070312,72627200,171.88999938964844,171.97000122070312,174.72000122070312,177.80999755859375,184.75999450683597,181.19000244140625,175.5459991455078,179.625,167.72999877929686,0.02090474599952041,0.05736889057866473,-0.02035238689978358,-0.07020255560080668,64.53245565339945,0.960719947341575,1.0044118669694857,4
2024-05-13,TSLA,170.0,175.39999389648438,169.0,171.88999938964844,67018900,177.5500030517578,168.47000122070312,171.97000122070312,174.72000122070312,177.80999755859375,184.75999450683597,172.9720001220703,177.40899963378905,168.25049896240233,0.021147764608979793,0.024119020106474116,0.020300339194899042,-0.06965791026104062,64.8380469612639,0.9292388657276329,1.0216314391320729,0
2024-05-14,TSLA,174.5,179.49000549316406,174.07000732421875,177.5500030517578,86407400,173.99000549316406,171.88999938964844,168.47000122070312,171.97000122070312,174.72000122070312,177.80999755859375,172.9200012207031,176.83600006103515,169.27249908447266,0.024800691604458858,0.02246491195083945,0.03292805679333921,-0.0014622040965399652,59.64956338653539,1.1614731487448158,1.0489004652974043,1
2024-05-15,TSLA,179.89999389648438,180.0,173.11000061035156,173.99000549316406,79663000,174.83999633789062,177.5500030517578,171.88999938964844,168.47000122070312,171.97000122070312,174.72000122070312,172.7740020751953,176.23600006103516,170.19949951171876,0.025291512359575448,0.022629992023365433,-0.02005067585133169,-0.004178089070735247,52.52619904740302,1.0716991671034377,1.0222709584477028,2
2024-05-16,TSLA,174.10000610351562,175.7899932861328,171.42999267578125,174.83999633789062,59812200,177.4600067138672,173.99000549316406,177.5500030517578,171.88999938964844,168.47000122070312,171.97000122070312,173.3480010986328,175.71900024414063,171.44499969482422,0.023841889403613693,0.02275653342599984,0.004885285464054867,0.016688928864425634,54.40366063311373,0.8181601061695019,1.019802249404238,3
2024-05-17,TSLA,173.5500030517578,179.6300048828125,172.75,177.4600067138672,77445800,174.9499969482422,174.83999633789062,173.99000549316406,177.5500030517578,171.88999938964844,168.47000122070312,175.14600219726563,175.34600067138672,172.9654998779297,0.019899685992241234,0.02328648213051842,0.014985188920464187,0.053362648709112115,33.808312841334754,1.045583429391817,1.0259849902963856,4
2024-05-20,TSLA,177.55999755859375,177.75,173.52000427246094,174.9499969482422,61727400,186.6000061035156,177.4600067138672,174.83999633789062,173.99000549316406,177.5500030517578,171.88999938964844,175.75800170898438,174.36500091552733,174.6104995727539,0.021595969435982215,0.02224486836328958,-0.014144086952910362,0.017802068587231767,40.307185766318526,0.8454515720610384,1.0019443124916256,0
2024-05-21,TSLA,175.50999450683594,186.8800048828125,174.7100067138672,186.6000061035156,115266500,180.11000061035156,174.9499969482422,177.4600067138672,174.83999633789062,173.99000549316406,177.5500030517578,177.56800231933593,175.24400177001954,176.7065002441406,0.03441820340456353,0.028818309369649946,0.0665905079079252,0.05097157361985283,56.43873015250165,1.4630888549785752,1.055988352696171,1
2024-05-22,TSLA,182.8500061035156,183.8000030517578,178.1199951171875,180.11000061035156,88313500,173.74000549316406,186.6000061035156,174.9499969482422,177.4600067138672,174.83999633789062,173.99000549316406,178.79200134277343,175.7830017089844,177.6055000305176,0.03811378851539087,0.03079125416233824,-0.03478030697149992,0.035174406138104075,50.086510442763455,1.0968838852022553,1.0141014809755533,2
2024-05-23,TSLA,181.8000030517578,181.8999938964844,173.25999450683594,173.74000549316406,71975500,179.24000549316406,180.11000061035156,186.6000061035156,174.9499969482422,177.4600067138672,174.83999633789062,178.57200317382814,175.96000213623046,177.78350067138672,0.04277248987747235,0.03271664675630139,-0.03536724832380789,-0.006291414251695326,44.08636585287273,0.8677419720409993,0.9772560717785808,3
2024-05-24,TSLA,174.83999633789062,180.0800018310547,173.72999572753906,179.24000549316406,65479700,176.75,173.74000549316406,180.11000061035156,186.6000061035156,174.9499969482422,177.4600067138672,178.9280029296875,177.03700256347656,178.33100128173828,0.04488331073884116,0.03298966385348576,0.03165649721483632,0.01003042213430616,45.748623019143025,0.8128820799150666,1.0050972865339867,4
2024-05-28,TSLA,176.39999389648438,178.25,173.16000366210938,176.75,59736600,176.19000244140625,179.24000549316406,173.74000549316406,180.11000061035156,186.6000061035156,174.9499969482422,179.28800354003906,177.52300262451172,177.46600112915038,0.04485966876633817,0.033194771825405756,-0.01389201861667555,0.01028867152418611,49.123389701153975,0.7452695024949361,0.9959654180260178,1
2024-05-29,TSLA,174.19000244140625,178.14999389648438,173.92999267578125,176.19000244140625,54782600,178.7899932861328,176.75,179.24000549316406,173.74000549316406,180.11000061035156,186.6000061035156,177.20600280761718,177.38700256347656,177.11150131225585,0.02760652545385172,0.031533747993654,-0.0031683030189180172,-0.055787799151166384,51.26877320227937,0.804944871680715,0.9947970692810911,2
2024-05-30,TSLA,178.5800018310547,182.6699981689453,175.3800048828125,178.7899932861328,77784800,178.0800018310547,176.19000244140625,176.75,179.24000549316406,173.74000549316406,180.11000061035156,176.94200134277344,177.86700134277345,177.0515007019043,0.025819224783611473,0.031031957018720167,0.014756744473008343,-0.007328895229279597,55.90168778856152,1.1794181936394799,1.0098191349824002,3
2024-05-31,TSLA,178.5,180.32000732421875,173.82000732421875,178.0800018310547,67314600,176.2899932861328,178.7899932861328,176.19000244140625,176.75,179.24000549316406,173.74000549316406,177.81000061035155,178.19100189208984,176.95500106811522,0.018095881958854535,0.031103297120594123,-0.003971091681523098,0.024979833087788172,58.73795203707173,1.0352960935200215,1.006357552802401,4
2024-06-03,TSLA,178.1300048828125,182.63999938964844,174.49000549316406,176.2899932861328,68568900,174.77000427246094,178.0800018310547,178.7899932861328,176.19000244140625,176.75,179.24000549316406,177.21999816894532,178.0740005493164,176.71000061035156,0.011003228472622016,0.03097315839253644,-0.0100517100545634,-0.016458447425922174,54.122931585398014,1.044660445629404,0.9976231830526396,0
2024-06-04,TSLA,174.77999877929688,177.75999450683594,174.0,174.77000427246094,60056300,175.0,176.2899932861328,178.0800018310547,178.7899932861328,176.19000244140625,176.75,176.8239990234375,178.05600128173828,176.21050109863282,0.0099309814855039,0.030746062972591744,-0.008622094682395387,-0.01120223891111205,47.17594604799853,0.9140788999449632,0.991825136315993,1
2024-06-05,TSLA,175.35000610351562,176.14999389648438,172.1300048828125,175.0,57953800,177.94000244140625,174.77000427246094,176.2899932861328,178.0800018310547,178.7899932861328,176.19000244140625,176.58599853515625,176.89600067138673,176.07000122070312,0.010024989276480607,0.02024949660893866,0.0013159908560766986,-0.006754086071381948,51.10045164553191,0.8736444700649786,0.9939228646942424,2
2024-06-06,TSLA,174.60000610351562,179.72999572753906,172.72999572753906,177.94000244140625,69887000,177.47999572753906,175.0,174.77000427246094,176.2899932861328,178.0800018310547,178.7899932861328,176.41600036621094,176.6790008544922,176.2310012817383,0.01085146406843296,0.018671925496220567,0.01680001395089281,-0.004754129854271261,53.230518334394475,1.0792339009810965,1.0096975058147448,3
2024-06-07,TSLA,176.1300048828125,179.35000610351562,175.5800018310547,177.47999572753906,56244900,173.7899932861328,177.94000244140625,175.0,174.77000427246094,176.2899932861328,178.0800018310547,176.2959991455078,177.0529998779297,176.5065010070801,0.010770993206370495,0.014357605092133855,-0.0025851787543875737,-0.003369306476562417,50.0218125387131,0.8993114726733222,1.0055153476778735,4
2024-06-10,TSLA,176.05999755859375,178.57000732421875,173.1699981689453,173.7899932861328,50869700,170.66000366210938,177.47999572753906,177.94000244140625,175.0,174.77000427246094,176.2899932861328,175.7959991455078,176.50799865722655,176.77250061035156,0.01377244884532316,0.011754917930226216,-0.020791089307163446,-0.014181179279656009,48.76595355094747,0.8621641107793352,0.983127990417509,0
2024-06-11,TSLA,173.9199981689453,174.75,167.41000366210938,170.66000366210938,64761900,177.2899932861328,173.7899932861328,177.47999572753906,177.94000244140625,175.0,174.77000427246094,174.9739990234375,175.8989990234375,176.71100082397462,0.015321462142441,0.012240209424024977,-0.018010183238054034,-0.023516624763275762,29.287928102833533,1.0803830809899861,0.9657576657160537,1
2024-06-12,TSLA,171.1199951171875,180.5500030517578,169.8000030517578,177.2899932861328,90389400,182.47000122070312,170.66000366210938,173.7899932861328,177.47999572753906,177.94000244140625,175.0,175.43199768066407,176.00899810791014,176.69800033569337,0.0250705427248674,0.01813388212639399,0.03884911216309472,0.013085675920758932,46.349029118158136,1.3606595034997437,1.0033503092808904,2
2024-06-13,TSLA,188.38999938964844,191.0800018310547,181.22999572753903,182.47000122070312,118984100,178.00999450683594,177.2899932861328,170.66000366210938,173.7899932861328,177.47999572753906,177.94000244140625,176.33799743652344,176.3769989013672,177.12200012207032,0.02731244673758557,0.01986705227463459,0.029217711832219218,0.025458012347665093,61.66176996352645,1.5604472131147542,1.0301938838481217,3
2024-06-14,TSLA,185.8000030517578,186.0,176.9199981689453,178.00999450683594,82038200,187.44000244140625,182.47000122070312,177.2899932861328,170.66000366210938,173.7899932861328,177.47999572753906,176.44399719238282,176.3699981689453,177.28050003051757,0.03046450065202672,0.02155805156205258,-0.024442410719736185,0.002986245165965018,48.30995943567195,1.007733083924978,1.0041149166219228,4
2024-06-17,TSLA,177.9199981689453,188.80999755859372,177.0,187.44000244140625,109786100,184.8600006103516,178.00999450683594,182.47000122070312,177.2899932861328,170.66000366210938,173.7899932861328,179.1739990234375,177.48499908447266,177.77949981689454,0.034841762341794084,0.02681128914047409,0.052974598199923895,0.07854312493585103,62.33557091412606,1.1780643261638293,1.0543398009020253,0
2024-06-18,TSLA,186.55999755859372,187.1999969482422,182.3699951171875,184.8600006103516,68982300,181.57000732421875,187.44000244140625,178.00999450683594,182.47000122070312,177.2899932861328,170.66000366210938,182.01399841308594,178.4939987182617,178.275,0.03385193012906791,0.027179709617262567,-0.013764414198944364,0.08320635558145684,59.55898557800207,0.7335731563288195,1.03693731936812,1
2024-06-20,TSLA,184.67999267578125,185.2100067138672,179.66000366210938,181.57000732421875,55893100,183.00999450683597,184.8600006103516,187.44000244140625,178.00999450683594,182.47000122070312,177.2899932861328,182.87000122070313,179.1509994506836,178.02350006103515,0.03400900274244045,0.0281953493035024,-0.017797215597047944,0.02414131761615179,53.01912949987688,0.6414411093549955,1.0199215680062896,3
2024-06-21,TSLA,182.3000030517578,183.9499969482422,180.69000244140625,183.00999450683597,63029500,182.5800018310547,181.57000732421875,184.8600006103516,187.44000244140625,178.00999450683594,182.47000122070312,182.97799987792968,179.65799865722656,178.1684997558594,0.031496157600934466,0.027887359758346438,0.007930754665036233,0.0029593537705943085,55.270465933122345,0.8299269584746183,1.0271736853462357,4
2024-06-24,TSLA,184.97000122070312,188.8000030517578,182.5500030517578,182.5800018310547,61992100,187.3500061035156,183.00999450683597,181.57000732421875,184.8600006103516,187.44000244140625,178.00999450683594,183.89200134277343,180.16799926757812,178.6104995727539,0.028439358050016423,0.02788206706669097,-0.0023495584322593688,0.02567275695322402,56.92580077607839,0.8617599770464611,1.0222243500118753,0
2024-06-25,TSLA,184.3999938964844,187.97000122070312,182.00999450683597,187.3500061035156,63678300,196.3699951171875,182.5800018310547,183.00999450683597,181.57000732421875,184.8600006103516,187.44000244140625,183.8740020751953,181.5240005493164,179.0159996032715,0.017728210568954805,0.027342057331667897,0.026125557150967094,-0.0004801341054121444,62.92643323995969,1.0153589903286389,1.0465545343361131,1
2024-06-26,TSLA,186.5399932861328,197.75999450683597,186.3600006103516,196.3699951171875,95737100,197.4199981689453,187.3500061035156,182.5800018310547,183.00999450683597,181.57000732421875,184.8600006103516,186.1760009765625,184.09499969482422,179.99699935913085,0.025570977538691687,0.028367612284844336,0.0481451226037759,0.062263304494392546,68.59878322738496,1.4065329513904294,1.0909626039120195,2
2024-06-27,TSLA,195.1699981689453,198.72000122070312,194.0500030517578,197.4199981689453,72746500,197.8800048828125,196.3699951171875,187.3500061035156,182.5800018310547,183.00999450683597,181.57000732421875,189.34599914550782,186.10800018310547,181.05849914550782,0.02028382400752191,0.027121965402771314,0.0053470646120412635,0.08729410257953107,67.53059929215233,1.018335113464088,1.090365816024403,3
2024-06-28,TSLA,199.5500030517578,203.1999969482422,195.25999450683597,197.8800048828125,95438100,209.8600006103516,197.4199981689453,196.3699951171875,187.3500061035156,182.5800018310547,183.00999450683597,192.32000122070312,187.6490005493164,182.01299972534179,0.021052679500483697,0.026455112285801063,0.002330091774560339,0.08125244971482193,68.35854540521076,1.2248464483751083,1.0871751203563156,4
2024-07-01,TSLA,201.0200042724609,213.22999572753903,200.8500061035156,209.8600006103516,135691400,231.25999450683597,197.8800048828125,197.4199981689453,196.3699951171875,187.3500061035156,182.5800018310547,197.7760009765625,190.83400115966796,183.60199966430665,0.02568639276885845,0.028300510342414296,0.06054171938510833,0.1494139473420517,78.24590533763876,1.4644282194748273,1.143015876700986,0
2024-07-02,TSLA,218.88999938964844,231.3000030517578,218.05999755859372,231.25999450683597,205047900,246.38999938964844,209.8600006103516,197.8800048828125,197.4199981689453,196.3699951171875,187.3500061035156,206.55799865722656,195.21600036621095,186.3504997253418,0.041477474283798034,0.03785856463934492,0.10197271435359356,0.23437409646551588,86.89722705072543,1.6955608183759163,1.2409947644234138,1
2024-07-03,TSLA,234.55999755859372,248.3500061035156,234.25,246.38999938964844,166561500,251.5200042724609,231.25999450683597,209.8600006103516,197.8800048828125,197.4199981689453,196.3699951171875,216.56199951171874,201.36900024414064,189.93149948120117,0.04264716072782459,0.037863744209712315,0.06542422054051045,0.25472325465308776,88.12624686977591,1.2329022951495325,1.2972571693619221,2
2024-07-05,TSLA,249.80999755859372,252.3699951171875,242.4600067138672,251.5200042724609,154501200,252.94000244140625,246.38999938964844,231.25999450683597,209.8600006103516,197.8800048828125,197.4199981689453,227.3820007324219,208.36399993896484,193.75749969482422,0.03928680931548998,0.034272620424402406,0.02082067005771493,0.27403508563108514,88.11969145468986,1.02015992021553,1.2981175163212517,4
2024-07-08,TSLA,247.7100067138672,259.44000244140625,244.57000732421875,252.94000244140625,157219600,262.3299865722656,251.5200042724609,246.38999938964844,231.25999450683597,209.8600006103516,197.8800048828125,238.3940002441406,215.35700073242188,197.50749969482422,0.03829182952346578,0.0344700462558283,0.005645666924397386,0.2782494249037497,92.80248031636756,0.959801304385623,1.2806602424324784,0
2024-07-09,TSLA,251.0,265.6099853515625,250.3000030517578,262.3299865722656,160210900,263.260009765625,252.94000244140625,251.5200042724609,246.38999938964844,231.25999450683597,209.8600006103516,248.88799743652345,223.33199920654297,201.74999923706054,0.03824694726878217,0.03209993482680701,0.03712336538398886,0.2500237577876281,92.79918768580795,0.9496330409982394,1.3002725529828743,1
2024-07-10,TSLA,262.79998779296875,267.5899963378906,257.8599853515625,263.260009765625,128519400,241.02999877929688,262.3299865722656,252.94000244140625,251.5200042724609,246.38999938964844,231.25999450683597,255.28800048828126,230.9229995727539,206.22350006103517,0.02560287612943454,0.03372986038342462,0.003545241645880992,0.13837246397514336,95.6663714097442,0.8377919736911753,1.276576188881039,2
2024-07-11,TSLA,263.29998779296875,271.0,239.6499938964844,241.02999877929688,221707300,248.22999572753903,263.260009765625,262.3299865722656,252.94000244140625,251.5200042724609,246.38999938964844,254.21600036621095,235.38899993896484,209.74199981689452,0.04724011542727867,0.050109431679299175,-0.08444127539962887,-0.02175413216294997,78.37373169870021,1.3483247267193281,1.1491737419768902,3
2024-07-12,TSLA,235.8000030517578,251.83999633789065,233.08999633789065,248.22999572753903,155955800,252.63999938964844,241.02999877929688,263.260009765625,262.3299865722656,252.94000244140625,251.5200042724609,253.55799865722656,240.46999969482422,213.28899993896485,0.048558237020834116,0.04981229966317607,0.029871787680814554,-0.013080504488851452,79.50063152663797,0.9467784019921978,1.1638199616415894,4
2024-07-15,TSLA,255.97000122070312,265.6000061035156,251.72999572753903,252.63999938964844,146912900,256.5599975585937,248.22999572753903,241.02999877929688,263.260009765625,262.3299865722656,252.94000244140625,253.497998046875,245.9459991455078,216.7974998474121,0.0493102466697547,0.0492928792079753,0.01776579679334911,-0.0011860640818460721,80.58853720308522,0.9031830935036407,1.1653270889538083,0
2024-07-16,TSLA,255.30999755859372,258.6199951171875,245.8000030517578,256.5599975585937,126332500,248.5,252.63999938964844,248.22999572753903,241.02999877929688,263.260009765625,262.3299865722656,252.34400024414063,250.61599884033203,220.725,0.04617531197248806,0.04780348943240649,0.015516142251486453,-0.021995156135466987,80.44338140202575,0.8104181284760271,1.162351331107005,1
2024-07-17,TSLA,252.72999572753903,258.4700012207031,246.17999267578125,248.5,115584800,249.22999572753903,256.5599975585937,252.63999938964844,248.22999572753903,241.02999877929688,263.260009765625,249.39199829101562,252.33999938964843,223.7779998779297,0.047461680023195035,0.040912762813010005,-0.03141564404151875,-0.056066281311641375,73.1257185343551,0.7539844118663529,1.1104755612059993,2
2024-07-18,TSLA,251.08999633789065,257.1400146484375,247.1999969482422,249.22999572753903,110869000,239.1999969482422,248.5,256.5599975585937,252.63999938964844,248.22999572753903,241.02999877929688,251.031997680664,252.6239990234375,226.99649963378906,0.023472267824232146,0.03559106710223994,0.002937608561525362,0.034020648839444334,73.0491995755399,0.8454827615132958,1.0979464270577697,3
2024-07-19,TSLA,247.7899932861328,249.44000244140625,236.8300018310547,239.1999969482422,87403900,251.50999450683597,249.22999572753903,248.5,256.5599975585937,252.63999938964844,248.22999572753903,249.2259979248047,251.39199829101562,229.87799911499025,0.02702000363542335,0.03715707411849075,-0.0402439471622098,-0.03637754878426658,66.93997613593586,0.7443658532888006,1.0405519356751878,4
2024-07-22,TSLA,244.2100067138672,253.2100067138672,243.75,251.50999450683597,101225400,246.3800048828125,239.1999969482422,249.22999572753903,248.5,256.5599975585937,252.63999938964844,248.9999969482422,251.2489974975586,233.30299911499023,0.037093637940735814,0.041140542421927856,0.05146320115237035,-0.004472786912375071,67.02918921670727,0.9348216046970201,1.078040125763115,0
2024-07-23,TSLA,253.6000061035156,255.75999450683597,245.6300048828125,246.3800048828125,111928200,215.9900054931641,251.50999450683597,239.1999969482422,249.22999572753903,248.5,256.5599975585937,246.96399841308593,249.65399932861328,236.4929992675781,0.036728900447957846,0.03939026946413561,-0.020396762498772314,-0.03967879939450136,57.130734656980216,1.0619146116980793,1.0418067581106187,1
2024-07-24,TSLA,225.4199981689453,225.9900054931641,214.7100067138672,215.9900054931641,167942900,220.25,246.3800048828125,251.50999450683597,239.1999969482422,249.22999572753903,248.5,240.46199951171874,244.9269989013672,237.92499923706055,0.0643203649443982,0.053903182179447624,-0.12334604589403686,-0.1308249275929011,37.46702085980157,1.4493594242291705,0.9078071080624817,2
2024-07-25,TSLA,216.8000030517578,226.0,216.22999572753903,220.25,100636500,219.8000030517578,215.9900054931641,246.3800048828125,251.50999450683597,239.1999969482422,249.22999572753903,234.66600036621094,242.8489990234375,239.11899948120117,0.06660053355585155,0.049577363543512235,0.01972310939623889,-0.11627812151158678,37.01519504855351,0.8841150521078496,0.9210895013690261,3
2024-07-26,TSLA,221.19000244140625,222.27999877929688,215.3300018310547,219.8000030517578,94604100,232.1000061035156,220.25,215.9900054931641,246.3800048828125,251.50999450683597,239.1999969482422,230.78600158691407,240.00599975585936,240.2379997253418,0.06625498253936073,0.047880128617987634,-0.0020431189477511102,-0.08110365444813161,36.1269244198012,0.8207358158966341,0.9149260454343182,4
2024-07-29,TSLA,224.8999938964844,234.2700042724609,224.6999969482422,232.1000061035156,129201800,222.6199951171875,219.8000030517578,220.25,215.9900054931641,246.3800048828125,251.50999450683597,226.90400390625,237.9520004272461,241.94899978637696,0.06740194296356249,0.051793555246287676,0.055959976710561854,-0.07717382540355788,37.646105859948364,1.0689964728572172,0.9592931002336968,0
2024-07-30,TSLA,232.25,232.41000366210935,220.0,222.6199951171875,100560300,232.07000732421875,232.1000061035156,219.8000030517578,220.25,215.9900054931641,246.3800048828125,222.152001953125,234.55800018310546,242.58699951171874,0.06849695901437247,0.0521143727921306,-0.04084450985365362,-0.09643643678360236,34.47669345172939,0.8479723940948377,0.9176913666654808,1
2024-07-31,TSLA,227.8999938964844,234.67999267578125,226.7899932861328,232.07000732421875,67497000,216.8600006103516,222.6199951171875,232.1000061035156,219.8000030517578,220.25,215.9900054931641,225.36800231933594,232.91500091552734,242.62750015258788,0.03828362650957767,0.054371698088393226,0.04244907202543402,0.07444789769017146,46.20725032785987,0.6852491483751157,0.9564868251878721,2
2024-08-01,TSLA,227.69000244140625,231.8699951171875,214.3300018310547,216.8600006103516,83861900,207.6699981689453,232.07000732421875,222.6199951171875,232.1000061035156,219.8000030517578,220.25,224.69000244140625,229.6780014038086,241.15100021362304,0.052156936359141766,0.05742657847204699,-0.06554059651757438,-0.015391597682853142,37.5644200813544,0.8814113444928594,0.8992705832372525,3
2024-08-02,TSLA,214.8800048828125,216.1300048828125,205.77999877929688,207.6699981689453,82880100,198.8800048828125,216.8600006103516,232.07000732421875,222.6199951171875,232.1000061035156,219.8000030517578,222.26400146484374,226.5250015258789,238.95849990844727,0.05519521748425459,0.05754585197804223,-0.04237758192170549,-0.05518655466058464,32.82407762481817,0.8931024085934279,0.8690630308129252,4
2024-08-05,TSLA,185.22000122070312,203.8800048828125,182.0,198.8800048828125,100308800,200.63999938964844,207.6699981689453,216.8600006103516,232.07000732421875,222.6199951171875,232.1000061035156,215.62000122070313,221.26200256347656,236.25550003051757,0.04163648841563634,0.053461606579741854,-0.04232673647438423,-0.14312796358086743,28.759760938893137,1.152688262985681,0.8418005289067251,0
2024-08-06,TSLA,200.75,202.8999938964844,192.6699981689453,200.63999938964844,73783900,191.75999450683597,198.8800048828125,207.6699981689453,216.8600006103516,232.07000732421875,222.6199951171875,211.2240020751953,216.68800201416016,233.1710006713867,0.04417336633682518,0.05434409665390162,0.008849529684359148,-0.09873325042509662,31.51838037164366,0.903479940450374,0.8604843604561917,1
2024-08-07,TSLA,200.7700042724609,203.4900054931641,191.47999572753903,191.75999450683597,71159800,198.83999633789065,200.63999938964844,198.8800048828125,207.6699981689453,216.8600006103516,232.07000732421875,203.16199951171876,214.26500091552734,229.59599990844725,0.027507437090092703,0.04176119084716064,-0.044258397676563255,-0.17369764099273177,29.121558097147144,0.8636013344838341,0.8352061646688156,2
2024-08-08,TSLA,195.6999969482422,200.6999969482422,192.0399932861328,198.83999633789065,65033900,200.0,191.75999450683597,200.63999938964844,198.8800048828125,207.6699981689453,216.8600006103516,199.5579986572266,212.1240005493164,227.48649978637695,0.0374283369740991,0.043487331796486506,0.036921162045623124,-0.08309510385383989,35.01633567249303,0.8270529152407441,0.8740738308629873,3
2024-08-09,TSLA,197.0500030517578,200.8800048828125,195.1100006103516,200.0,58648300,197.4900054931641,198.83999633789065,191.75999450683597,200.63999938964844,198.8800048828125,207.6699981689453,198.0239990234375,210.1440002441406,225.075,0.03528863247218676,0.04370460379013088,0.005833854775063152,-0.036933588079995805,29.150818160291465,0.7948330693751496,0.8885926913251139,4
2024-08-12,TSLA,199.0200042724609,199.25999450683597,194.6699981689453,197.4900054931641,64044900,207.8300018310547,200.0,198.83999633789065,191.75999450683597,200.63999938964844,198.8800048828125,197.74599914550782,206.68300018310546,222.31750030517577,0.029943329237258842,0.03738419796857145,-0.012549972534179554,-0.00698913593886652,29.782486254661308,0.9625867373992547,0.8883241545180612,0
2024-08-13,TSLA,198.47000122070312,208.4900054931641,197.05999755859372,207.8300018310547,76247400,201.3800048828125,197.4900054931641,200.0,198.83999633789065,191.75999450683597,200.63999938964844,199.18399963378909,205.2040008544922,219.88100051879883,0.03860485950721397,0.041700310038731606,0.052357061371637315,0.03583533923085325,45.95478763720576,1.1375648508672493,0.9451930878097227,1
2024-08-14,TSLA,207.38999938964844,208.44000244140625,198.75,201.3800048828125,70250000,214.13999938964844,207.8300018310547,197.4900054931641,200.0,198.83999633789065,191.75999450683597,201.10800170898438,202.13500061035157,217.52500076293944,0.03438069810236419,0.038557669669382004,-0.0310349655555765,0.05016693080700718,40.84425435989649,1.0509403110783322,0.9257786653327178,2
2024-08-15,TSLA,205.0200042724609,215.8800048828125,204.82000732421875,214.13999938964844,89848500,216.1199951171875,201.3800048828125,207.8300018310547,197.4900054931641,200.0,198.83999633789065,204.16800231933593,201.86300048828124,215.77050094604493,0.04091143458837138,0.04068276039866532,0.06336276788880446,0.07694630523809876,47.546808736343344,1.2512355896614045,0.9924433527787739,3
2024-08-16,TSLA,211.1499938964844,219.8000030517578,210.8000030517578,216.1199951171875,88765100,222.72000122070312,214.13999938964844,201.3800048828125,207.8300018310547,197.4900054931641,200.0,207.39200134277343,202.70800018310547,214.6165008544922,0.04073600370774175,0.03796613098991125,0.009246267550119258,0.08059997558593746,42.39336934198076,1.1404825161329946,1.0070054923862293,4
2024-08-19,TSLA,217.07000732421875,222.97999572753903,214.08999633789065,222.72000122070312,76435200,221.1000061035156,216.1199951171875,214.13999938964844,201.3800048828125,207.8300018310547,197.4900054931641,212.43800048828126,205.09199981689454,213.17700119018554,0.03754606597532414,0.03481181745747432,0.030538618603692225,0.1277532787775042,50.048945820247994,0.9517609679782799,1.0447656171971564,0
2024-08-20,TSLA,224.8800048828125,228.22000122070312,219.55999755859372,221.1000061035156,74001200,223.2700042724609,222.72000122070312,216.1199951171875,214.13999938964844,201.3800048828125,207.8300018310547,215.09200134277344,207.13800048828125,211.9130012512207,0.03608392075263746,0.03533954387074132,-0.007273684933138069,0.06385028222849232,44.18530542655219,0.9266366140746306,1.04335271926711,1
2024-08-21,TSLA,222.6699981689453,224.66000366210935,218.8600006103516,223.2700042724609,70146000,210.66000366210935,221.1000061035156,222.72000122070312,216.1199951171875,214.13999938964844,201.3800048828125,219.47000122070312,210.28900146484375,212.27700119018556,0.027148481546748832,0.029757604743966562,0.009814554993405888,0.10869996453911446,53.942677693893074,0.8785909678453692,1.0517861238883168,2
2024-08-22,TSLA,223.82000732421875,224.8000030517578,210.32000732421875,210.66000366210935,79514500,220.32000732421875,223.2700042724609,221.1000061035156,222.72000122070312,216.1199951171875,214.13999938964844,218.7740020751953,211.47100219726562,211.79750137329103,0.0328523802500885,0.03630233865863595,-0.056478704568676985,-0.016251030809087186,51.76484850275229,1.0223999773698638,0.9946293147756411,3
2024-08-23,TSLA,214.4600067138672,221.47999572753903,214.2100067138672,220.32000732421875,81525200,213.2100067138672,210.66000366210935,223.2700042724609,221.1000061035156,222.72000122070312,216.1199951171875,219.61400451660157,213.5030029296875,211.82350158691406,0.039602986484250424,0.03838182952554487,0.0458558981020607,0.019433704895069237,62.52629458132823,1.0681404457446253,1.0401112514600674,4
2024-08-26,TSLA,218.75,219.08999633789065,211.00999450683597,213.2100067138672,59301200,209.2100067138672,220.32000732421875,210.66000366210935,223.2700042724609,221.1000061035156,222.72000122070312,217.71200561523438,215.07500305175782,210.87900161743164,0.03923517801471834,0.040156755173833686,-0.0322712435275504,-0.04269932855025471,56.91191484477417,0.8134860918641789,1.0110537563178734,0
2024-08-27,TSLA,213.25,215.66000366210935,206.94000244140625,209.2100067138672,62821400,205.75,213.2100067138672,220.32000732421875,210.66000366210935,223.2700042724609,221.1000061035156,215.3340057373047,215.21300354003907,210.20850219726563,0.03951218562879067,0.0377336506665617,-0.018760845523390857,-0.05377656744198234,60.1394623372957,0.8890450634757237,0.9952499757480722,1
2024-08-28,TSLA,209.72000122070312,211.83999633789065,202.58999633789065,205.75,64116400,206.27999877929688,209.2100067138672,213.2100067138672,220.32000732421875,210.66000366210935,223.2700042724609,211.8300048828125,215.6500030517578,208.8925018310547,0.03787047132706366,0.03661527360352192,-0.01653843794670573,-0.0784700315187924,54.19143775087316,0.9231260080160402,0.9849563684502365,2
2024-08-29,TSLA,209.8000030517578,214.88999938964844,205.97000122070312,206.27999877929688,62308800,214.1100006103516,205.75,209.2100067138672,213.2100067138672,220.32000732421875,210.66000366210935,210.95400390625,214.86400299072267,208.36350173950194,0.03042640027129304,0.029856442914162167,0.002575935743848623,-0.020791820025968688,53.83863063353457,0.943863933129944,0.9900006337827347,3
2024-08-30,TSLA,208.6300048828125,214.57000732421875,207.02999877929688,214.1100006103516,63370600,210.6000061035156,206.27999877929688,205.75,209.2100067138672,213.2100067138672,220.32000732421875,209.71200256347657,214.66300354003906,208.68550186157228,0.02724051646075539,0.03246660897244288,0.03795812428442069,-0.028186304046044386,59.5385652253719,1.0158201632221762,1.0259936540890011,4
2024-09-03,TSLA,215.25999450683597,219.8999938964844,209.63999938964844,210.6000061035156,76714200,219.41000366210935,214.1100006103516,206.27999877929688,205.75,209.2100067138672,213.2100067138672,209.19000244140625,213.4510040283203,209.27150192260743,0.024066496244765923,0.030839393738571863,-0.01639341692041585,-0.012241454566690568,51.72499969117529,1.1646961085399083,1.0063482326485116,1
2024-09-04,TSLA,210.58999633789065,222.22000122070312,210.57000732421875,219.41000366210935,80651800,230.1699981689453,210.6000061035156,214.1100006103516,206.27999877929688,205.75,209.2100067138672,211.2300018310547,213.2820037841797,210.21000213623046,0.028508511099637993,0.034191393593908964,0.04183284569452206,0.04875482348314497,60.90744108334637,1.1615880549069626,1.0437657648655398,2
2024-09-05,TSLA,223.4900054931641,235.0,222.25,230.1699981689453,119355000,210.72999572753903,219.41000366210935,210.6000061035156,214.1100006103516,206.27999877929688,205.75,216.11400146484374,213.9720031738281,212.13050231933593,0.0283968184067568,0.03755753767162944,0.04904058305110981,0.11868771892561503,59.938003715084974,1.4830377902208844,1.0850396131267024,3
2024-09-06,TSLA,232.6000061035156,233.6000061035156,210.50999450683597,210.72999572753903,112177000,216.2700042724609,230.1699981689453,219.41000366210935,210.6000061035156,214.1100006103516,206.27999877929688,217.00400085449218,213.9790023803711,212.72500228881836,0.05665982637741414,0.04316172811508628,-0.08445932396079381,0.021572605073569395,47.25308360201979,1.2401590559238471,0.9906216639331813,4
2024-09-09,TSLA,216.1999969482422,219.8699951171875,213.6699981689453,216.2700042724609,67443500,226.1699981689453,210.72999572753903,230.1699981689453,219.41000366210935,210.6000061035156,214.1100006103516,217.43600158691407,213.57400207519532,213.53850250244142,0.05521554475479188,0.04129985558936818,0.026289605928169646,0.01008828945846485,46.67697231044787,0.7389586526756826,1.0127916124633696,0
2024-09-10,TSLA,220.07000732421875,226.3999938964844,218.63999938964844,226.1699981689453,78891100,228.1300048828125,216.2700042724609,210.72999572753903,230.1699981689453,219.41000366210935,210.6000061035156,220.55,214.87000122070313,214.97250213623047,0.05666374675081267,0.042115463846182165,0.04577608406578748,0.07393158411294931,52.406717923332884,0.8602828152588861,1.0520880388023715,1
2024-09-11,TSLA,224.5500030517578,228.47000122070312,216.8000030517578,228.1300048828125,83548600,229.80999755859372,226.1699981689453,216.2700042724609,210.72999572753903,230.1699981689453,219.41000366210935,222.29400024414062,216.76200103759766,215.98750228881835,0.054748050800505356,0.041152880545551954,0.008666077418469476,0.03974295189444477,52.3116438977551,0.9053516225733352,1.0562185425791777,2
2024-09-12,TSLA,224.66000366210935,231.4499969482422,223.8300018310547,229.80999755859372,72020000,230.2899932861328,228.1300048828125,226.1699981689453,216.2700042724609,210.72999572753903,230.1699981689453,222.2220001220703,219.16800079345703,217.40900192260742,0.05011650882276731,0.04015617897625921,0.007364189890953776,-0.0015640640101467485,60.16561917407167,0.8696382971221517,1.0570399363702556,3
2024-09-13,TSLA,228.0,232.6699981689453,226.32000732421875,230.2899932861328,59515100,226.77999877929688,229.80999755859372,228.1300048828125,226.1699981689453,216.2700042724609,210.72999572753903,226.13399963378907,221.56900024414062,218.21650161743165,0.017983567470093297,0.04016899683129508,0.0020886633855723424,0.09282018675634407,55.86400812031126,0.823354821822802,1.0553280415514492,4
2024-09-16,TSLA,229.3000030517578,229.9600067138672,223.52999877929688,226.77999877929688,54323000,227.8699951171875,230.2899932861328,229.80999755859372,228.1300048828125,226.1699981689453,216.2700042724609,228.23599853515626,222.83600006103515,218.7495018005371,0.022293616878984675,0.039843659063353125,-0.015241628421408637,0.048596635220829354,58.33435327259929,0.7798355315480029,1.0367109269399948,0
2024-09-17,TSLA,229.4499969482422,234.57000732421875,226.5500030517578,227.8699951171875,66761600,227.1999969482422,226.77999877929688,230.2899932861328,229.80999755859372,228.1300048828125,226.1699981689453,228.57599792480468,224.56299896240233,219.00700149536132,0.00971204914688535,0.03904644668691056,0.004806404196833203,0.00751645647966237,61.88534524231834,0.9929788144807229,1.0404689967047192,1
2024-09-18,TSLA,230.08999633789065,235.67999267578125,226.8800048828125,227.1999969482422,78010200,243.9199981689453,227.8699951171875,226.77999877929688,230.2899932861328,229.80999755859372,228.1300048828125,228.38999633789064,225.3419982910156,219.31200103759767,0.00893826478405319,0.03734431627260916,-0.0029402649901351108,-0.0040766576717869984,64.16589862122657,1.1797208903368994,1.0359670053317886,2
2024-09-19,TSLA,234.0,244.2400054931641,232.1300048828125,243.9199981689453,102694600,238.25,227.1999969482422,227.8699951171875,226.77999877929688,230.2899932861328,229.80999755859372,231.21199645996094,226.7169982910156,220.34450073242186,0.03502769484076709,0.0412291833054143,0.07359155565707187,0.061398549933642466,70.47878571225766,1.4211641427106498,1.1069938090497329,3
2024-09-20,TSLA,241.5200042724609,243.9900054931641,235.9199981689453,238.25,99879100,250.0,243.9199981689453,227.1999969482422,227.8699951171875,226.77999877929688,230.2899932861328,232.8039978027344,229.46899871826173,221.7240005493164,0.03855758227268854,0.028912809597326908,-0.02324531900421767,0.034565143714155866,63.44996998061106,1.2433026239299323,1.0745341028023163,4
2024-09-23,TSLA,242.6100006103516,250.0,241.9199981689453,250.0,86927200,254.2700042724609,238.25,243.9199981689453,227.1999969482422,227.8699951171875,226.77999877929688,237.447998046875,232.8419982910156,223.20800018310547,0.03986974727441307,0.03095876362720536,0.04931794333683115,0.10238998741375305,70.1061450043107,1.0008365711222464,1.1200315391693672,0
2024-09-24,TSLA,254.0800018310547,257.19000244140625,249.0500030517578,254.2700042724609,88491000,257.0199890136719,250.0,238.25,243.9199981689453,227.1999969482422,227.8699951171875,242.72799987792968,235.6519989013672,225.26100006103516,0.039046211739459165,0.02906290577328005,0.017080017089843746,0.11585557432296678,68.6536843922195,0.9702915841834939,1.1287795233243467,1
2024-09-25,TSLA,252.5399932861328,257.04998779296875,252.27999877929688,257.0199890136719,65034300,254.22000122070312,254.2700042724609,250.0,238.25,243.9199981689453,227.1999969482422,248.69199829101564,238.54099731445314,227.6514991760254,0.03722477869156963,0.029042229399912963,0.010815214909361659,0.13124996683966894,65.71461895258915,0.733978035610535,1.1290063537641721,2
2024-09-26,TSLA,260.6000061035156,261.75,251.52999877929688,254.22000122070312,67142200,260.4599914550781,257.0199890136719,254.2700042724609,250.0,238.25,243.9199981689453,250.7519989013672,240.98199768066405,230.07499923706055,0.0279683298156006,0.02995116459196289,-0.01089404681602335,0.04222697248719953,81.61072033102208,0.8238836460160138,1.1049440489566817,3
2024-09-27,TSLA,257.3800048828125,260.70001220703125,254.1199951171875,260.4599914550781,70988100,261.6300048828125,254.22000122070312,257.0199890136719,254.2700042724609,250.0,238.25,255.19399719238282,243.9989974975586,232.78399887084962,0.021856593625018315,0.030088845832244138,0.024545630573566513,0.09322137022068477,81.79595805355754,0.9375505173504977,1.1188913014574655,4
2024-09-30,TSLA,259.0400085449219,264.8599853515625,255.7700042724609,261.6300048828125,80705700,258.0199890136719,260.4599914550781,254.22000122070312,257.0199890136719,254.2700042724609,250.0,257.51999816894534,247.48399810791017,235.15999908447264,0.013473368763709173,0.02865977280085083,0.004492104223754234,0.04652001953125007,79.18040464946327,1.0837015017403795,1.1125616852415086,0
2024-10-01,TSLA,262.6700134277344,263.9800109863281,248.52999877929688,258.0199890136719,87397600,249.0200042724609,261.6300048828125,260.4599914550781,254.22000122070312,257.0199890136719,254.2700042724609,258.2699951171875,250.4989974975586,237.53099822998047,0.015833004424229392,0.02995220422255226,-0.013798172234708361,0.014748042152831653,73.9464805261485,1.1770153035045583,1.0862581765595651,1
2024-10-02,TSLA,247.5500030517578,251.16000366210935,241.5,249.0200042724609,93983900,240.66000366210935,258.0199890136719,261.6300048828125,260.4599914550781,254.22000122070312,257.0199890136719,256.6699981689453,252.68099822998047,239.01149826049806,0.02214687028707002,0.03334011661681299,-0.03488095932262858,-0.031125924376198655,63.77457070000303,1.1741603003366918,1.041874579611457,2
2024-10-03,TSLA,244.47999572753903,249.7899932861328,237.80999755859372,240.66000366210935,80729200,250.0800018310547,249.0200042724609,258.0199890136719,261.6300048828125,260.4599914550781,254.22000122070312,253.95799865722657,252.35499877929686,239.53599853515624,0.025448308880665196,0.02717533715546606,-0.03357160254966751,-0.05333961723500091,56.680849357099625,0.9754509677879288,1.004692426749327,3
2024-10-04,TSLA,246.69000244140625,250.9600067138672,244.5800018310547,250.0800018310547,86573200,240.8300018310547,240.66000366210935,249.0200042724609,258.0199890136719,261.6300048828125,260.4599914550781,251.8820007324219,253.53799896240236,241.50349884033204,0.0307741066343494,0.028627025369493138,0.03914235030998836,-0.03985253000291866,63.9487609994583,1.0080961439215108,1.035512955430898,4
2024-10-07,TSLA,249.0,249.8300018310547,240.6999969482422,240.8300018310547,68113300,244.5,250.0800018310547,240.66000366210935,249.0200042724609,258.0199890136719,261.6300048828125,247.7220001220703,252.62099914550782,242.73149871826172,0.03221521312925551,0.02680883374764488,-0.03698816351676526,-0.07950159639019383,57.06806822983856,0.8171036177786223,0.9921662540821944,0
2024-10-08,TSLA,243.55999755859372,246.2100067138672,240.55999755859372,244.5,56303200,241.0500030517578,240.8300018310547,250.0800018310547,240.66000366210935,249.0200042724609,258.0199890136719,245.01800231933595,251.6439987182617,243.64799880981445,0.03519515112722077,0.026658418663491217,0.015238957526229946,-0.052398998485948645,59.136040968601336,0.7298780304420917,1.0034968528136798,1
2024-10-09,TSLA,243.82000732421875,247.42999267578125,239.50999450683597,241.0500030517578,66289500,238.7700042724609,244.5,240.8300018310547,250.0800018310547,240.66000366210935,249.0200042724609,243.42400207519532,250.0470001220703,244.29399871826172,0.032692303479563534,0.026325079636569108,-0.014110416966225725,-0.03200546576162955,48.2373197003196,0.9258092826872218,0.9867209359070457,2
2024-10-10,TSLA,241.80999755859372,242.7899932861328,232.33999633789065,238.7700042724609,83087100,217.8000030517578,241.0500030517578,244.5,240.8300018310547,250.0800018310547,240.66000366210935,243.04600219726564,248.5020004272461,244.74199905395508,0.029212217369964703,0.026299829481936054,-0.009458613360014523,-0.007853400485699491,50.333250735314664,1.1528145112348185,0.9755988150600273,3
2024-10-11,TSLA,220.1300048828125,223.33999633789065,214.3800048828125,217.8000030517578,142628900,219.16000366210935,238.7700042724609,241.0500030517578,244.5,240.8300018310547,250.0800018310547,236.59000244140626,244.23600158691406,244.11749954223632,0.03891252616532014,0.03454217697019302,-0.08782510719719294,-0.1290786889913097,31.54515922473996,1.7125524107756074,0.892193322724391,4
2024-10-14,TSLA,220.1300048828125,221.91000366210935,213.7400054931641,219.16000366210935,86291900,219.57000732421875,217.8000030517578,238.7700042724609,241.0500030517578,244.5,240.8300018310547,232.2560028076172,239.98900146484374,243.73649978637695,0.040792893866901485,0.034668514008850036,0.006244263504570968,-0.08998047587171931,29.182964215748115,0.992772444400675,0.8991677645908278,0
2024-10-15,TSLA,220.00999450683597,224.25999450683597,217.1199951171875,219.57000732421875,62988800,221.3300018310547,219.16000366210935,217.8000030517578,238.7700042724609,241.0500030517578,244.5,227.27000427246094,236.14400329589844,243.3215003967285,0.038441500366653544,0.035179665444310004,0.0018707960177877236,-0.10196316022814422,27.16185745211135,0.7136955563079017,0.9023863775548661,1
2024-10-16,TSLA,221.3999938964844,222.82000732421875,218.92999267578125,221.3300018310547,49632800,220.88999938964844,219.57000732421875,219.16000366210935,217.8000030517578,238.7700042724609,241.0500030517578,223.3260040283203,233.3750030517578,243.02800064086915,0.04059647006757673,0.03516019920130767,0.008015641700267029,-0.08180875739905669,29.684990346153057,0.5844247750097438,0.9107181116883797,2
2024-10-17,TSLA,221.58999633789065,222.0800018310547,217.8999938964844,220.88999938964844,50791800,220.6999969482422,221.3300018310547,219.57000732421875,219.16000366210935,217.8000030517578,238.7700042724609,219.7500030517578,231.39800262451172,241.8765007019043,0.04104303719589819,0.034330503297301605,-0.001987992760882462,-0.07488379847918236,23.672663177145495,0.6473027332310056,0.9132346414333147,3
2024-10-18,TSLA,220.7100067138672,222.27999877929688,219.22999572753903,220.6999969482422,49611900,218.8500061035156,220.88999938964844,221.3300018310547,219.57000732421875,219.16000366210935,217.8000030517578,220.3300018310547,228.46000213623046,240.9990005493164,0.004363142277980985,0.03032589793703319,-0.0008601676940163117,0.013314939650369118,22.407975633665643,0.8287512378172721,0.9157714199859498,4
2024-10-21,TSLA,218.8999938964844,220.47999572753903,215.72999572753903,218.8500061035156,47329000,217.97000122070312,220.6999969482422,220.88999938964844,221.3300018310547,219.57000732421875,219.16000366210935,220.26800231933595,226.26200256347656,239.44150085449218,0.005965428237431426,0.029026796390026387,-0.008382378207102748,-0.0014144805320942533,22.952632621495084,0.908934478900483,0.9140019809536277,0
2024-10-22,TSLA,217.30999755859372,218.22000122070312,215.25999450683597,217.97000122070312,43268700,213.6499938964844,218.8500061035156,220.6999969482422,220.88999938964844,221.3300018310547,219.57000732421875,219.9480010986328,223.60900268554687,237.6265007019043,0.006018799545439125,0.027845462557525957,-0.004021041161845984,-0.007286997541303686,25.85160499740232,0.8990554958522106,0.9172798512660013,1
2024-10-23,TSLA,217.1300048828125,218.72000122070312,212.1100006103516,213.6499938964844,80938900,260.4800109863281,217.97000122070312,218.8500061035156,220.6999969482422,220.88999938964844,221.3300018310547,218.41199951171876,220.86900177001954,235.45800094604493,0.007712582602387816,0.02797337194352561,-0.019819274670942244,-0.03469935332324525,27.585054136410832,1.4881740587915804,0.9073804799075066,2
2024-10-24,TSLA,244.67999267578125,262.1199951171875,242.6499938964844,260.4800109863281,204491900,269.19000244140625,213.6499938964844,217.97000122070312,218.8500061035156,220.6999969482422,220.88999938964844,226.3300018310547,223.04000244140624,235.77100143432617,0.10197694215430425,0.07823354573822444,0.21919035070290405,0.17922953373205086,55.32459919124996,2.402167416438853,1.1048008847639588,3
2024-10-25,TSLA,256.010009765625,269.489990234375,255.32000732421875,269.19000244140625,161611900,262.510009765625,260.4800109863281,213.6499938964844,217.97000122070312,218.8500061035156,220.6999969482422,236.0280029296875,228.1790023803711,236.20750198364257,0.09990747056648484,0.07015234765428795,0.03343823359841336,0.21971004152091478,64.60049298829496,1.502973920858626,1.1396335856430493,4
